domain,package,class_name,asset_group_code,asset_group,asset_type_code,asset_type
communications,CommunicationsUtilityNetworkFoundation,CommunicationsAssembly,0,Unknown,0,Unknown
communications,CommunicationsUtilityNetworkFoundation,CommunicationsDevice,40,Access Cable Components,1,Hub
communications,CommunicationsUtilityNetworkFoundation,CommunicationsDevice,40,Access Cable Components,5,Mid Cable Splice
communications,CommunicationsUtilityNetworkFoundation,CommunicationsDevice,40,Access Cable Components,3,Splice
communications,CommunicationsUtilityNetworkFoundation,CommunicationsDevice,40,Access Cable Components,0,Unknown
communications,CommunicationsUtilityNetworkFoundation,CommunicationsDevice,35,Distribution Cable Components,1,Hub
communications,CommunicationsUtilityNetworkFoundation,CommunicationsDevice,35,Distribution Cable Components,5,Mid Cable Splice
communications,CommunicationsUtilityNetworkFoundation,CommunicationsDevice,35,Distribution Cable Components,3,Splice
communications,CommunicationsUtilityNetworkFoundation,CommunicationsDevice,35,Distribution Cable Components,0,Unknown
communications,CommunicationsUtilityNetworkFoundation,CommunicationsDevice,45,Drop Cable Components,1,Hub
communications,CommunicationsUtilityNetworkFoundation,CommunicationsDevice,45,Drop Cable Components,5,Mid Cable Splice
communications,CommunicationsUtilityNetworkFoundation,CommunicationsDevice,45,Drop Cable Components,6,Network Interface Unit
communications,CommunicationsUtilityNetworkFoundation,CommunicationsDevice,45,Drop Cable Components,3,Splice
communications,CommunicationsUtilityNetworkFoundation,CommunicationsDevice,45,Drop Cable Components,0,Unknown
communications,CommunicationsUtilityNetworkFoundation,CommunicationsDevice,30,Regional Cable Components,1,Hub
communications,CommunicationsUtilityNetworkFoundation,CommunicationsDevice,30,Regional Cable Components,5,Mid Cable Splice
communications,CommunicationsUtilityNetworkFoundation,CommunicationsDevice,30,Regional Cable Components,3,Splice
communications,CommunicationsUtilityNetworkFoundation,CommunicationsDevice,30,Regional Cable Components,0,Unknown
communications,CommunicationsUtilityNetworkFoundation,CommunicationsDevice,0,Unknown,0,Unknown
communications,CommunicationsUtilityNetworkFoundation,CommunicationsDevice,60,Wireless Components,0,Unknown
communications,CommunicationsUtilityNetworkFoundation,CommunicationsDevice,60,Wireless Components,221,Wireless Site
communications,CommunicationsUtilityNetworkFoundation,CommunicationsEdgeObject,2,Center Conductor,2,Center Conductor
communications,CommunicationsUtilityNetworkFoundation,CommunicationsEdgeObject,2,Center Conductor,0,Unknown
communications,CommunicationsUtilityNetworkFoundation,CommunicationsEdgeObject,3,Copper Pair,3,Copper Pair
communications,CommunicationsUtilityNetworkFoundation,CommunicationsEdgeObject,3,Copper Pair,0,Unknown
communications,CommunicationsUtilityNetworkFoundation,CommunicationsEdgeObject,4,Fiber Strand,4,Fiber Strand
communications,CommunicationsUtilityNetworkFoundation,CommunicationsEdgeObject,4,Fiber Strand,0,Unknown
communications,CommunicationsUtilityNetworkFoundation,CommunicationsEdgeObject,0,Unknown,0,Unknown
communications,CommunicationsUtilityNetworkFoundation,CommunicationsEdgeObject,5,Wireless Signal,0,Unknown
communications,CommunicationsUtilityNetworkFoundation,CommunicationsEdgeObject,5,Wireless Signal,5,Wireless Signal
communications,CommunicationsUtilityNetworkFoundation,CommunicationsJunction,1,Attachment,1,Overhead
communications,CommunicationsUtilityNetworkFoundation,CommunicationsJunction,1,Attachment,3,Underground
communications,CommunicationsUtilityNetworkFoundation,CommunicationsJunction,1,Attachment,0,Unknown
communications,CommunicationsUtilityNetworkFoundation,CommunicationsJunction,2,Slack Location,1,Slack Location
communications,CommunicationsUtilityNetworkFoundation,CommunicationsJunction,2,Slack Location,0,Unknown
communications,CommunicationsUtilityNetworkFoundation,CommunicationsJunction,0,Unknown,0,Unknown
communications,CommunicationsUtilityNetworkFoundation,CommunicationsJunctionObject,12,Component,235,Mux Port
communications,CommunicationsUtilityNetworkFoundation,CommunicationsJunctionObject,12,Component,236,Mux Port - Circuit
communications,CommunicationsUtilityNetworkFoundation,CommunicationsJunctionObject,12,Component,231,Port
communications,CommunicationsUtilityNetworkFoundation,CommunicationsJunctionObject,12,Component,232,Port - Circuit
communications,CommunicationsUtilityNetworkFoundation,CommunicationsJunctionObject,12,Component,233,Splitter Port
communications,CommunicationsUtilityNetworkFoundation,CommunicationsJunctionObject,12,Component,234,Splitter Port - Circuit
communications,CommunicationsUtilityNetworkFoundation,CommunicationsJunctionObject,12,Component,0,Unknown
communications,CommunicationsUtilityNetworkFoundation,CommunicationsJunctionObject,4,Connector,1,Connector
communications,CommunicationsUtilityNetworkFoundation,CommunicationsJunctionObject,4,Connector,11,Connector - Circuit
communications,CommunicationsUtilityNetworkFoundation,CommunicationsJunctionObject,4,Connector,0,Unknown
communications,CommunicationsUtilityNetworkFoundation,CommunicationsJunctionObject,5,Equipment,23,Demux
communications,CommunicationsUtilityNetworkFoundation,CommunicationsJunctionObject,5,Equipment,43,Demux with Components
communications,CommunicationsUtilityNetworkFoundation,CommunicationsJunctionObject,5,Equipment,32,Microwave Antenna
communications,CommunicationsUtilityNetworkFoundation,CommunicationsJunctionObject,5,Equipment,52,Microwave Antenna with Components
communications,CommunicationsUtilityNetworkFoundation,CommunicationsJunctionObject,5,Equipment,22,Mux
communications,CommunicationsUtilityNetworkFoundation,CommunicationsJunctionObject,5,Equipment,42,Mux with Components
communications,CommunicationsUtilityNetworkFoundation,CommunicationsJunctionObject,5,Equipment,28,Network Interface Unit
communications,CommunicationsUtilityNetworkFoundation,CommunicationsJunctionObject,5,Equipment,27,Patch Panel
communications,CommunicationsUtilityNetworkFoundation,CommunicationsJunctionObject,5,Equipment,47,Patch Panel with Components
communications,CommunicationsUtilityNetworkFoundation,CommunicationsJunctionObject,5,Equipment,24,Splice
communications,CommunicationsUtilityNetworkFoundation,CommunicationsJunctionObject,5,Equipment,44,Splice with Components
communications,CommunicationsUtilityNetworkFoundation,CommunicationsJunctionObject,5,Equipment,25,Splitter
communications,CommunicationsUtilityNetworkFoundation,CommunicationsJunctionObject,5,Equipment,45,Splitter with Components
communications,CommunicationsUtilityNetworkFoundation,CommunicationsJunctionObject,5,Equipment,26,Switch
communications,CommunicationsUtilityNetworkFoundation,CommunicationsJunctionObject,5,Equipment,46,Switch with Components
communications,CommunicationsUtilityNetworkFoundation,CommunicationsJunctionObject,5,Equipment,0,Unknown
communications,CommunicationsUtilityNetworkFoundation,CommunicationsJunctionObject,7,Slack Loop,111,Slack Loop
communications,CommunicationsUtilityNetworkFoundation,CommunicationsJunctionObject,7,Slack Loop,0,Unknown
communications,CommunicationsUtilityNetworkFoundation,CommunicationsJunctionObject,6,Splice Case,101,Splice Case
communications,CommunicationsUtilityNetworkFoundation,CommunicationsJunctionObject,6,Splice Case,0,Unknown
communications,CommunicationsUtilityNetworkFoundation,CommunicationsJunctionObject,0,Unknown,0,Unknown
communications,CommunicationsUtilityNetworkFoundation,CommunicationsLine,40,Access Cable,1,Coaxial Cable
communications,CommunicationsUtilityNetworkFoundation,CommunicationsLine,40,Access Cable,2,Copper Cable
communications,CommunicationsUtilityNetworkFoundation,CommunicationsLine,40,Access Cable,3,Fiber Cable
communications,CommunicationsUtilityNetworkFoundation,CommunicationsLine,40,Access Cable,0,Unknown
communications,CommunicationsUtilityNetworkFoundation,CommunicationsLine,35,Distribution Cable,1,Coaxial Cable
communications,CommunicationsUtilityNetworkFoundation,CommunicationsLine,35,Distribution Cable,2,Copper Cable
communications,CommunicationsUtilityNetworkFoundation,CommunicationsLine,35,Distribution Cable,3,Fiber Cable
communications,CommunicationsUtilityNetworkFoundation,CommunicationsLine,35,Distribution Cable,0,Unknown
communications,CommunicationsUtilityNetworkFoundation,CommunicationsLine,45,Drop Cable,1,Coaxial Cable
communications,CommunicationsUtilityNetworkFoundation,CommunicationsLine,45,Drop Cable,2,Copper Cable
communications,CommunicationsUtilityNetworkFoundation,CommunicationsLine,45,Drop Cable,3,Fiber Cable
communications,CommunicationsUtilityNetworkFoundation,CommunicationsLine,45,Drop Cable,0,Unknown
communications,CommunicationsUtilityNetworkFoundation,CommunicationsLine,30,Regional Cable,2,Copper Cable
communications,CommunicationsUtilityNetworkFoundation,CommunicationsLine,30,Regional Cable,3,Fiber Cable
communications,CommunicationsUtilityNetworkFoundation,CommunicationsLine,30,Regional Cable,0,Unknown
communications,CommunicationsUtilityNetworkFoundation,CommunicationsLine,0,Unknown,0,Unknown
communications,CommunicationsUtilityNetworkFoundation,CommunicationsLine,60,Wireless Path,0,Unknown
communications,CommunicationsUtilityNetworkFoundation,CommunicationsLine,60,Wireless Path,4,Wireless Path
communications,CommunicationsUtilityNetworkFoundation,StructureBoundary,801,Building,801,Building
communications,CommunicationsUtilityNetworkFoundation,StructureBoundary,801,Building,0,Unknown
communications,CommunicationsUtilityNetworkFoundation,StructureBoundary,0,Unknown,0,Unknown
communications,CommunicationsUtilityNetworkFoundation,StructureEdgeObject,0,Unknown,0,Unknown
communications,CommunicationsUtilityNetworkFoundation,StructureEdgeObject,101,Wire Duct,41,Duct
communications,CommunicationsUtilityNetworkFoundation,StructureEdgeObject,101,Wire Duct,44,Innerduct
communications,CommunicationsUtilityNetworkFoundation,StructureEdgeObject,101,Wire Duct,43,Microduct
communications,CommunicationsUtilityNetworkFoundation,StructureEdgeObject,101,Wire Duct,42,Microduct Casing
communications,CommunicationsUtilityNetworkFoundation,StructureEdgeObject,101,Wire Duct,0,Unknown
communications,CommunicationsUtilityNetworkFoundation,StructureJunction,802,Building,801,Building
communications,CommunicationsUtilityNetworkFoundation,StructureJunction,802,Building,0,Unknown
communications,CommunicationsUtilityNetworkFoundation,StructureJunction,125,Communications Pole,581,Pole
communications,CommunicationsUtilityNetworkFoundation,StructureJunction,125,Communications Pole,582,Pole with Riser
communications,CommunicationsUtilityNetworkFoundation,StructureJunction,125,Communications Pole,0,Unknown
communications,CommunicationsUtilityNetworkFoundation,StructureJunction,111,Communications Tower,223,Combined Tower
communications,CommunicationsUtilityNetworkFoundation,StructureJunction,111,Communications Tower,221,Microwave Tower
communications,CommunicationsUtilityNetworkFoundation,StructureJunction,111,Communications Tower,224,Stealth Cell Tower
communications,CommunicationsUtilityNetworkFoundation,StructureJunction,111,Communications Tower,0,Unknown
communications,CommunicationsUtilityNetworkFoundation,StructureJunction,111,Communications Tower,222,Wireless Tower
communications,CommunicationsUtilityNetworkFoundation,StructureJunction,0,Unknown,0,Unknown
communications,CommunicationsUtilityNetworkFoundation,StructureJunction,101,Wire Cabinet,102,Communication Cabinet
communications,CommunicationsUtilityNetworkFoundation,StructureJunction,101,Wire Cabinet,101,Electric Cabinet
communications,CommunicationsUtilityNetworkFoundation,StructureJunction,101,Wire Cabinet,0,Unknown
communications,CommunicationsUtilityNetworkFoundation,StructureJunction,103,Wire Handhole,81,Handhole
communications,CommunicationsUtilityNetworkFoundation,StructureJunction,103,Wire Handhole,0,Unknown
communications,CommunicationsUtilityNetworkFoundation,StructureJunction,104,Wire Junction Box,121,Junction Box
communications,CommunicationsUtilityNetworkFoundation,StructureJunction,104,Wire Junction Box,0,Unknown
communications,CommunicationsUtilityNetworkFoundation,StructureJunction,107,Wire Pedestal,241,Pedestal
communications,CommunicationsUtilityNetworkFoundation,StructureJunction,107,Wire Pedestal,0,Unknown
communications,CommunicationsUtilityNetworkFoundation,StructureJunction,110,Wire Vault,362,Manhole
communications,CommunicationsUtilityNetworkFoundation,StructureJunction,110,Wire Vault,0,Unknown
communications,CommunicationsUtilityNetworkFoundation,StructureJunction,110,Wire Vault,361,Vault
communications,CommunicationsUtilityNetworkFoundation,StructureJunctionObject,0,Unknown,0,Unknown
communications,CommunicationsUtilityNetworkFoundation,StructureJunctionObject,136,Wire Duct Connection,1,End
communications,CommunicationsUtilityNetworkFoundation,StructureJunctionObject,136,Wire Duct Connection,2,Passthrough
communications,CommunicationsUtilityNetworkFoundation,StructureJunctionObject,136,Wire Duct Connection,0,Unknown
communications,CommunicationsUtilityNetworkFoundation,StructureLine,109,Communications Conduit,111,Conduit
communications,CommunicationsUtilityNetworkFoundation,StructureLine,109,Communications Conduit,0,Unknown
communications,CommunicationsUtilityNetworkFoundation,StructureLine,0,Unknown,0,Unknown
communications,CommunicationsUtilityNetworkFoundation,StructureLine,102,Wire Duct Bank,81,Duct Bank
communications,CommunicationsUtilityNetworkFoundation,StructureLine,102,Wire Duct Bank,0,Unknown
communications,CommunicationsUtilityNetworkFoundation,StructureLine,119,Wire Pathway,91,Aerial Pathway
communications,CommunicationsUtilityNetworkFoundation,StructureLine,119,Wire Pathway,0,Unknown
communications,CommunicationsUtilityNetworkFoundation,StructureLine,104,Wire Trench,101,Trench
communications,CommunicationsUtilityNetworkFoundation,StructureLine,104,Wire Trench,0,Unknown
district_energy,District_Energy_Utility_Network_Foundation,DHCAssembly,3,Fitting Assembly,40,Service Tap
district_energy,District_Energy_Utility_Network_Foundation,DHCAssembly,3,Fitting Assembly,0,Unknown
district_energy,District_Energy_Utility_Network_Foundation,DHCAssembly,1,Station,7,Control
district_energy,District_Energy_Utility_Network_Foundation,DHCAssembly,1,Station,5,Energy Plant
district_energy,District_Energy_Utility_Network_Foundation,DHCAssembly,1,Station,2,Exchanger
district_energy,District_Energy_Utility_Network_Foundation,DHCAssembly,1,Station,8,Measuring
district_energy,District_Energy_Utility_Network_Foundation,DHCAssembly,1,Station,6,Pressure Changing
district_energy,District_Energy_Utility_Network_Foundation,DHCAssembly,1,Station,1,Pump
district_energy,District_Energy_Utility_Network_Foundation,DHCAssembly,1,Station,3,Steam Trap
district_energy,District_Energy_Utility_Network_Foundation,DHCAssembly,1,Station,0,Unknown
district_energy,District_Energy_Utility_Network_Foundation,DHCAssembly,1,Station,4,Valve
district_energy,District_Energy_Utility_Network_Foundation,DHCAssembly,0,Unknown,0,Unknown
district_energy,District_Energy_Utility_Network_Foundation,DHCAssembly,2,Well Pad,21,Geothermal
district_energy,District_Energy_Utility_Network_Foundation,DHCAssembly,2,Well Pad,20,Thermal
district_energy,District_Energy_Utility_Network_Foundation,DHCAssembly,2,Well Pad,0,Unknown
district_energy,District_Energy_Utility_Network_Foundation,DHCDevice,50,Anode,902,Galvanic
district_energy,District_Energy_Utility_Network_Foundation,DHCDevice,50,Anode,901,ICCP
district_energy,District_Energy_Utility_Network_Foundation,DHCDevice,50,Anode,0,Unknown
district_energy,District_Energy_Utility_Network_Foundation,DHCDevice,14,Bypass,260,Bypass
district_energy,District_Energy_Utility_Network_Foundation,DHCDevice,14,Bypass,0,Unknown
district_energy,District_Energy_Utility_Network_Foundation,DHCDevice,11,Chiller,201,Absorption
district_energy,District_Energy_Utility_Network_Foundation,DHCDevice,11,Chiller,202,Centrifugal
district_energy,District_Energy_Utility_Network_Foundation,DHCDevice,11,Chiller,200,Compression
district_energy,District_Energy_Utility_Network_Foundation,DHCDevice,11,Chiller,0,Unknown
district_energy,District_Energy_Utility_Network_Foundation,DHCDevice,3,Controllable Valve,41,Bypass
district_energy,District_Energy_Utility_Network_Foundation,DHCDevice,3,Controllable Valve,40,Isolation
district_energy,District_Energy_Utility_Network_Foundation,DHCDevice,3,Controllable Valve,42,Service
district_energy,District_Energy_Utility_Network_Foundation,DHCDevice,3,Controllable Valve,44,Single Use
district_energy,District_Energy_Utility_Network_Foundation,DHCDevice,3,Controllable Valve,43,Test
district_energy,District_Energy_Utility_Network_Foundation,DHCDevice,3,Controllable Valve,0,Unknown
district_energy,District_Energy_Utility_Network_Foundation,DHCDevice,17,Filter,280,Filter
district_energy,District_Energy_Utility_Network_Foundation,DHCDevice,17,Filter,0,Unknown
district_energy,District_Energy_Utility_Network_Foundation,DHCDevice,2,Flow Valve,20,Check
district_energy,District_Energy_Utility_Network_Foundation,DHCDevice,2,Flow Valve,0,Unknown
district_energy,District_Energy_Utility_Network_Foundation,DHCDevice,9,Heat Exchanger,161,Plate
district_energy,District_Energy_Utility_Network_Foundation,DHCDevice,9,Heat Exchanger,160,Shell and Tube
district_energy,District_Energy_Utility_Network_Foundation,DHCDevice,9,Heat Exchanger,0,Unknown
district_energy,District_Energy_Utility_Network_Foundation,DHCDevice,15,Leak Detection Panel,320,Leak Detection Panel
district_energy,District_Energy_Utility_Network_Foundation,DHCDevice,15,Leak Detection Panel,0,Unknown
district_energy,District_Energy_Utility_Network_Foundation,DHCDevice,16,Leak Detection Test Point,340,Leak Detection Test Point
district_energy,District_Energy_Utility_Network_Foundation,DHCDevice,16,Leak Detection Test Point,0,Unknown
district_energy,District_Energy_Utility_Network_Foundation,DHCDevice,6,Meter,101,Energy
district_energy,District_Energy_Utility_Network_Foundation,DHCDevice,6,Meter,100,Flow
district_energy,District_Energy_Utility_Network_Foundation,DHCDevice,6,Meter,0,Unknown
district_energy,District_Energy_Utility_Network_Foundation,DHCDevice,8,Monitoring,142,Leak Detection Sensor
district_energy,District_Energy_Utility_Network_Foundation,DHCDevice,8,Monitoring,140,Pressure Sensor
district_energy,District_Energy_Utility_Network_Foundation,DHCDevice,8,Monitoring,141,Temperature Sensor
district_energy,District_Energy_Utility_Network_Foundation,DHCDevice,8,Monitoring,0,Unknown
district_energy,District_Energy_Utility_Network_Foundation,DHCDevice,5,Pressure Regulator,80,Differential
district_energy,District_Energy_Utility_Network_Foundation,DHCDevice,5,Pressure Regulator,0,Unknown
district_energy,District_Energy_Utility_Network_Foundation,DHCDevice,4,Pressure Valve,64,Air Release
district_energy,District_Energy_Utility_Network_Foundation,DHCDevice,4,Pressure Valve,61,Pressure Limiting
district_energy,District_Energy_Utility_Network_Foundation,DHCDevice,4,Pressure Valve,60,Pressure Reducing
district_energy,District_Energy_Utility_Network_Foundation,DHCDevice,4,Pressure Valve,62,Pressure Release
district_energy,District_Energy_Utility_Network_Foundation,DHCDevice,4,Pressure Valve,63,Pressure Sustaining
district_energy,District_Energy_Utility_Network_Foundation,DHCDevice,4,Pressure Valve,0,Unknown
district_energy,District_Energy_Utility_Network_Foundation,DHCDevice,10,Production Unit,181,Heated Water
district_energy,District_Energy_Utility_Network_Foundation,DHCDevice,10,Production Unit,180,Steam
district_energy,District_Energy_Utility_Network_Foundation,DHCDevice,10,Production Unit,0,Unknown
district_energy,District_Energy_Utility_Network_Foundation,DHCDevice,1,Pump,2,Booster
district_energy,District_Energy_Utility_Network_Foundation,DHCDevice,1,Pump,4,Condensate
district_energy,District_Energy_Utility_Network_Foundation,DHCDevice,1,Pump,1,Primary
district_energy,District_Energy_Utility_Network_Foundation,DHCDevice,1,Pump,3,Reserve
district_energy,District_Energy_Utility_Network_Foundation,DHCDevice,1,Pump,5,Sump
district_energy,District_Energy_Utility_Network_Foundation,DHCDevice,1,Pump,0,Unknown
district_energy,District_Energy_Utility_Network_Foundation,DHCDevice,51,Rectifier,941,Rectifier
district_energy,District_Energy_Utility_Network_Foundation,DHCDevice,51,Rectifier,0,Unknown
district_energy,District_Energy_Utility_Network_Foundation,DHCDevice,12,Service Connection,220,Service Connection
district_energy,District_Energy_Utility_Network_Foundation,DHCDevice,12,Service Connection,0,Unknown
district_energy,District_Energy_Utility_Network_Foundation,DHCDevice,18,Tank,300,Expansion
district_energy,District_Energy_Utility_Network_Foundation,DHCDevice,18,Tank,301,Receiver
district_energy,District_Energy_Utility_Network_Foundation,DHCDevice,18,Tank,0,Unknown
district_energy,District_Energy_Utility_Network_Foundation,DHCDevice,52,Test Point,981,Above Ground
district_energy,District_Energy_Utility_Network_Foundation,DHCDevice,52,Test Point,982,Buried
district_energy,District_Energy_Utility_Network_Foundation,DHCDevice,52,Test Point,983,On Post
district_energy,District_Energy_Utility_Network_Foundation,DHCDevice,52,Test Point,984,Pipeline Marker
district_energy,District_Energy_Utility_Network_Foundation,DHCDevice,52,Test Point,985,Service Line
district_energy,District_Energy_Utility_Network_Foundation,DHCDevice,52,Test Point,0,Unknown
district_energy,District_Energy_Utility_Network_Foundation,DHCDevice,7,Trap,120,Steam
district_energy,District_Energy_Utility_Network_Foundation,DHCDevice,7,Trap,0,Unknown
district_energy,District_Energy_Utility_Network_Foundation,DHCDevice,0,Unknown,0,Unknown
district_energy,District_Energy_Utility_Network_Foundation,DHCDevice,13,Well,241,Geothermal
district_energy,District_Energy_Utility_Network_Foundation,DHCDevice,13,Well,240,Thermal
district_energy,District_Energy_Utility_Network_Foundation,DHCDevice,13,Well,0,Unknown
district_energy,District_Energy_Utility_Network_Foundation,DHCEdgeObject,0,Unknown,0,Unknown
district_energy,District_Energy_Utility_Network_Foundation,DHCJunction,23,Cooling Chamber,80,Cooling Chamber
district_energy,District_Energy_Utility_Network_Foundation,DHCJunction,23,Cooling Chamber,0,Unknown
district_energy,District_Energy_Utility_Network_Foundation,DHCJunction,24,Drip Leg,100,Drip Leg
district_energy,District_Energy_Utility_Network_Foundation,DHCJunction,24,Drip Leg,0,Unknown
district_energy,District_Energy_Utility_Network_Foundation,DHCJunction,20,Fitting,41,Coupling
district_energy,District_Energy_Utility_Network_Foundation,DHCJunction,20,Fitting,42,Cross
district_energy,District_Energy_Utility_Network_Foundation,DHCJunction,20,Fitting,43,Elbow
district_energy,District_Energy_Utility_Network_Foundation,DHCJunction,20,Fitting,44,End Cap
district_energy,District_Energy_Utility_Network_Foundation,DHCJunction,20,Fitting,45,Expansion Joint
district_energy,District_Energy_Utility_Network_Foundation,DHCJunction,20,Fitting,46,Flange
district_energy,District_Energy_Utility_Network_Foundation,DHCJunction,20,Fitting,47,Pipe Bend
district_energy,District_Energy_Utility_Network_Foundation,DHCJunction,20,Fitting,48,Plastic Fusion
district_energy,District_Energy_Utility_Network_Foundation,DHCJunction,20,Fitting,49,Reducer
district_energy,District_Energy_Utility_Network_Foundation,DHCJunction,20,Fitting,51,Saddle
district_energy,District_Energy_Utility_Network_Foundation,DHCJunction,20,Fitting,52,Screw
district_energy,District_Energy_Utility_Network_Foundation,DHCJunction,20,Fitting,53,Sleeve
district_energy,District_Energy_Utility_Network_Foundation,DHCJunction,20,Fitting,54,Slip Joint
district_energy,District_Energy_Utility_Network_Foundation,DHCJunction,20,Fitting,55,Tap
district_energy,District_Energy_Utility_Network_Foundation,DHCJunction,20,Fitting,56,Tee
district_energy,District_Energy_Utility_Network_Foundation,DHCJunction,20,Fitting,57,Transition
district_energy,District_Energy_Utility_Network_Foundation,DHCJunction,20,Fitting,0,Unknown
district_energy,District_Energy_Utility_Network_Foundation,DHCJunction,20,Fitting,60,Waterseal
district_energy,District_Energy_Utility_Network_Foundation,DHCJunction,20,Fitting,59,Weld
district_energy,District_Energy_Utility_Network_Foundation,DHCJunction,20,Fitting,61,Weldolet
district_energy,District_Energy_Utility_Network_Foundation,DHCJunction,20,Fitting,62,Y-Connector
district_energy,District_Energy_Utility_Network_Foundation,DHCJunction,51,Insulation Junction,921,Insulation Junction
district_energy,District_Energy_Utility_Network_Foundation,DHCJunction,51,Insulation Junction,0,Unknown
district_energy,District_Energy_Utility_Network_Foundation,DHCJunction,0,Unknown,0,Unknown
district_energy,District_Energy_Utility_Network_Foundation,DHCJunction,22,Vent,1,Ground Exposure
district_energy,District_Energy_Utility_Network_Foundation,DHCJunction,22,Vent,2,Underground Embedded
district_energy,District_Energy_Utility_Network_Foundation,DHCJunction,22,Vent,0,Unknown
district_energy,District_Energy_Utility_Network_Foundation,DHCJunction,50,Wire Junction,901,Bond Junction
district_energy,District_Energy_Utility_Network_Foundation,DHCJunction,50,Wire Junction,902,Test Lead
district_energy,District_Energy_Utility_Network_Foundation,DHCJunction,50,Wire Junction,0,Unknown
district_energy,District_Energy_Utility_Network_Foundation,DHCJunctionObject,0,Unknown,0,Unknown
district_energy,District_Energy_Utility_Network_Foundation,DHCLine,50,Bonding Line,962,Strap
district_energy,District_Energy_Utility_Network_Foundation,DHCLine,50,Bonding Line,0,Unknown
district_energy,District_Energy_Utility_Network_Foundation,DHCLine,50,Bonding Line,961,Wire
district_energy,District_Energy_Utility_Network_Foundation,DHCLine,6,Customer Pipe,4,Bypass
district_energy,District_Energy_Utility_Network_Foundation,DHCLine,6,Customer Pipe,5,Discharge
district_energy,District_Energy_Utility_Network_Foundation,DHCLine,6,Customer Pipe,3,Reserve
district_energy,District_Energy_Utility_Network_Foundation,DHCLine,6,Customer Pipe,2,Return
district_energy,District_Energy_Utility_Network_Foundation,DHCLine,6,Customer Pipe,1,Supply
district_energy,District_Energy_Utility_Network_Foundation,DHCLine,6,Customer Pipe,6,Trap
district_energy,District_Energy_Utility_Network_Foundation,DHCLine,6,Customer Pipe,0,Unknown
district_energy,District_Energy_Utility_Network_Foundation,DHCLine,2,Distribution Pipe,4,Bypass
district_energy,District_Energy_Utility_Network_Foundation,DHCLine,2,Distribution Pipe,5,Discharge
district_energy,District_Energy_Utility_Network_Foundation,DHCLine,2,Distribution Pipe,3,Reserve
district_energy,District_Energy_Utility_Network_Foundation,DHCLine,2,Distribution Pipe,2,Return
district_energy,District_Energy_Utility_Network_Foundation,DHCLine,2,Distribution Pipe,1,Supply
district_energy,District_Energy_Utility_Network_Foundation,DHCLine,2,Distribution Pipe,6,Trap
district_energy,District_Energy_Utility_Network_Foundation,DHCLine,2,Distribution Pipe,0,Unknown
district_energy,District_Energy_Utility_Network_Foundation,DHCLine,52,Rectifier Cable,941,Rectifier Cable
district_energy,District_Energy_Utility_Network_Foundation,DHCLine,52,Rectifier Cable,0,Unknown
district_energy,District_Energy_Utility_Network_Foundation,DHCLine,8,Sensing Pipe,20,Pressure
district_energy,District_Energy_Utility_Network_Foundation,DHCLine,8,Sensing Pipe,0,Unknown
district_energy,District_Energy_Utility_Network_Foundation,DHCLine,1,Service Pipe,4,Bypass
district_energy,District_Energy_Utility_Network_Foundation,DHCLine,1,Service Pipe,5,Discharge
district_energy,District_Energy_Utility_Network_Foundation,DHCLine,1,Service Pipe,3,Reserve
district_energy,District_Energy_Utility_Network_Foundation,DHCLine,1,Service Pipe,2,Return
district_energy,District_Energy_Utility_Network_Foundation,DHCLine,1,Service Pipe,1,Supply
district_energy,District_Energy_Utility_Network_Foundation,DHCLine,1,Service Pipe,6,Trap
district_energy,District_Energy_Utility_Network_Foundation,DHCLine,1,Service Pipe,0,Unknown
district_energy,District_Energy_Utility_Network_Foundation,DHCLine,5,Station Pipe,4,Bypass
district_energy,District_Energy_Utility_Network_Foundation,DHCLine,5,Station Pipe,5,Discharge
district_energy,District_Energy_Utility_Network_Foundation,DHCLine,5,Station Pipe,3,Reserve
district_energy,District_Energy_Utility_Network_Foundation,DHCLine,5,Station Pipe,2,Return
district_energy,District_Energy_Utility_Network_Foundation,DHCLine,5,Station Pipe,1,Supply
district_energy,District_Energy_Utility_Network_Foundation,DHCLine,5,Station Pipe,6,Trap
district_energy,District_Energy_Utility_Network_Foundation,DHCLine,5,Station Pipe,0,Unknown
district_energy,District_Energy_Utility_Network_Foundation,DHCLine,51,Test Lead Wire,901,Aqua
district_energy,District_Energy_Utility_Network_Foundation,DHCLine,51,Test Lead Wire,902,Blue
district_energy,District_Energy_Utility_Network_Foundation,DHCLine,51,Test Lead Wire,903,Forest
district_energy,District_Energy_Utility_Network_Foundation,DHCLine,51,Test Lead Wire,904,Green
district_energy,District_Energy_Utility_Network_Foundation,DHCLine,51,Test Lead Wire,905,Lavender
district_energy,District_Energy_Utility_Network_Foundation,DHCLine,51,Test Lead Wire,906,Orange
district_energy,District_Energy_Utility_Network_Foundation,DHCLine,51,Test Lead Wire,907,Pink
district_energy,District_Energy_Utility_Network_Foundation,DHCLine,51,Test Lead Wire,910,Purple
district_energy,District_Energy_Utility_Network_Foundation,DHCLine,51,Test Lead Wire,908,Red
district_energy,District_Energy_Utility_Network_Foundation,DHCLine,51,Test Lead Wire,0,Unknown
district_energy,District_Energy_Utility_Network_Foundation,DHCLine,51,Test Lead Wire,909,Yellow
district_energy,District_Energy_Utility_Network_Foundation,DHCLine,3,Transmission Pipe,4,Bypass
district_energy,District_Energy_Utility_Network_Foundation,DHCLine,3,Transmission Pipe,5,Discharge
district_energy,District_Energy_Utility_Network_Foundation,DHCLine,3,Transmission Pipe,3,Reserve
district_energy,District_Energy_Utility_Network_Foundation,DHCLine,3,Transmission Pipe,2,Return
district_energy,District_Energy_Utility_Network_Foundation,DHCLine,3,Transmission Pipe,1,Supply
district_energy,District_Energy_Utility_Network_Foundation,DHCLine,3,Transmission Pipe,6,Trap
district_energy,District_Energy_Utility_Network_Foundation,DHCLine,3,Transmission Pipe,0,Unknown
district_energy,District_Energy_Utility_Network_Foundation,DHCLine,0,Unknown,0,Unknown
district_energy,District_Energy_Utility_Network_Foundation,StructureBoundary,702,DHC Protection Plate,80,Protection Plate
district_energy,District_Energy_Utility_Network_Foundation,StructureBoundary,702,DHC Protection Plate,0,Unknown
district_energy,District_Energy_Utility_Network_Foundation,StructureBoundary,4,Pipe Customer Building,61,Commercial
district_energy,District_Energy_Utility_Network_Foundation,StructureBoundary,4,Pipe Customer Building,62,Industrial
district_energy,District_Energy_Utility_Network_Foundation,StructureBoundary,4,Pipe Customer Building,63,Public
district_energy,District_Energy_Utility_Network_Foundation,StructureBoundary,4,Pipe Customer Building,60,Residential
district_energy,District_Energy_Utility_Network_Foundation,StructureBoundary,4,Pipe Customer Building,0,Unknown
district_energy,District_Energy_Utility_Network_Foundation,StructureBoundary,1,Pipe Station,20,Energy Plant Building
district_energy,District_Energy_Utility_Network_Foundation,StructureBoundary,1,Pipe Station,21,Substation Building
district_energy,District_Energy_Utility_Network_Foundation,StructureBoundary,1,Pipe Station,0,Unknown
district_energy,District_Energy_Utility_Network_Foundation,StructureBoundary,2,Pipe Vault,0,Unknown
district_energy,District_Energy_Utility_Network_Foundation,StructureBoundary,2,Pipe Vault,81,Vault Boundary
district_energy,District_Energy_Utility_Network_Foundation,StructureBoundary,0,Unknown,0,Unknown
district_energy,District_Energy_Utility_Network_Foundation,StructureEdgeObject,0,Unknown,0,Unknown
district_energy,District_Energy_Utility_Network_Foundation,StructureJunction,706,DHC Guide,101,Slides
district_energy,District_Energy_Utility_Network_Foundation,StructureJunction,706,DHC Guide,100,Spider
district_energy,District_Energy_Utility_Network_Foundation,StructureJunction,706,DHC Guide,0,Unknown
district_energy,District_Energy_Utility_Network_Foundation,StructureJunction,708,DHC Pillar,140,Pillar
district_energy,District_Energy_Utility_Network_Foundation,StructureJunction,708,DHC Pillar,0,Unknown
district_energy,District_Energy_Utility_Network_Foundation,StructureJunction,707,DHC Pipe Box,1,Bypass
district_energy,District_Energy_Utility_Network_Foundation,StructureJunction,707,DHC Pipe Box,8,CP
district_energy,District_Energy_Utility_Network_Foundation,StructureJunction,707,DHC Pipe Box,5,Expansion
district_energy,District_Energy_Utility_Network_Foundation,StructureJunction,707,DHC Pipe Box,6,Heating
district_energy,District_Energy_Utility_Network_Foundation,StructureJunction,707,DHC Pipe Box,3,Meter
district_energy,District_Energy_Utility_Network_Foundation,StructureJunction,707,DHC Pipe Box,7,Tapping
district_energy,District_Energy_Utility_Network_Foundation,StructureJunction,707,DHC Pipe Box,0,Unknown
district_energy,District_Energy_Utility_Network_Foundation,StructureJunction,707,DHC Pipe Box,2,Valve
district_energy,District_Energy_Utility_Network_Foundation,StructureJunction,707,DHC Pipe Box,4,Vent
district_energy,District_Energy_Utility_Network_Foundation,StructureJunction,10,Pipe Access Point,20,Manhole
district_energy,District_Energy_Utility_Network_Foundation,StructureJunction,10,Pipe Access Point,0,Unknown
district_energy,District_Energy_Utility_Network_Foundation,StructureJunction,2,Pipe Anchor,41,Anchor
district_energy,District_Energy_Utility_Network_Foundation,StructureJunction,2,Pipe Anchor,0,Unknown
district_energy,District_Energy_Utility_Network_Foundation,StructureJunction,4,Pipe Hanger,121,Constant Spring
district_energy,District_Energy_Utility_Network_Foundation,StructureJunction,4,Pipe Hanger,122,Rigid
district_energy,District_Energy_Utility_Network_Foundation,StructureJunction,4,Pipe Hanger,0,Unknown
district_energy,District_Energy_Utility_Network_Foundation,StructureJunction,4,Pipe Hanger,123,Variable Spring
district_energy,District_Energy_Utility_Network_Foundation,StructureJunction,3,Pipe Support,81,Pipe Stand
district_energy,District_Energy_Utility_Network_Foundation,StructureJunction,3,Pipe Support,82,Roller
district_energy,District_Energy_Utility_Network_Foundation,StructureJunction,3,Pipe Support,0,Unknown
district_energy,District_Energy_Utility_Network_Foundation,StructureJunction,0,Unknown,0,Unknown
district_energy,District_Energy_Utility_Network_Foundation,StructureJunctionObject,0,Unknown,0,Unknown
district_energy,District_Energy_Utility_Network_Foundation,StructureLine,703,DHC Communication Conduit,60,Communication Conduit
district_energy,District_Energy_Utility_Network_Foundation,StructureLine,703,DHC Communication Conduit,0,Unknown
district_energy,District_Energy_Utility_Network_Foundation,StructureLine,702,DHC Trench,40,Single Trench
district_energy,District_Energy_Utility_Network_Foundation,StructureLine,702,DHC Trench,41,Triple Trench
district_energy,District_Energy_Utility_Network_Foundation,StructureLine,702,DHC Trench,0,Unknown
district_energy,District_Energy_Utility_Network_Foundation,StructureLine,701,DHC Tunnel,2,Concrete Trench Box
district_energy,District_Energy_Utility_Network_Foundation,StructureLine,701,DHC Tunnel,1,Tunnel
district_energy,District_Energy_Utility_Network_Foundation,StructureLine,701,DHC Tunnel,0,Unknown
district_energy,District_Energy_Utility_Network_Foundation,StructureLine,1,Pipe Casing,21,Distribution
district_energy,District_Energy_Utility_Network_Foundation,StructureLine,1,Pipe Casing,22,Service
district_energy,District_Energy_Utility_Network_Foundation,StructureLine,1,Pipe Casing,20,Transmission
district_energy,District_Energy_Utility_Network_Foundation,StructureLine,1,Pipe Casing,0,Unknown
district_energy,District_Energy_Utility_Network_Foundation,StructureLine,0,Unknown,0,Unknown
electric,Electric_Utility_Network_Expanded,AdditionalStructureLines,108,Electric Station,141,Station Fence
electric,Electric_Utility_Network_Expanded,AdditionalStructureLines,108,Electric Station,142,Station Gate
electric,Electric_Utility_Network_Expanded,AdditionalStructureLines,108,Electric Station,0,Unknown
electric,Electric_Utility_Network_Expanded,AdditionalStructureLines,145,Wire Linear Crossarm,,
electric,Electric_Utility_Network_Expanded,AdditionalStructureLines,146,Wire Linear Pole,,
electric,Electric_Utility_Network_Expanded,AdditionalStructureLines,110,Wire Linear Support,,
electric,Electric_Balanced_Distribution_Utility_Network_Essentials,ConductorDetails,101,Aerial Bare,901,High Voltage AC
electric,Electric_Utility_Network_Expanded,ConductorDetails,101,Aerial Bare,902,High Voltage DC
electric,Electric_Balanced_Distribution_Utility_Network_Essentials,ConductorDetails,101,Aerial Bare,904,Low Voltage AC
electric,Electric_Unbalanced_Distribution_Utility_Network_Essentials,ConductorDetails,101,Aerial Bare,905,Low Voltage DC
electric,Electric_Balanced_Distribution_Utility_Network_Essentials,ConductorDetails,101,Aerial Bare,903,Medium Voltage
electric,Electric_Unbalanced_Distribution_Utility_Network_Essentials,ConductorDetails,101,Aerial Bare,903,Meduim Voltage
electric,Electric_Balanced_Distribution_Utility_Network_Essentials,ConductorDetails,101,Aerial Bare,906,Static Wire
electric,Electric_Balanced_Distribution_Utility_Network_Essentials,ConductorDetails,101,Aerial Bare,0,Unknown
electric,Electric_Balanced_Distribution_Utility_Network_Essentials,ConductorDetails,102,Aerial Covered,901,High Voltage AC
electric,Electric_Utility_Network_Expanded,ConductorDetails,102,Aerial Covered,902,High Voltage DC
electric,Electric_Balanced_Distribution_Utility_Network_Essentials,ConductorDetails,102,Aerial Covered,904,Low Voltage AC
electric,Electric_Unbalanced_Distribution_Utility_Network_Essentials,ConductorDetails,102,Aerial Covered,905,Low Voltage DC
electric,Electric_Balanced_Distribution_Utility_Network_Essentials,ConductorDetails,102,Aerial Covered,903,Medium Voltage
electric,Electric_Unbalanced_Distribution_Utility_Network_Essentials,ConductorDetails,102,Aerial Covered,903,Meduim Voltage
electric,Electric_Balanced_Distribution_Utility_Network_Essentials,ConductorDetails,102,Aerial Covered,0,Unknown
electric,Electric_Balanced_Distribution_Utility_Network_Essentials,ConductorDetails,104,Busbar,901,High Voltage AC
electric,Electric_Utility_Network_Expanded,ConductorDetails,104,Busbar,902,High Voltage DC
electric,Electric_Balanced_Distribution_Utility_Network_Essentials,ConductorDetails,104,Busbar,904,Low Voltage AC
electric,Electric_Unbalanced_Distribution_Utility_Network_Essentials,ConductorDetails,104,Busbar,905,Low Voltage DC
electric,Electric_Balanced_Distribution_Utility_Network_Essentials,ConductorDetails,104,Busbar,903,Medium Voltage
electric,Electric_Unbalanced_Distribution_Utility_Network_Essentials,ConductorDetails,104,Busbar,903,Meduim Voltage
electric,Electric_Balanced_Distribution_Utility_Network_Essentials,ConductorDetails,104,Busbar,0,Unknown
electric,Electric_Balanced_Distribution_Utility_Network_Essentials,ConductorDetails,107,Ground,922,Bare Ground
electric,Electric_Balanced_Distribution_Utility_Network_Essentials,ConductorDetails,107,Ground,921,Covered Ground
electric,Electric_Balanced_Distribution_Utility_Network_Essentials,ConductorDetails,107,Ground,0,Unknown
electric,Electric_Balanced_Distribution_Utility_Network_Essentials,ConductorDetails,106,Neutral,913,Concentric
electric,Electric_Balanced_Distribution_Utility_Network_Essentials,ConductorDetails,106,Neutral,910,Overhead Bare
electric,Electric_Balanced_Distribution_Utility_Network_Essentials,ConductorDetails,106,Neutral,911,Overhead Shielded
electric,Electric_Balanced_Distribution_Utility_Network_Essentials,ConductorDetails,106,Neutral,912,Underground Shielded
electric,Electric_Balanced_Distribution_Utility_Network_Essentials,ConductorDetails,106,Neutral,0,Unknown
electric,Electric_Balanced_Distribution_Utility_Network_Essentials,ConductorDetails,108,Submarine,901,High Voltage AC
electric,Electric_Utility_Network_Expanded,ConductorDetails,108,Submarine,902,High Voltage DC
electric,Electric_Balanced_Distribution_Utility_Network_Essentials,ConductorDetails,108,Submarine,904,Low Voltage AC
electric,Electric_Unbalanced_Distribution_Utility_Network_Essentials,ConductorDetails,108,Submarine,905,Low Voltage DC
electric,Electric_Balanced_Distribution_Utility_Network_Essentials,ConductorDetails,108,Submarine,903,Medium Voltage
electric,Electric_Unbalanced_Distribution_Utility_Network_Essentials,ConductorDetails,108,Submarine,903,Meduim Voltage
electric,Electric_Balanced_Distribution_Utility_Network_Essentials,ConductorDetails,108,Submarine,0,Unknown
electric,Electric_Balanced_Distribution_Utility_Network_Essentials,ConductorDetails,105,Underground,901,High Voltage AC
electric,Electric_Utility_Network_Expanded,ConductorDetails,105,Underground,902,High Voltage DC
electric,Electric_Balanced_Distribution_Utility_Network_Essentials,ConductorDetails,105,Underground,904,Low Voltage AC
electric,Electric_Unbalanced_Distribution_Utility_Network_Essentials,ConductorDetails,105,Underground,905,Low Voltage DC
electric,Electric_Balanced_Distribution_Utility_Network_Essentials,ConductorDetails,105,Underground,903,Medium Voltage
electric,Electric_Unbalanced_Distribution_Utility_Network_Essentials,ConductorDetails,105,Underground,903,Meduim Voltage
electric,Electric_Balanced_Distribution_Utility_Network_Essentials,ConductorDetails,105,Underground,0,Unknown
electric,Electric_Balanced_Distribution_Utility_Network_Essentials,ConductorDetails,0,Unknown,,
electric,Electric_Balanced_Distribution_Utility_Network_Essentials,ElectricAssembly,30,Electric Grounding Equipment,30,Grounding Equipment
electric,Electric_Balanced_Distribution_Utility_Network_Essentials,ElectricAssembly,30,Electric Grounding Equipment,0,Unknown
electric,Electric_Utility_Network_Expanded,ElectricAssembly,1,High Voltage AC Power Factor Correcting Bank,1,Series
electric,Electric_Utility_Network_Expanded,ElectricAssembly,1,High Voltage AC Power Factor Correcting Bank,2,Shunt
electric,Electric_Utility_Network_Expanded,ElectricAssembly,1,High Voltage AC Power Factor Correcting Bank,0,Unknown
electric,Electric_Balanced_Distribution_Utility_Network_Essentials,ElectricAssembly,31,High Voltage Bay,91,Capacitor
electric,Electric_Balanced_Distribution_Utility_Network_Essentials,ElectricAssembly,31,High Voltage Bay,95,Metering
electric,Electric_Balanced_Distribution_Utility_Network_Essentials,ElectricAssembly,31,High Voltage Bay,92,Regulator
electric,Electric_Balanced_Distribution_Utility_Network_Essentials,ElectricAssembly,31,High Voltage Bay,93,Switch
electric,Electric_Balanced_Distribution_Utility_Network_Essentials,ElectricAssembly,31,High Voltage Bay,94,Transformer
electric,Electric_Balanced_Distribution_Utility_Network_Essentials,ElectricAssembly,31,High Voltage Bay,0,Unknown
electric,Electric_Utility_Network_Expanded,ElectricAssembly,24,High Voltage Controller,24,Station
electric,Electric_Utility_Network_Expanded,ElectricAssembly,24,High Voltage Controller,0,Unknown
electric,Electric_Utility_Network_Expanded,ElectricAssembly,2,High Voltage DC Power Factor Correcting Bank,1,Series
electric,Electric_Utility_Network_Expanded,ElectricAssembly,2,High Voltage DC Power Factor Correcting Bank,2,Shunt
electric,Electric_Utility_Network_Expanded,ElectricAssembly,2,High Voltage DC Power Factor Correcting Bank,0,Unknown
electric,Electric_Utility_Network_Expanded,ElectricAssembly,3,High Voltage Service Bank,41,Industrial Customer
electric,Electric_Utility_Network_Expanded,ElectricAssembly,3,High Voltage Service Bank,0,Unknown
electric,Electric_Utility_Network_Expanded,ElectricAssembly,3,High Voltage Service Bank,42,Utility Customer
electric,Electric_Utility_Network_Expanded,ElectricAssembly,4,High Voltage Switch Bank,61,AC Circuit Breaker
electric,Electric_Utility_Network_Expanded,ElectricAssembly,4,High Voltage Switch Bank,62,AC Line Disconnect
electric,Electric_Utility_Network_Expanded,ElectricAssembly,4,High Voltage Switch Bank,63,AC Station Disconnect
electric,Electric_Utility_Network_Expanded,ElectricAssembly,4,High Voltage Switch Bank,64,DC Circuit Breaker
electric,Electric_Utility_Network_Expanded,ElectricAssembly,4,High Voltage Switch Bank,65,DC Line Disconnect
electric,Electric_Utility_Network_Expanded,ElectricAssembly,4,High Voltage Switch Bank,66,DC Station Load Break
electric,Electric_Utility_Network_Expanded,ElectricAssembly,4,High Voltage Switch Bank,0,Unknown
electric,Electric_Balanced_Distribution_Utility_Network_Essentials,ElectricAssembly,5,High Voltage Transformer Bank,81,AC Power
electric,Electric_Utility_Network_Expanded,ElectricAssembly,5,High Voltage Transformer Bank,82,DC Power
electric,Electric_Balanced_Distribution_Utility_Network_Essentials,ElectricAssembly,5,High Voltage Transformer Bank,0,Unknown
electric,Electric_Utility_Network_Expanded,ElectricAssembly,6,Low Voltage Arrester Bank,101,Indoor Arrester Bank
electric,Electric_Utility_Network_Expanded,ElectricAssembly,6,Low Voltage Arrester Bank,102,Line Arrester Bank
electric,Electric_Utility_Network_Expanded,ElectricAssembly,6,Low Voltage Arrester Bank,103,Station Arrester Bank
electric,Electric_Utility_Network_Expanded,ElectricAssembly,6,Low Voltage Arrester Bank,0,Unknown
electric,Electric_Balanced_Distribution_Utility_Network_Essentials,ElectricAssembly,33,Low Voltage Bay,91,Capacitor
electric,Electric_Balanced_Distribution_Utility_Network_Essentials,ElectricAssembly,33,Low Voltage Bay,95,Metering
electric,Electric_Balanced_Distribution_Utility_Network_Essentials,ElectricAssembly,33,Low Voltage Bay,92,Regulator
electric,Electric_Balanced_Distribution_Utility_Network_Essentials,ElectricAssembly,33,Low Voltage Bay,93,Switch
electric,Electric_Balanced_Distribution_Utility_Network_Essentials,ElectricAssembly,33,Low Voltage Bay,94,Transformer
electric,Electric_Balanced_Distribution_Utility_Network_Essentials,ElectricAssembly,33,Low Voltage Bay,0,Unknown
electric,Electric_Utility_Network_Expanded,ElectricAssembly,7,Low Voltage Connector Bank,360,Flying Tap
electric,Electric_Utility_Network_Expanded,ElectricAssembly,7,Low Voltage Connector Bank,0,Unknown
electric,Electric_Utility_Network_Expanded,ElectricAssembly,26,Low Voltage Controller,24,Station
electric,Electric_Utility_Network_Expanded,ElectricAssembly,26,Low Voltage Controller,0,Unknown
electric,Electric_Utility_Network_Expanded,ElectricAssembly,9,Low Voltage Fuse Bank,121,AC Fuse
electric,Electric_Utility_Network_Expanded,ElectricAssembly,9,Low Voltage Fuse Bank,122,DC Fuse
electric,Electric_Utility_Network_Expanded,ElectricAssembly,9,Low Voltage Fuse Bank,0,Unknown
electric,Electric_Utility_Network_Expanded,ElectricAssembly,10,Low Voltage Service Bank,161,Commercial
electric,Electric_Utility_Network_Expanded,ElectricAssembly,10,Low Voltage Service Bank,41,Industrial Customer
electric,Electric_Utility_Network_Expanded,ElectricAssembly,10,Low Voltage Service Bank,284,Residential
electric,Electric_Utility_Network_Expanded,ElectricAssembly,10,Low Voltage Service Bank,0,Unknown
electric,Electric_Utility_Network_Expanded,ElectricAssembly,10,Low Voltage Service Bank,42,Utility Customer
electric,Electric_Utility_Network_Expanded,ElectricAssembly,11,Low Voltage Switch Bank,189,Indoor AC Disconnect
electric,Electric_Utility_Network_Expanded,ElectricAssembly,11,Low Voltage Switch Bank,190,Indoor AC Load Break
electric,Electric_Utility_Network_Expanded,ElectricAssembly,11,Low Voltage Switch Bank,191,Indoor DC Disconnect
electric,Electric_Utility_Network_Expanded,ElectricAssembly,11,Low Voltage Switch Bank,192,Indoor DC Load Break
electric,Electric_Utility_Network_Expanded,ElectricAssembly,11,Low Voltage Switch Bank,181,Overhead AC Disconnect
electric,Electric_Utility_Network_Expanded,ElectricAssembly,11,Low Voltage Switch Bank,182,Overhead AC Load Break
electric,Electric_Utility_Network_Expanded,ElectricAssembly,11,Low Voltage Switch Bank,183,Overhead DC Disconnect
electric,Electric_Utility_Network_Expanded,ElectricAssembly,11,Low Voltage Switch Bank,184,Overhead DC Load Break
electric,Electric_Utility_Network_Expanded,ElectricAssembly,11,Low Voltage Switch Bank,185,Underground AC Disconnect
electric,Electric_Utility_Network_Expanded,ElectricAssembly,11,Low Voltage Switch Bank,186,Underground AC Load Break
electric,Electric_Utility_Network_Expanded,ElectricAssembly,11,Low Voltage Switch Bank,187,Underground DC Disconnect
electric,Electric_Utility_Network_Expanded,ElectricAssembly,11,Low Voltage Switch Bank,188,Underground DC Load Break
electric,Electric_Utility_Network_Expanded,ElectricAssembly,11,Low Voltage Switch Bank,0,Unknown
electric,Electric_Utility_Network_Expanded,ElectricAssembly,8,Low Voltage Transformer Bank,8,Transformer Bank
electric,Electric_Utility_Network_Expanded,ElectricAssembly,8,Low Voltage Transformer Bank,0,Unknown
electric,Electric_Utility_Network_Expanded,ElectricAssembly,12,Medium Voltage Arrester Bank,201,Indoor Arrester Bank
electric,Electric_Utility_Network_Expanded,ElectricAssembly,12,Medium Voltage Arrester Bank,202,Line Arrester Bank
electric,Electric_Utility_Network_Expanded,ElectricAssembly,12,Medium Voltage Arrester Bank,203,Station Arrester Bank
electric,Electric_Utility_Network_Expanded,ElectricAssembly,12,Medium Voltage Arrester Bank,0,Unknown
electric,Electric_Balanced_Distribution_Utility_Network_Essentials,ElectricAssembly,32,Medium Voltage Bay,91,Capacitor
electric,Electric_Balanced_Distribution_Utility_Network_Essentials,ElectricAssembly,32,Medium Voltage Bay,95,Metering
electric,Electric_Balanced_Distribution_Utility_Network_Essentials,ElectricAssembly,32,Medium Voltage Bay,92,Regulator
electric,Electric_Balanced_Distribution_Utility_Network_Essentials,ElectricAssembly,32,Medium Voltage Bay,93,Switch
electric,Electric_Balanced_Distribution_Utility_Network_Essentials,ElectricAssembly,32,Medium Voltage Bay,94,Transformer
electric,Electric_Balanced_Distribution_Utility_Network_Essentials,ElectricAssembly,32,Medium Voltage Bay,0,Unknown
electric,Electric_Utility_Network_Expanded,ElectricAssembly,13,Medium Voltage Connector Bank,360,Flying Tap
electric,Electric_Utility_Network_Expanded,ElectricAssembly,13,Medium Voltage Connector Bank,0,Unknown
electric,Electric_Utility_Network_Expanded,ElectricAssembly,25,Medium Voltage Controller,24,Station
electric,Electric_Utility_Network_Expanded,ElectricAssembly,25,Medium Voltage Controller,0,Unknown
electric,Electric_Utility_Network_Expanded,ElectricAssembly,14,Medium Voltage Fuse Bank,221,Overhead Disconnect Fuse Holder
electric,Electric_Utility_Network_Expanded,ElectricAssembly,14,Medium Voltage Fuse Bank,222,Overhead Load Break Fuse Holder
electric,Electric_Utility_Network_Expanded,ElectricAssembly,14,Medium Voltage Fuse Bank,223,Pad Mounted Disconnect
electric,Electric_Utility_Network_Expanded,ElectricAssembly,14,Medium Voltage Fuse Bank,224,Pad Mounted Load Break
electric,Electric_Utility_Network_Expanded,ElectricAssembly,14,Medium Voltage Fuse Bank,0,Unknown
electric,Electric_Utility_Network_Expanded,ElectricAssembly,20,Medium Voltage Line Monitor and Relay Bank,290,Fault Indicator Bank
electric,Electric_Utility_Network_Expanded,ElectricAssembly,20,Medium Voltage Line Monitor and Relay Bank,291,Instrument Transformer Bank
electric,Electric_Utility_Network_Expanded,ElectricAssembly,20,Medium Voltage Line Monitor and Relay Bank,292,Programmable Logic Unit Bank
electric,Electric_Utility_Network_Expanded,ElectricAssembly,20,Medium Voltage Line Monitor and Relay Bank,295,Relay Bank
electric,Electric_Utility_Network_Expanded,ElectricAssembly,20,Medium Voltage Line Monitor and Relay Bank,293,Remote Transmission Unit Bank
electric,Electric_Utility_Network_Expanded,ElectricAssembly,20,Medium Voltage Line Monitor and Relay Bank,294,SCADA Load Monitor Bank
electric,Electric_Utility_Network_Expanded,ElectricAssembly,20,Medium Voltage Line Monitor and Relay Bank,0,Unknown
electric,Electric_Utility_Network_Expanded,ElectricAssembly,15,Medium Voltage Power Factor Correcting Bank,241,Mobile Capacitor
electric,Electric_Utility_Network_Expanded,ElectricAssembly,15,Medium Voltage Power Factor Correcting Bank,242,Overhead Capacitor
electric,Electric_Utility_Network_Expanded,ElectricAssembly,15,Medium Voltage Power Factor Correcting Bank,243,Overhead Harmonic Filter
electric,Electric_Utility_Network_Expanded,ElectricAssembly,15,Medium Voltage Power Factor Correcting Bank,244,Pad Mounted Capacitor
electric,Electric_Utility_Network_Expanded,ElectricAssembly,15,Medium Voltage Power Factor Correcting Bank,245,Pad Mounted Harmonic Filter
electric,Electric_Utility_Network_Expanded,ElectricAssembly,15,Medium Voltage Power Factor Correcting Bank,0,Unknown
electric,Electric_Utility_Network_Expanded,ElectricAssembly,21,Medium Voltage Recloser Bank,303,Overhead Recloser
electric,Electric_Utility_Network_Expanded,ElectricAssembly,21,Medium Voltage Recloser Bank,307,Pad Mounted Recloser
electric,Electric_Utility_Network_Expanded,ElectricAssembly,21,Medium Voltage Recloser Bank,0,Unknown
electric,Electric_Utility_Network_Expanded,ElectricAssembly,16,Medium Voltage Regulator Bank,261,Overhead Single Phase Regulator
electric,Electric_Utility_Network_Expanded,ElectricAssembly,16,Medium Voltage Regulator Bank,262,Overhead Single Phase Regulator Delta
electric,Electric_Utility_Network_Expanded,ElectricAssembly,16,Medium Voltage Regulator Bank,264,Overhead Single Phase Regulator Wye
electric,Electric_Utility_Network_Expanded,ElectricAssembly,16,Medium Voltage Regulator Bank,265,Overhead Three Phase Regulator
electric,Electric_Utility_Network_Expanded,ElectricAssembly,16,Medium Voltage Regulator Bank,266,Overhead Three Phase Regulator Delta
electric,Electric_Utility_Network_Expanded,ElectricAssembly,16,Medium Voltage Regulator Bank,267,Overhead Three Phase Regulator Open Delta
electric,Electric_Utility_Network_Expanded,ElectricAssembly,16,Medium Voltage Regulator Bank,268,Overhead Three Phase Regulator Wye
electric,Electric_Utility_Network_Expanded,ElectricAssembly,16,Medium Voltage Regulator Bank,269,Pad Mounted Single Phase Regulator
electric,Electric_Utility_Network_Expanded,ElectricAssembly,16,Medium Voltage Regulator Bank,270,Pad Mounted Three Phase Regulator
electric,Electric_Utility_Network_Expanded,ElectricAssembly,16,Medium Voltage Regulator Bank,271,Pad Mounted Three Phase Regulator Delta
electric,Electric_Utility_Network_Expanded,ElectricAssembly,16,Medium Voltage Regulator Bank,272,Pad Mounted Three Phase Regulator Wye
electric,Electric_Utility_Network_Expanded,ElectricAssembly,16,Medium Voltage Regulator Bank,0,Unknown
electric,Electric_Utility_Network_Expanded,ElectricAssembly,22,Medium Voltage Sectionalizer Bank,304,Overhead Sectionalizer
electric,Electric_Utility_Network_Expanded,ElectricAssembly,22,Medium Voltage Sectionalizer Bank,308,Pad Mounted Sectionalizer
electric,Electric_Utility_Network_Expanded,ElectricAssembly,22,Medium Voltage Sectionalizer Bank,0,Unknown
electric,Electric_Utility_Network_Expanded,ElectricAssembly,17,Medium Voltage Service Bank,281,PM Commercial Customer
electric,Electric_Utility_Network_Expanded,ElectricAssembly,17,Medium Voltage Service Bank,282,PM Industrial Customer
electric,Electric_Utility_Network_Expanded,ElectricAssembly,17,Medium Voltage Service Bank,283,Primary Meter
electric,Electric_Utility_Network_Expanded,ElectricAssembly,17,Medium Voltage Service Bank,284,Residential
electric,Electric_Utility_Network_Expanded,ElectricAssembly,17,Medium Voltage Service Bank,0,Unknown
electric,Electric_Utility_Network_Expanded,ElectricAssembly,18,Medium Voltage Switch Bank,301,Overhead Disconnect Switch
electric,Electric_Utility_Network_Expanded,ElectricAssembly,18,Medium Voltage Switch Bank,310,Overhead Jumper
electric,Electric_Utility_Network_Expanded,ElectricAssembly,18,Medium Voltage Switch Bank,302,Overhead Load Break Switch
electric,Electric_Utility_Network_Expanded,ElectricAssembly,18,Medium Voltage Switch Bank,309,Pad Mounted Switch
electric,Electric_Utility_Network_Expanded,ElectricAssembly,18,Medium Voltage Switch Bank,305,Station Disconnect Switch
electric,Electric_Utility_Network_Expanded,ElectricAssembly,18,Medium Voltage Switch Bank,306,Station Load Break Switch
electric,Electric_Utility_Network_Expanded,ElectricAssembly,18,Medium Voltage Switch Bank,311,Underground Switch
electric,Electric_Utility_Network_Expanded,ElectricAssembly,18,Medium Voltage Switch Bank,0,Unknown
electric,Electric_Utility_Network_Expanded,ElectricAssembly,19,Medium Voltage Transformer Bank,345,Network
electric,Electric_Utility_Network_Expanded,ElectricAssembly,19,Medium Voltage Transformer Bank,324,Overhead Open Delta
electric,Electric_Utility_Network_Expanded,ElectricAssembly,19,Medium Voltage Transformer Bank,325,Overhead Open Wye
electric,Electric_Utility_Network_Expanded,ElectricAssembly,19,Medium Voltage Transformer Bank,321,Overhead Single Phase
electric,Electric_Utility_Network_Expanded,ElectricAssembly,19,Medium Voltage Transformer Bank,327,Overhead Single Phase Step
electric,Electric_Utility_Network_Expanded,ElectricAssembly,19,Medium Voltage Transformer Bank,322,Overhead Three Phase
electric,Electric_Utility_Network_Expanded,ElectricAssembly,19,Medium Voltage Transformer Bank,323,Overhead Three Phase Delta
electric,Electric_Utility_Network_Expanded,ElectricAssembly,19,Medium Voltage Transformer Bank,328,Overhead Three Phase Step
electric,Electric_Utility_Network_Expanded,ElectricAssembly,19,Medium Voltage Transformer Bank,329,Overhead Three Phase Step Delta
electric,Electric_Utility_Network_Expanded,ElectricAssembly,19,Medium Voltage Transformer Bank,331,Overhead Three Phase Step Open Delta
electric,Electric_Utility_Network_Expanded,ElectricAssembly,19,Medium Voltage Transformer Bank,332,Overhead Three Phase Step Open Wye
electric,Electric_Utility_Network_Expanded,ElectricAssembly,19,Medium Voltage Transformer Bank,330,Overhead Three Phase Step Wye
electric,Electric_Utility_Network_Expanded,ElectricAssembly,19,Medium Voltage Transformer Bank,326,Overhead Three Phase Wye
electric,Electric_Utility_Network_Expanded,ElectricAssembly,19,Medium Voltage Transformer Bank,341,Pad Mounted Open Delta
electric,Electric_Utility_Network_Expanded,ElectricAssembly,19,Medium Voltage Transformer Bank,342,Pad Mounted Open Wye
electric,Electric_Utility_Network_Expanded,ElectricAssembly,19,Medium Voltage Transformer Bank,333,Pad Mounted Single Phase
electric,Electric_Utility_Network_Expanded,ElectricAssembly,19,Medium Voltage Transformer Bank,337,Pad Mounted Single Phase Step
electric,Electric_Utility_Network_Expanded,ElectricAssembly,19,Medium Voltage Transformer Bank,334,Pad Mounted Three Phase
electric,Electric_Utility_Network_Expanded,ElectricAssembly,19,Medium Voltage Transformer Bank,335,Pad Mounted Three Phase Delta
electric,Electric_Utility_Network_Expanded,ElectricAssembly,19,Medium Voltage Transformer Bank,338,Pad Mounted Three Phase Step
electric,Electric_Utility_Network_Expanded,ElectricAssembly,19,Medium Voltage Transformer Bank,339,Pad Mounted Three Phase Step Delta
electric,Electric_Utility_Network_Expanded,ElectricAssembly,19,Medium Voltage Transformer Bank,340,Pad Mounted Three Phase Step Wye
electric,Electric_Utility_Network_Expanded,ElectricAssembly,19,Medium Voltage Transformer Bank,336,Pad Mounted Three Phase Wye
electric,Electric_Utility_Network_Expanded,ElectricAssembly,19,Medium Voltage Transformer Bank,343,Submersible Single Phase
electric,Electric_Utility_Network_Expanded,ElectricAssembly,19,Medium Voltage Transformer Bank,344,Submersible Three Phase
electric,Electric_Utility_Network_Expanded,ElectricAssembly,19,Medium Voltage Transformer Bank,0,Unknown
electric,Electric_Unbalanced_Distribution_Utility_Network_Essentials,ElectricAssembly,16,Regulator Bank,265,Overhead Three Phase Regulator
electric,Electric_Unbalanced_Distribution_Utility_Network_Essentials,ElectricAssembly,16,Regulator Bank,270,Pad Mounted Three Phase Regulator
electric,Electric_Unbalanced_Distribution_Utility_Network_Essentials,ElectricAssembly,16,Regulator Bank,0,Unknown
electric,Electric_Unbalanced_Distribution_Utility_Network_Essentials,ElectricAssembly,18,Switch Gear,309,Pad Mounted Switch Gear MV
electric,Electric_Unbalanced_Distribution_Utility_Network_Essentials,ElectricAssembly,18,Switch Gear,0,Unknown
electric,Electric_Balanced_Distribution_Utility_Network_Essentials,ElectricAssembly,0,Unknown,0,Unknown
electric,Electric_Unbalanced_Distribution_Utility_Network_Essentials,ElectricDevice,34,Capacitor,4,Overhead Bank MV
electric,Electric_Unbalanced_Distribution_Utility_Network_Essentials,ElectricDevice,34,Capacitor,6,Station Bank MV
electric,Electric_Unbalanced_Distribution_Utility_Network_Essentials,ElectricDevice,34,Capacitor,5,Underground Bank MV
electric,Electric_Unbalanced_Distribution_Utility_Network_Essentials,ElectricDevice,34,Capacitor,0,Unknown
electric,Electric_Unbalanced_Distribution_Utility_Network_Essentials,ElectricDevice,26,Circuit Breaker,513,Circuit Source MV
electric,Electric_Unbalanced_Distribution_Utility_Network_Essentials,ElectricDevice,26,Circuit Breaker,503,Three Phase Circuit Breaker MV
electric,Electric_Unbalanced_Distribution_Utility_Network_Essentials,ElectricDevice,26,Circuit Breaker,0,Unknown
electric,Electric_Unbalanced_Distribution_Utility_Network_Essentials,ElectricDevice,28,Elbow,5,Underground Bank MV
electric,Electric_Unbalanced_Distribution_Utility_Network_Essentials,ElectricDevice,28,Elbow,0,Unknown
electric,Electric_Unbalanced_Distribution_Utility_Network_Essentials,ElectricDevice,29,Fuse,4,Overhead Bank MV
electric,Electric_Unbalanced_Distribution_Utility_Network_Essentials,ElectricDevice,29,Fuse,6,Station Bank MV
electric,Electric_Unbalanced_Distribution_Utility_Network_Essentials,ElectricDevice,29,Fuse,5,Underground Bank MV
electric,Electric_Unbalanced_Distribution_Utility_Network_Essentials,ElectricDevice,29,Fuse,0,Unknown
electric,Electric_Unbalanced_Distribution_Utility_Network_Essentials,ElectricDevice,30,Generation,120,Interconnect MV
electric,Electric_Unbalanced_Distribution_Utility_Network_Essentials,ElectricDevice,30,Generation,0,Unknown
electric,Electric_Balanced_Distribution_Utility_Network_Essentials,ElectricDevice,1,Ground,31,Bound
electric,Electric_Balanced_Distribution_Utility_Network_Essentials,ElectricDevice,1,Ground,36,Cross Bond
electric,Electric_Utility_Network_Expanded,ElectricDevice,1,Ground,38,Ground Joint
electric,Electric_Utility_Network_Expanded,ElectricDevice,1,Ground,37,Ground Plate
electric,Electric_Utility_Network_Expanded,ElectricDevice,1,Ground,35,Grounding Switch
electric,Electric_Utility_Network_Expanded,ElectricDevice,1,Ground,32,Rod
electric,Electric_Utility_Network_Expanded,ElectricDevice,1,Ground,34,Stray Voltage Isolator
electric,Electric_Balanced_Distribution_Utility_Network_Essentials,ElectricDevice,1,Ground,0,Unknown
electric,Electric_Utility_Network_Expanded,ElectricDevice,1,Ground,33,Voltage Grid
electric,Electric_Utility_Network_Expanded,ElectricDevice,2,High Voltage Arrester,21,Indoor Arrester HV
electric,Electric_Utility_Network_Expanded,ElectricDevice,2,High Voltage Arrester,23,Station Arrester HV
electric,Electric_Utility_Network_Expanded,ElectricDevice,2,High Voltage Arrester,0,Unknown
electric,Electric_Utility_Network_Expanded,ElectricDevice,3,High Voltage Control Unit,41,Capacitor HV
electric,Electric_Utility_Network_Expanded,ElectricDevice,3,High Voltage Control Unit,42,Switch and Breaker HV
electric,Electric_Utility_Network_Expanded,ElectricDevice,3,High Voltage Control Unit,0,Unknown
electric,Electric_Utility_Network_Expanded,ElectricDevice,3,High Voltage Control Unit,43,Voltage Regulator HV
electric,Electric_Utility_Network_Expanded,ElectricDevice,43,High Voltage Fuse,585,AC Disconnect Fuse HV - Controller
electric,Electric_Utility_Network_Expanded,ElectricDevice,43,High Voltage Fuse,583,AC Load Break Disconnect Fuse HV
electric,Electric_Utility_Network_Expanded,ElectricDevice,43,High Voltage Fuse,586,AC Load Break Disconnect Fuse HV - Controller
electric,Electric_Utility_Network_Expanded,ElectricDevice,43,High Voltage Fuse,584,AC Load Break Fuse HV - Controller
electric,Electric_Utility_Network_Expanded,ElectricDevice,43,High Voltage Fuse,581,AC Station Disconnect Fuse HV
electric,Electric_Utility_Network_Expanded,ElectricDevice,43,High Voltage Fuse,582,AC Station Load Break Fuse HV
electric,Electric_Utility_Network_Expanded,ElectricDevice,43,High Voltage Fuse,0,Unknown
electric,Electric_Utility_Network_Expanded,ElectricDevice,4,High Voltage Generation,71,AC Wave HV
electric,Electric_Utility_Network_Expanded,ElectricDevice,4,High Voltage Generation,61,Battery HV
electric,Electric_Utility_Network_Expanded,ElectricDevice,4,High Voltage Generation,62,Biomass HV
electric,Electric_Utility_Network_Expanded,ElectricDevice,4,High Voltage Generation,63,Coal HV
electric,Electric_Utility_Network_Expanded,ElectricDevice,4,High Voltage Generation,64,Gas Turbine HV
electric,Electric_Utility_Network_Expanded,ElectricDevice,4,High Voltage Generation,72,Generator HV
electric,Electric_Utility_Network_Expanded,ElectricDevice,4,High Voltage Generation,65,Geothermal HV
electric,Electric_Utility_Network_Expanded,ElectricDevice,4,High Voltage Generation,66,Hydro HV
electric,Electric_Utility_Network_Expanded,ElectricDevice,4,High Voltage Generation,73,Interconnect HV
electric,Electric_Utility_Network_Expanded,ElectricDevice,4,High Voltage Generation,67,Nuclear HV
electric,Electric_Utility_Network_Expanded,ElectricDevice,4,High Voltage Generation,68,Photovoltaic Solar HV
electric,Electric_Utility_Network_Expanded,ElectricDevice,4,High Voltage Generation,69,Thermal Solar HV
electric,Electric_Utility_Network_Expanded,ElectricDevice,4,High Voltage Generation,0,Unknown
electric,Electric_Utility_Network_Expanded,ElectricDevice,4,High Voltage Generation,70,Wind HV
electric,Electric_Utility_Network_Expanded,ElectricDevice,61,High Voltage Line Hardware,837,Aerial Marker
electric,Electric_Utility_Network_Expanded,ElectricDevice,61,High Voltage Line Hardware,841,Airflow Spoiler
electric,Electric_Utility_Network_Expanded,ElectricDevice,61,High Voltage Line Hardware,842,Bird Diverter
electric,Electric_Utility_Network_Expanded,ElectricDevice,61,High Voltage Line Hardware,838,Buried Cable Marker
electric,Electric_Utility_Network_Expanded,ElectricDevice,61,High Voltage Line Hardware,834,Damper
electric,Electric_Utility_Network_Expanded,ElectricDevice,61,High Voltage Line Hardware,843,Line Weight
electric,Electric_Utility_Network_Expanded,ElectricDevice,61,High Voltage Line Hardware,840,Overhead Water Crossing Marker
electric,Electric_Utility_Network_Expanded,ElectricDevice,61,High Voltage Line Hardware,836,Spacer
electric,Electric_Utility_Network_Expanded,ElectricDevice,61,High Voltage Line Hardware,839,Submerged Cable Marker
electric,Electric_Utility_Network_Expanded,ElectricDevice,61,High Voltage Line Hardware,0,Unknown
electric,Electric_Utility_Network_Expanded,ElectricDevice,5,High Voltage Line Monitor and Relay,80,Fault Indicator HV
electric,Electric_Utility_Network_Expanded,ElectricDevice,5,High Voltage Line Monitor and Relay,81,Instrument Transformer HV
electric,Electric_Utility_Network_Expanded,ElectricDevice,5,High Voltage Line Monitor and Relay,82,Load Monitor HV
electric,Electric_Utility_Network_Expanded,ElectricDevice,5,High Voltage Line Monitor and Relay,83,Relay HV
electric,Electric_Utility_Network_Expanded,ElectricDevice,5,High Voltage Line Monitor and Relay,0,Unknown
electric,Electric_Utility_Network_Expanded,ElectricDevice,6,High Voltage Power Conversion,103,Bidirectional HV
electric,Electric_Utility_Network_Expanded,ElectricDevice,6,High Voltage Power Conversion,101,Inverter HV
electric,Electric_Utility_Network_Expanded,ElectricDevice,6,High Voltage Power Conversion,102,Rectifier HV
electric,Electric_Utility_Network_Expanded,ElectricDevice,6,High Voltage Power Conversion,0,Unknown
electric,Electric_Utility_Network_Expanded,ElectricDevice,7,High Voltage Power Factor Correcting,121,AC Capacitor HV
electric,Electric_Utility_Network_Expanded,ElectricDevice,7,High Voltage Power Factor Correcting,123,AC Reactor HV
electric,Electric_Utility_Network_Expanded,ElectricDevice,7,High Voltage Power Factor Correcting,122,AC Wave Trap HV
electric,Electric_Utility_Network_Expanded,ElectricDevice,7,High Voltage Power Factor Correcting,124,DC Capacitor HV
electric,Electric_Utility_Network_Expanded,ElectricDevice,7,High Voltage Power Factor Correcting,125,DC Reactor HV
electric,Electric_Utility_Network_Expanded,ElectricDevice,7,High Voltage Power Factor Correcting,126,Synchronous Condenser HV
electric,Electric_Utility_Network_Expanded,ElectricDevice,7,High Voltage Power Factor Correcting,0,Unknown
electric,Electric_Utility_Network_Expanded,ElectricDevice,8,High Voltage Regulator,171,AC Single Phase HV
electric,Electric_Utility_Network_Expanded,ElectricDevice,8,High Voltage Regulator,172,AC Three Phase HV
electric,Electric_Utility_Network_Expanded,ElectricDevice,8,High Voltage Regulator,173,DC Regulator HV
electric,Electric_Utility_Network_Expanded,ElectricDevice,8,High Voltage Regulator,174,Frequency Converter HV
electric,Electric_Utility_Network_Expanded,ElectricDevice,8,High Voltage Regulator,0,Unknown
electric,Electric_Utility_Network_Expanded,ElectricDevice,12,High Voltage Section Head,221,AC Section Head HV
electric,Electric_Utility_Network_Expanded,ElectricDevice,12,High Voltage Section Head,223,AC Tap HV
electric,Electric_Utility_Network_Expanded,ElectricDevice,12,High Voltage Section Head,222,DC Section Head HV
electric,Electric_Utility_Network_Expanded,ElectricDevice,12,High Voltage Section Head,224,DC Tap HV
electric,Electric_Utility_Network_Expanded,ElectricDevice,12,High Voltage Section Head,0,Unknown
electric,Electric_Utility_Network_Expanded,ElectricDevice,9,High Voltage Service,161,AC Metering HV
electric,Electric_Utility_Network_Expanded,ElectricDevice,9,High Voltage Service,162,DC Metering HV
electric,Electric_Utility_Network_Expanded,ElectricDevice,9,High Voltage Service,163,High Voltage Premise HV
electric,Electric_Utility_Network_Expanded,ElectricDevice,9,High Voltage Service,0,Unknown
electric,Electric_Utility_Network_Expanded,ElectricDevice,10,High Voltage Switch,187,AC Bus Tie Breaker HV
electric,Electric_Utility_Network_Expanded,ElectricDevice,10,High Voltage Switch,181,AC Circuit Breaker HV
electric,Electric_Utility_Network_Expanded,ElectricDevice,10,High Voltage Switch,191,AC Circuit Breaker HV - Controller
electric,Electric_Utility_Network_Expanded,ElectricDevice,10,High Voltage Switch,189,AC Disconnect - Grounded HV
electric,Electric_Utility_Network_Expanded,ElectricDevice,10,High Voltage Switch,182,AC Disconnect HV
electric,Electric_Utility_Network_Expanded,ElectricDevice,10,High Voltage Switch,195,AC Disconnect HV - Controller
electric,Electric_Utility_Network_Expanded,ElectricDevice,10,High Voltage Switch,196,AC Grounding HV
electric,Electric_Utility_Network_Expanded,ElectricDevice,10,High Voltage Switch,1,AC Overhead HV
electric,Electric_Utility_Network_Expanded,ElectricDevice,10,High Voltage Switch,190,AC Recloser HV
electric,Electric_Utility_Network_Expanded,ElectricDevice,10,High Voltage Switch,3,AC Station HV
electric,Electric_Utility_Network_Expanded,ElectricDevice,10,High Voltage Switch,192,AC Station Load Break Disconnect HV
electric,Electric_Utility_Network_Expanded,ElectricDevice,10,High Voltage Switch,193,AC Station Load Break Disconnect HV - Controller
electric,Electric_Utility_Network_Expanded,ElectricDevice,10,High Voltage Switch,183,AC Switchgear HV
electric,Electric_Utility_Network_Expanded,ElectricDevice,10,High Voltage Switch,197,AC Thyristor HV
electric,Electric_Utility_Network_Expanded,ElectricDevice,10,High Voltage Switch,199,AC Transfer Switch HV
electric,Electric_Utility_Network_Expanded,ElectricDevice,10,High Voltage Switch,2,AC Underground HV
electric,Electric_Utility_Network_Expanded,ElectricDevice,10,High Voltage Switch,188,DC Bus Tie Breaker HV
electric,Electric_Utility_Network_Expanded,ElectricDevice,10,High Voltage Switch,184,DC Circuit Breaker HV
electric,Electric_Utility_Network_Expanded,ElectricDevice,10,High Voltage Switch,194,DC Circuit Breaker HV - Controller
electric,Electric_Utility_Network_Expanded,ElectricDevice,10,High Voltage Switch,185,DC Disconnect HV
electric,Electric_Utility_Network_Expanded,ElectricDevice,10,High Voltage Switch,11,DC Overhead HV
electric,Electric_Utility_Network_Expanded,ElectricDevice,10,High Voltage Switch,13,DC Station HV
electric,Electric_Utility_Network_Expanded,ElectricDevice,10,High Voltage Switch,186,DC Switchgear HV
electric,Electric_Utility_Network_Expanded,ElectricDevice,10,High Voltage Switch,198,DC Thyristor HV
electric,Electric_Utility_Network_Expanded,ElectricDevice,10,High Voltage Switch,12,DC Underground HV
electric,Electric_Utility_Network_Expanded,ElectricDevice,10,High Voltage Switch,0,Unknown
electric,Electric_Utility_Network_Expanded,ElectricDevice,49,High Voltage Tap Changer,926,Regulator Tap Changer HV
electric,Electric_Utility_Network_Expanded,ElectricDevice,49,High Voltage Tap Changer,925,Tap Changer Controller HV
electric,Electric_Utility_Network_Expanded,ElectricDevice,49,High Voltage Tap Changer,927,Transformer Tap Changer HV
electric,Electric_Utility_Network_Expanded,ElectricDevice,49,High Voltage Tap Changer,0,Unknown
electric,Electric_Utility_Network_Expanded,ElectricDevice,11,High Voltage Transformer,201,AC Single Phase - HV->MV
electric,Electric_Utility_Network_Expanded,ElectricDevice,11,High Voltage Transformer,202,AC Three Phase - HV->MV
electric,Electric_Utility_Network_Expanded,ElectricDevice,11,High Voltage Transformer,203,DC Power - HV->HV
electric,Electric_Utility_Network_Expanded,ElectricDevice,11,High Voltage Transformer,204,Grounding Transformer - HV->MV
electric,Electric_Utility_Network_Expanded,ElectricDevice,11,High Voltage Transformer,208,Phase Control - HV->HV
electric,Electric_Unbalanced_Distribution_Utility_Network_Essentials,ElectricDevice,11,High Voltage Transformer,205,Power Transformer HV->MV
electric,Electric_Balanced_Distribution_Utility_Network_Essentials,ElectricDevice,11,High Voltage Transformer,205,Station - HV->MV
electric,Electric_Balanced_Distribution_Utility_Network_Essentials,ElectricDevice,11,High Voltage Transformer,211,Station Step - HV->HV
electric,Electric_Balanced_Distribution_Utility_Network_Essentials,ElectricDevice,11,High Voltage Transformer,210,Station Step Up - MV->HV
electric,Electric_Balanced_Distribution_Utility_Network_Essentials,ElectricDevice,11,High Voltage Transformer,206,Station Three Winding - HV->HV-HV
electric,Electric_Balanced_Distribution_Utility_Network_Essentials,ElectricDevice,11,High Voltage Transformer,209,Station Three Winding - HV->HV-LV
electric,Electric_Balanced_Distribution_Utility_Network_Essentials,ElectricDevice,11,High Voltage Transformer,207,Station Three Winding - HV->HV-MV
electric,Electric_Balanced_Distribution_Utility_Network_Essentials,ElectricDevice,11,High Voltage Transformer,213,Station Three Winding - HV->MV-LV
electric,Electric_Balanced_Distribution_Utility_Network_Essentials,ElectricDevice,11,High Voltage Transformer,212,Station Three Winding - HV->MV-MV
electric,Electric_Balanced_Distribution_Utility_Network_Essentials,ElectricDevice,11,High Voltage Transformer,0,Unknown
electric,Electric_Balanced_Distribution_Utility_Network_Essentials,ElectricDevice,48,High Voltage Transformer Winding,871,AC Transformer Winding HV
electric,Electric_Utility_Network_Expanded,ElectricDevice,48,High Voltage Transformer Winding,872,DC Transformer Winding HV
electric,Electric_Balanced_Distribution_Utility_Network_Essentials,ElectricDevice,48,High Voltage Transformer Winding,0,Unknown
electric,Electric_Unbalanced_Distribution_Utility_Network_Essentials,ElectricDevice,31,Line Monitor and Relay,601,Fault Indicator MV
electric,Electric_Unbalanced_Distribution_Utility_Network_Essentials,ElectricDevice,31,Line Monitor and Relay,602,Instrument Transformer MV
electric,Electric_Unbalanced_Distribution_Utility_Network_Essentials,ElectricDevice,31,Line Monitor and Relay,607,Relay MV
electric,Electric_Unbalanced_Distribution_Utility_Network_Essentials,ElectricDevice,31,Line Monitor and Relay,0,Unknown
electric,Electric_Utility_Network_Expanded,ElectricDevice,39,Low Voltage Arrester,310,Line Arrester LV
electric,Electric_Utility_Network_Expanded,ElectricDevice,39,Low Voltage Arrester,314,Line Insulator LV
electric,Electric_Utility_Network_Expanded,ElectricDevice,39,Low Voltage Arrester,311,Station Arrester LV
electric,Electric_Utility_Network_Expanded,ElectricDevice,39,Low Voltage Arrester,315,Station Insulator LV
electric,Electric_Utility_Network_Expanded,ElectricDevice,39,Low Voltage Arrester,312,Underground Arrester LV
electric,Electric_Utility_Network_Expanded,ElectricDevice,39,Low Voltage Arrester,313,Underground Insulator LV
electric,Electric_Utility_Network_Expanded,ElectricDevice,39,Low Voltage Arrester,0,Unknown
electric,Electric_Utility_Network_Expanded,ElectricDevice,40,Low Voltage Circuit Breaker,471,AC Circuit Breaker LV
electric,Electric_Utility_Network_Expanded,ElectricDevice,40,Low Voltage Circuit Breaker,473,AC Circuit Breaker LV - Controller
electric,Electric_Utility_Network_Expanded,ElectricDevice,40,Low Voltage Circuit Breaker,1,AC Overhead
electric,Electric_Utility_Network_Expanded,ElectricDevice,40,Low Voltage Circuit Breaker,4,AC Overhead Bank
electric,Electric_Utility_Network_Expanded,ElectricDevice,40,Low Voltage Circuit Breaker,3,AC Station
electric,Electric_Utility_Network_Expanded,ElectricDevice,40,Low Voltage Circuit Breaker,6,AC Station Bank
electric,Electric_Utility_Network_Expanded,ElectricDevice,40,Low Voltage Circuit Breaker,2,AC Underground
electric,Electric_Utility_Network_Expanded,ElectricDevice,40,Low Voltage Circuit Breaker,5,AC Underground Bank
electric,Electric_Balanced_Distribution_Utility_Network_Essentials,ElectricDevice,40,Low Voltage Circuit Breaker,471,Circuit Breaker LV
electric,Electric_Balanced_Distribution_Utility_Network_Essentials,ElectricDevice,40,Low Voltage Circuit Breaker,473,Circuit Breaker LV - Controller
electric,Electric_Utility_Network_Expanded,ElectricDevice,40,Low Voltage Circuit Breaker,472,DC Circuit Breaker LV
electric,Electric_Utility_Network_Expanded,ElectricDevice,40,Low Voltage Circuit Breaker,474,DC Circuit Breaker LV - Controller
electric,Electric_Utility_Network_Expanded,ElectricDevice,40,Low Voltage Circuit Breaker,11,DC Overhead
electric,Electric_Utility_Network_Expanded,ElectricDevice,40,Low Voltage Circuit Breaker,14,DC Overhead Bank
electric,Electric_Utility_Network_Expanded,ElectricDevice,40,Low Voltage Circuit Breaker,13,DC Station
electric,Electric_Utility_Network_Expanded,ElectricDevice,40,Low Voltage Circuit Breaker,16,DC Station Bank
electric,Electric_Utility_Network_Expanded,ElectricDevice,40,Low Voltage Circuit Breaker,12,DC Underground
electric,Electric_Utility_Network_Expanded,ElectricDevice,40,Low Voltage Circuit Breaker,15,DC Underground Bank
electric,Electric_Balanced_Distribution_Utility_Network_Essentials,ElectricDevice,40,Low Voltage Circuit Breaker,0,Unknown
electric,Electric_Utility_Network_Expanded,ElectricDevice,13,Low Voltage Control Unit,241,Control Unit LV
electric,Electric_Utility_Network_Expanded,ElectricDevice,13,Low Voltage Control Unit,0,Unknown
electric,Electric_Utility_Network_Expanded,ElectricDevice,14,Low Voltage Fuse,1,AC Overhead
electric,Electric_Utility_Network_Expanded,ElectricDevice,14,Low Voltage Fuse,4,AC Overhead Bank
electric,Electric_Utility_Network_Expanded,ElectricDevice,14,Low Voltage Fuse,273,AC Overhead Cutout Disconnect Fuse LV - Controller
electric,Electric_Utility_Network_Expanded,ElectricDevice,14,Low Voltage Fuse,271,AC Overhead Cutout Load Break Disconnect Fuse LV
electric,Electric_Utility_Network_Expanded,ElectricDevice,14,Low Voltage Fuse,274,AC Overhead Cutout Load Break Fuse LV
electric,Electric_Utility_Network_Expanded,ElectricDevice,14,Low Voltage Fuse,272,AC Overhead Cutout Load Break Fuse LV - Controller
electric,Electric_Utility_Network_Expanded,ElectricDevice,14,Low Voltage Fuse,261,AC Overhead Fuse LV
electric,Electric_Utility_Network_Expanded,ElectricDevice,14,Low Voltage Fuse,266,AC Overhead Fuse LV - Controller
electric,Electric_Utility_Network_Expanded,ElectricDevice,14,Low Voltage Fuse,265,AC Overhead Load Break Fuse LV
electric,Electric_Utility_Network_Expanded,ElectricDevice,14,Low Voltage Fuse,3,AC Station
electric,Electric_Utility_Network_Expanded,ElectricDevice,14,Low Voltage Fuse,6,AC Station Bank
electric,Electric_Utility_Network_Expanded,ElectricDevice,14,Low Voltage Fuse,2,AC Underground
electric,Electric_Utility_Network_Expanded,ElectricDevice,14,Low Voltage Fuse,5,AC Underground Bank
electric,Electric_Utility_Network_Expanded,ElectricDevice,14,Low Voltage Fuse,262,AC Underground Fuse LV
electric,Electric_Utility_Network_Expanded,ElectricDevice,14,Low Voltage Fuse,268,AC Underground Fuse LV - Controller
electric,Electric_Utility_Network_Expanded,ElectricDevice,14,Low Voltage Fuse,267,AC Underground Load Break Fuse LV
electric,Electric_Utility_Network_Expanded,ElectricDevice,14,Low Voltage Fuse,11,DC Overhead
electric,Electric_Utility_Network_Expanded,ElectricDevice,14,Low Voltage Fuse,14,DC Overhead Bank
electric,Electric_Utility_Network_Expanded,ElectricDevice,14,Low Voltage Fuse,263,DC Overhead Fuse LV
electric,Electric_Utility_Network_Expanded,ElectricDevice,14,Low Voltage Fuse,269,DC Overhead Fuse LV - Controller
electric,Electric_Utility_Network_Expanded,ElectricDevice,14,Low Voltage Fuse,13,DC Station
electric,Electric_Utility_Network_Expanded,ElectricDevice,14,Low Voltage Fuse,16,DC Station Bank
electric,Electric_Utility_Network_Expanded,ElectricDevice,14,Low Voltage Fuse,12,DC Underground
electric,Electric_Utility_Network_Expanded,ElectricDevice,14,Low Voltage Fuse,15,DC Underground Bank
electric,Electric_Utility_Network_Expanded,ElectricDevice,14,Low Voltage Fuse,264,DC Underground Fuse LV
electric,Electric_Utility_Network_Expanded,ElectricDevice,14,Low Voltage Fuse,270,DC Underground Fuse LV - Controller
electric,Electric_Unbalanced_Distribution_Utility_Network_Essentials,ElectricDevice,14,Low Voltage Fuse,4,Overhead Bank
electric,Electric_Balanced_Distribution_Utility_Network_Essentials,ElectricDevice,14,Low Voltage Fuse,260,Service Fuse Disconnect LV
electric,Electric_Balanced_Distribution_Utility_Network_Essentials,ElectricDevice,14,Low Voltage Fuse,259,Service Fuse Load Break LV
electric,Electric_Balanced_Distribution_Utility_Network_Essentials,ElectricDevice,14,Low Voltage Fuse,6,Station
electric,Electric_Unbalanced_Distribution_Utility_Network_Essentials,ElectricDevice,14,Low Voltage Fuse,6,Station Bank
electric,Electric_Balanced_Distribution_Utility_Network_Essentials,ElectricDevice,14,Low Voltage Fuse,275,Station Disconnect Fuse LV
electric,Electric_Balanced_Distribution_Utility_Network_Essentials,ElectricDevice,14,Low Voltage Fuse,278,Station Disconnect Fuse LV - Controller
electric,Electric_Balanced_Distribution_Utility_Network_Essentials,ElectricDevice,14,Low Voltage Fuse,277,Station Load Break Disconnect Fuse LV
electric,Electric_Balanced_Distribution_Utility_Network_Essentials,ElectricDevice,14,Low Voltage Fuse,280,Station Load Break Disconnect Fuse LV - Controller
electric,Electric_Balanced_Distribution_Utility_Network_Essentials,ElectricDevice,14,Low Voltage Fuse,276,Station Load Break Fuse LV
electric,Electric_Balanced_Distribution_Utility_Network_Essentials,ElectricDevice,14,Low Voltage Fuse,279,Station Load Break Fuse LV - Controller
electric,Electric_Unbalanced_Distribution_Utility_Network_Essentials,ElectricDevice,14,Low Voltage Fuse,5,Underground Bank
electric,Electric_Balanced_Distribution_Utility_Network_Essentials,ElectricDevice,14,Low Voltage Fuse,0,Unknown
electric,Electric_Utility_Network_Expanded,ElectricDevice,15,Low Voltage Generation,286,AC Wave LV
electric,Electric_Utility_Network_Expanded,ElectricDevice,15,Low Voltage Generation,281,Battery LV
electric,Electric_Utility_Network_Expanded,ElectricDevice,15,Low Voltage Generation,428,Car Charger LV
electric,Electric_Balanced_Distribution_Utility_Network_Essentials,ElectricDevice,15,Low Voltage Generation,283,Generator LV
electric,Electric_Balanced_Distribution_Utility_Network_Essentials,ElectricDevice,15,Low Voltage Generation,284,Residential Photovoltaic Solar LV
electric,Electric_Balanced_Distribution_Utility_Network_Essentials,ElectricDevice,15,Low Voltage Generation,0,Unknown
electric,Electric_Utility_Network_Expanded,ElectricDevice,15,Low Voltage Generation,285,Wind Turbine LV
electric,Electric_Balanced_Distribution_Utility_Network_Essentials,ElectricDevice,16,Low Voltage Lighting,301,Floodlight LV
electric,Electric_Balanced_Distribution_Utility_Network_Essentials,ElectricDevice,16,Low Voltage Lighting,302,Streetlight LV
electric,Electric_Balanced_Distribution_Utility_Network_Essentials,ElectricDevice,16,Low Voltage Lighting,0,Unknown
electric,Electric_Balanced_Distribution_Utility_Network_Essentials,ElectricDevice,17,Low Voltage Line Monitor and Relay,321,Fault Indicator LV
electric,Electric_Balanced_Distribution_Utility_Network_Essentials,ElectricDevice,17,Low Voltage Line Monitor and Relay,324,Instrument Transformer LV
electric,Electric_Balanced_Distribution_Utility_Network_Essentials,ElectricDevice,17,Low Voltage Line Monitor and Relay,322,Load Monitor LV
electric,Electric_Utility_Network_Expanded,ElectricDevice,17,Low Voltage Line Monitor and Relay,323,Relay LV
electric,Electric_Balanced_Distribution_Utility_Network_Essentials,ElectricDevice,17,Low Voltage Line Monitor and Relay,0,Unknown
electric,Electric_Utility_Network_Expanded,ElectricDevice,18,Low Voltage Motor,343,DC Motor LV
electric,Electric_Balanced_Distribution_Utility_Network_Essentials,ElectricDevice,18,Low Voltage Motor,342,Motor LV
electric,Electric_Unbalanced_Distribution_Utility_Network_Essentials,ElectricDevice,18,Low Voltage Motor,341,Single Phase Motor LV
electric,Electric_Unbalanced_Distribution_Utility_Network_Essentials,ElectricDevice,18,Low Voltage Motor,342,Three Phase Motor LV
electric,Electric_Balanced_Distribution_Utility_Network_Essentials,ElectricDevice,18,Low Voltage Motor,0,Unknown
electric,Electric_Balanced_Distribution_Utility_Network_Essentials,ElectricDevice,19,Low Voltage Network Protection,361,Network Protector LV
electric,Electric_Balanced_Distribution_Utility_Network_Essentials,ElectricDevice,19,Low Voltage Network Protection,0,Unknown
electric,Electric_Balanced_Distribution_Utility_Network_Essentials,ElectricDevice,20,Low Voltage Power Conversion,387,Bidirectional LV
electric,Electric_Balanced_Distribution_Utility_Network_Essentials,ElectricDevice,20,Low Voltage Power Conversion,383,Inverter LV
electric,Electric_Balanced_Distribution_Utility_Network_Essentials,ElectricDevice,20,Low Voltage Power Conversion,384,Rectifier LV
electric,Electric_Utility_Network_Expanded,ElectricDevice,20,Low Voltage Power Conversion,386,Single Phase Bidirectional LV
electric,Electric_Utility_Network_Expanded,ElectricDevice,20,Low Voltage Power Conversion,381,Single Phase Inverter LV
electric,Electric_Utility_Network_Expanded,ElectricDevice,20,Low Voltage Power Conversion,382,Single Phase Rectifier LV
electric,Electric_Utility_Network_Expanded,ElectricDevice,20,Low Voltage Power Conversion,387,Three Phase Bidirectional LV
electric,Electric_Utility_Network_Expanded,ElectricDevice,20,Low Voltage Power Conversion,383,Three Phase Inverter LV
electric,Electric_Utility_Network_Expanded,ElectricDevice,20,Low Voltage Power Conversion,384,Three Phase Rectifier LV
electric,Electric_Balanced_Distribution_Utility_Network_Essentials,ElectricDevice,20,Low Voltage Power Conversion,0,Unknown
electric,Electric_Utility_Network_Expanded,ElectricDevice,20,Low Voltage Power Conversion,390,Wave Trap LV
electric,Electric_Utility_Network_Expanded,ElectricDevice,21,Low Voltage Power Factor Correcting,1,AC Overhead
electric,Electric_Utility_Network_Expanded,ElectricDevice,21,Low Voltage Power Factor Correcting,4,AC Overhead Bank
electric,Electric_Utility_Network_Expanded,ElectricDevice,21,Low Voltage Power Factor Correcting,3,AC Station
electric,Electric_Utility_Network_Expanded,ElectricDevice,21,Low Voltage Power Factor Correcting,6,AC Station Bank
electric,Electric_Utility_Network_Expanded,ElectricDevice,21,Low Voltage Power Factor Correcting,2,AC Underground
electric,Electric_Utility_Network_Expanded,ElectricDevice,21,Low Voltage Power Factor Correcting,5,AC Underground Bank
electric,Electric_Utility_Network_Expanded,ElectricDevice,21,Low Voltage Power Factor Correcting,11,DC Overhead
electric,Electric_Utility_Network_Expanded,ElectricDevice,21,Low Voltage Power Factor Correcting,13,DC Station
electric,Electric_Utility_Network_Expanded,ElectricDevice,21,Low Voltage Power Factor Correcting,12,DC Underground
electric,Electric_Utility_Network_Expanded,ElectricDevice,21,Low Voltage Power Factor Correcting,401,Mobile Harmonic Filter LV
electric,Electric_Utility_Network_Expanded,ElectricDevice,21,Low Voltage Power Factor Correcting,402,Mobile Reactor LV
electric,Electric_Utility_Network_Expanded,ElectricDevice,21,Low Voltage Power Factor Correcting,403,Overhead Capacitor LV
electric,Electric_Utility_Network_Expanded,ElectricDevice,21,Low Voltage Power Factor Correcting,404,Overhead Harmonic Filter LV
electric,Electric_Utility_Network_Expanded,ElectricDevice,21,Low Voltage Power Factor Correcting,405,Overhead Reactor LV
electric,Electric_Utility_Network_Expanded,ElectricDevice,21,Low Voltage Power Factor Correcting,406,Pad Mounted Capacitor LV
electric,Electric_Utility_Network_Expanded,ElectricDevice,21,Low Voltage Power Factor Correcting,407,Pad Mounted Harmonic Filter LV
electric,Electric_Utility_Network_Expanded,ElectricDevice,21,Low Voltage Power Factor Correcting,408,Pad Mounted Reactor LV
electric,Electric_Balanced_Distribution_Utility_Network_Essentials,ElectricDevice,21,Low Voltage Power Factor Correcting,6,Station
electric,Electric_Utility_Network_Expanded,ElectricDevice,21,Low Voltage Power Factor Correcting,409,Station Capacitor LV
electric,Electric_Utility_Network_Expanded,ElectricDevice,21,Low Voltage Power Factor Correcting,410,Station Harmonic Filter LV
electric,Electric_Utility_Network_Expanded,ElectricDevice,21,Low Voltage Power Factor Correcting,411,Station Reactor LV
electric,Electric_Balanced_Distribution_Utility_Network_Essentials,ElectricDevice,21,Low Voltage Power Factor Correcting,0,Unknown
electric,Electric_Utility_Network_Expanded,ElectricDevice,45,Low Voltage Regulator,141,AC Single Phase LV
electric,Electric_Utility_Network_Expanded,ElectricDevice,45,Low Voltage Regulator,142,AC Three Phase LV
electric,Electric_Utility_Network_Expanded,ElectricDevice,45,Low Voltage Regulator,143,DC Regulator LV
electric,Electric_Utility_Network_Expanded,ElectricDevice,45,Low Voltage Regulator,145,Frequency Converter LV
electric,Electric_Utility_Network_Expanded,ElectricDevice,45,Low Voltage Regulator,144,Network Load Balancer LV
electric,Electric_Utility_Network_Expanded,ElectricDevice,45,Low Voltage Regulator,0,Unknown
electric,Electric_Utility_Network_Expanded,ElectricDevice,22,Low Voltage Service,428,Car Charger LV
electric,Electric_Balanced_Distribution_Utility_Network_Essentials,ElectricDevice,22,Low Voltage Service,423,Commercial LV
electric,Electric_Utility_Network_Expanded,ElectricDevice,22,Low Voltage Service,426,DC Commercial LV
electric,Electric_Balanced_Distribution_Utility_Network_Essentials,ElectricDevice,22,Low Voltage Service,427,Low Voltage Premise LV
electric,Electric_Balanced_Distribution_Utility_Network_Essentials,ElectricDevice,22,Low Voltage Service,424,Residential LV
electric,Electric_Unbalanced_Distribution_Utility_Network_Essentials,ElectricDevice,22,Low Voltage Service,427,Secondary Premise LV
electric,Electric_Utility_Network_Expanded,ElectricDevice,22,Low Voltage Service,421,Single Phase Commercial LV
electric,Electric_Utility_Network_Expanded,ElectricDevice,22,Low Voltage Service,422,Single Phase Residential LV
electric,Electric_Utility_Network_Expanded,ElectricDevice,22,Low Voltage Service,423,Three Phase Commercial LV
electric,Electric_Utility_Network_Expanded,ElectricDevice,22,Low Voltage Service,424,Three Phase Residential LV
electric,Electric_Balanced_Distribution_Utility_Network_Essentials,ElectricDevice,22,Low Voltage Service,0,Unknown
electric,Electric_Balanced_Distribution_Utility_Network_Essentials,ElectricDevice,22,Low Voltage Service,425,Unmetered Load LV
electric,Electric_Utility_Network_Expanded,ElectricDevice,23,Low Voltage Switch,1,AC Overhead
electric,Electric_Utility_Network_Expanded,ElectricDevice,23,Low Voltage Switch,4,AC Overhead Bank
electric,Electric_Utility_Network_Expanded,ElectricDevice,23,Low Voltage Switch,458,AC Recloser LV
electric,Electric_Utility_Network_Expanded,ElectricDevice,23,Low Voltage Switch,3,AC Station
electric,Electric_Utility_Network_Expanded,ElectricDevice,23,Low Voltage Switch,6,AC Station Bank
electric,Electric_Utility_Network_Expanded,ElectricDevice,23,Low Voltage Switch,457,AC Station Bypass LV
electric,Electric_Utility_Network_Expanded,ElectricDevice,23,Low Voltage Switch,431,AC Station Disconnect LV
electric,Electric_Utility_Network_Expanded,ElectricDevice,23,Low Voltage Switch,434,AC Station Disconnect LV - Controller
electric,Electric_Utility_Network_Expanded,ElectricDevice,23,Low Voltage Switch,433,AC Station Load Break Disconnect LV
electric,Electric_Utility_Network_Expanded,ElectricDevice,23,Low Voltage Switch,436,AC Station Load Break Disconnect LV - Controller
electric,Electric_Utility_Network_Expanded,ElectricDevice,23,Low Voltage Switch,432,AC Station Load Break LV
electric,Electric_Utility_Network_Expanded,ElectricDevice,23,Low Voltage Switch,435,AC Station Load Break LV - Controller
electric,Electric_Utility_Network_Expanded,ElectricDevice,23,Low Voltage Switch,2,AC Underground
electric,Electric_Utility_Network_Expanded,ElectricDevice,23,Low Voltage Switch,5,AC Underground Bank
electric,Electric_Utility_Network_Expanded,ElectricDevice,23,Low Voltage Switch,11,DC Overhead
electric,Electric_Utility_Network_Expanded,ElectricDevice,23,Low Voltage Switch,14,DC Overhead Bank
electric,Electric_Utility_Network_Expanded,ElectricDevice,23,Low Voltage Switch,13,DC Station
electric,Electric_Utility_Network_Expanded,ElectricDevice,23,Low Voltage Switch,16,DC Station Bank
electric,Electric_Utility_Network_Expanded,ElectricDevice,23,Low Voltage Switch,456,DC Station LV
electric,Electric_Utility_Network_Expanded,ElectricDevice,23,Low Voltage Switch,12,DC Underground
electric,Electric_Utility_Network_Expanded,ElectricDevice,23,Low Voltage Switch,15,DC Underground Bank
electric,Electric_Utility_Network_Expanded,ElectricDevice,23,Low Voltage Switch,450,Indoor AC Disconnect LV
electric,Electric_Utility_Network_Expanded,ElectricDevice,23,Low Voltage Switch,449,Indoor AC Load Break LV
electric,Electric_Utility_Network_Expanded,ElectricDevice,23,Low Voltage Switch,452,Indoor DC Disconnect LV
electric,Electric_Utility_Network_Expanded,ElectricDevice,23,Low Voltage Switch,451,Indoor DC Load Break LV
electric,Electric_Utility_Network_Expanded,ElectricDevice,23,Low Voltage Switch,442,Overhead AC Disconnect LV
electric,Electric_Utility_Network_Expanded,ElectricDevice,23,Low Voltage Switch,441,Overhead AC Load Break LV
electric,Electric_Unbalanced_Distribution_Utility_Network_Essentials,ElectricDevice,23,Low Voltage Switch,4,Overhead Bank
electric,Electric_Utility_Network_Expanded,ElectricDevice,23,Low Voltage Switch,444,Overhead DC Disconnect LV
electric,Electric_Utility_Network_Expanded,ElectricDevice,23,Low Voltage Switch,443,Overhead DC Load Break LV
electric,Electric_Utility_Network_Expanded,ElectricDevice,23,Low Voltage Switch,454,Overhead Jumper LV
electric,Electric_Utility_Network_Expanded,ElectricDevice,23,Low Voltage Switch,453,Source Selectable Switch LV
electric,Electric_Balanced_Distribution_Utility_Network_Essentials,ElectricDevice,23,Low Voltage Switch,6,Station
electric,Electric_Unbalanced_Distribution_Utility_Network_Essentials,ElectricDevice,23,Low Voltage Switch,6,Station Bank
electric,Electric_Balanced_Distribution_Utility_Network_Essentials,ElectricDevice,23,Low Voltage Switch,431,Station Disconnect LV
electric,Electric_Balanced_Distribution_Utility_Network_Essentials,ElectricDevice,23,Low Voltage Switch,434,Station Disconnect LV - Controller
electric,Electric_Balanced_Distribution_Utility_Network_Essentials,ElectricDevice,23,Low Voltage Switch,433,Station Load Break Disconnect LV
electric,Electric_Balanced_Distribution_Utility_Network_Essentials,ElectricDevice,23,Low Voltage Switch,436,Station Load Break Disconnect LV - Controller
electric,Electric_Balanced_Distribution_Utility_Network_Essentials,ElectricDevice,23,Low Voltage Switch,432,Station Load Break LV
electric,Electric_Balanced_Distribution_Utility_Network_Essentials,ElectricDevice,23,Low Voltage Switch,435,Station Load Break LV - Controller
electric,Electric_Utility_Network_Expanded,ElectricDevice,23,Low Voltage Switch,446,Underground AC Disconnect LV
electric,Electric_Utility_Network_Expanded,ElectricDevice,23,Low Voltage Switch,445,Underground AC Load Break LV
electric,Electric_Unbalanced_Distribution_Utility_Network_Essentials,ElectricDevice,23,Low Voltage Switch,5,Underground Bank
electric,Electric_Utility_Network_Expanded,ElectricDevice,23,Low Voltage Switch,448,Underground DC Disconnect LV
electric,Electric_Utility_Network_Expanded,ElectricDevice,23,Low Voltage Switch,447,Underground DC Load Break LV
electric,Electric_Balanced_Distribution_Utility_Network_Essentials,ElectricDevice,23,Low Voltage Switch,0,Unknown
electric,Electric_Utility_Network_Expanded,ElectricDevice,24,Low Voltage Transformer,461,Single Phase - LV->LV
electric,Electric_Utility_Network_Expanded,ElectricDevice,24,Low Voltage Transformer,462,Three Phase - LV->LV
electric,Electric_Utility_Network_Expanded,ElectricDevice,24,Low Voltage Transformer,463,Three Winding - LV->LV-LV
electric,Electric_Balanced_Distribution_Utility_Network_Essentials,ElectricDevice,24,Low Voltage Transformer,462,Transformer - LV->LV
electric,Electric_Balanced_Distribution_Utility_Network_Essentials,ElectricDevice,24,Low Voltage Transformer,0,Unknown
electric,Electric_Balanced_Distribution_Utility_Network_Essentials,ElectricDevice,46,Low Voltage Transformer Winding,874,AC Transformer Winding LV
electric,Electric_Utility_Network_Expanded,ElectricDevice,46,Low Voltage Transformer Winding,875,DC Transformer Winding LV
electric,Electric_Balanced_Distribution_Utility_Network_Essentials,ElectricDevice,46,Low Voltage Transformer Winding,0,Unknown
electric,Electric_Balanced_Distribution_Utility_Network_Essentials,ElectricDevice,44,Low Voltage Wire Connector,861,Ring Terminal LV
electric,Electric_Balanced_Distribution_Utility_Network_Essentials,ElectricDevice,44,Low Voltage Wire Connector,0,Unknown
electric,Electric_Utility_Network_Expanded,ElectricDevice,25,Medium Voltage Arrester,481,Elbow Arrester MV
electric,Electric_Utility_Network_Expanded,ElectricDevice,25,Medium Voltage Arrester,483,Station Arrester MV
electric,Electric_Utility_Network_Expanded,ElectricDevice,25,Medium Voltage Arrester,0,Unknown
electric,Electric_Balanced_Distribution_Utility_Network_Essentials,ElectricDevice,26,Medium Voltage Circuit Breaker,513,Circuit Breaker - Controller MV
electric,Electric_Balanced_Distribution_Utility_Network_Essentials,ElectricDevice,26,Medium Voltage Circuit Breaker,503,Circuit Breaker MV
electric,Electric_Utility_Network_Expanded,ElectricDevice,26,Medium Voltage Circuit Breaker,501,Isolator Switch MV
electric,Electric_Utility_Network_Expanded,ElectricDevice,26,Medium Voltage Circuit Breaker,515,Network Protector MV
electric,Electric_Utility_Network_Expanded,ElectricDevice,26,Medium Voltage Circuit Breaker,502,Single Phase Circuit Breaker MV
electric,Electric_Utility_Network_Expanded,ElectricDevice,26,Medium Voltage Circuit Breaker,512,Single Phase Circuit Breaker MV - Controller
electric,Electric_Utility_Network_Expanded,ElectricDevice,26,Medium Voltage Circuit Breaker,503,Three Phase Circuit Breaker MV
electric,Electric_Utility_Network_Expanded,ElectricDevice,26,Medium Voltage Circuit Breaker,513,Three Phase Circuit Breaker MV - Controller
electric,Electric_Balanced_Distribution_Utility_Network_Essentials,ElectricDevice,26,Medium Voltage Circuit Breaker,0,Unknown
electric,Electric_Utility_Network_Expanded,ElectricDevice,27,Medium Voltage Control Unit,521,Capacitor MV
electric,Electric_Utility_Network_Expanded,ElectricDevice,27,Medium Voltage Control Unit,522,Circuit Breaker MV
electric,Electric_Utility_Network_Expanded,ElectricDevice,27,Medium Voltage Control Unit,523,Recloser MV
electric,Electric_Utility_Network_Expanded,ElectricDevice,27,Medium Voltage Control Unit,525,Regulator MV
electric,Electric_Utility_Network_Expanded,ElectricDevice,27,Medium Voltage Control Unit,524,Transfer Switch Controller MV
electric,Electric_Utility_Network_Expanded,ElectricDevice,27,Medium Voltage Control Unit,0,Unknown
electric,Electric_Utility_Network_Expanded,ElectricDevice,28,Medium Voltage Elbow,2,AC Underground
electric,Electric_Utility_Network_Expanded,ElectricDevice,28,Medium Voltage Elbow,5,AC Underground Bank
electric,Electric_Utility_Network_Expanded,ElectricDevice,28,Medium Voltage Elbow,541,Load Break Feedthru MV
electric,Electric_Utility_Network_Expanded,ElectricDevice,28,Medium Voltage Elbow,542,Load Break Junction MV
electric,Electric_Utility_Network_Expanded,ElectricDevice,28,Medium Voltage Elbow,543,Single Phase Dead Break MV
electric,Electric_Utility_Network_Expanded,ElectricDevice,28,Medium Voltage Elbow,544,Single Phase Load Break MV
electric,Electric_Utility_Network_Expanded,ElectricDevice,28,Medium Voltage Elbow,545,Three Phase Dead Break MV
electric,Electric_Utility_Network_Expanded,ElectricDevice,28,Medium Voltage Elbow,546,Three Phase Load Break MV
electric,Electric_Utility_Network_Expanded,ElectricDevice,28,Medium Voltage Elbow,0,Unknown
electric,Electric_Utility_Network_Expanded,ElectricDevice,29,Medium Voltage Fuse,1,AC Overhead
electric,Electric_Utility_Network_Expanded,ElectricDevice,29,Medium Voltage Fuse,4,AC Overhead Bank
electric,Electric_Utility_Network_Expanded,ElectricDevice,29,Medium Voltage Fuse,3,AC Station
electric,Electric_Utility_Network_Expanded,ElectricDevice,29,Medium Voltage Fuse,6,AC Station Bank
electric,Electric_Utility_Network_Expanded,ElectricDevice,29,Medium Voltage Fuse,2,AC Underground
electric,Electric_Utility_Network_Expanded,ElectricDevice,29,Medium Voltage Fuse,5,AC Underground Bank
electric,Electric_Utility_Network_Expanded,ElectricDevice,29,Medium Voltage Fuse,561,Bayonet Fuse MV
electric,Electric_Utility_Network_Expanded,ElectricDevice,29,Medium Voltage Fuse,568,Cabinet Fuse MV
electric,Electric_Utility_Network_Expanded,ElectricDevice,29,Medium Voltage Fuse,562,Fault Limiter Fuse MV
electric,Electric_Utility_Network_Expanded,ElectricDevice,29,Medium Voltage Fuse,563,Indoor Fuse MV
electric,Electric_Utility_Network_Expanded,ElectricDevice,29,Medium Voltage Fuse,564,Overhead Cutout Disconnect Fuse MV
electric,Electric_Utility_Network_Expanded,ElectricDevice,29,Medium Voltage Fuse,574,Overhead Cutout Disconnect Fuse MV - Controller
electric,Electric_Utility_Network_Expanded,ElectricDevice,29,Medium Voltage Fuse,572,Overhead Cutout Load Break Disconnect Fuse MV
electric,Electric_Utility_Network_Expanded,ElectricDevice,29,Medium Voltage Fuse,575,Overhead Cutout Load Break Disconnect Fuse MV - Controller
electric,Electric_Utility_Network_Expanded,ElectricDevice,29,Medium Voltage Fuse,565,Overhead Cutout Load Break Fuse MV
electric,Electric_Utility_Network_Expanded,ElectricDevice,29,Medium Voltage Fuse,573,Overhead Cutout Load Break Fuse MV - Controller
electric,Electric_Utility_Network_Expanded,ElectricDevice,29,Medium Voltage Fuse,566,Overhead Cutout Sectionalizer Fuse MV
electric,Electric_Utility_Network_Expanded,ElectricDevice,29,Medium Voltage Fuse,567,Overhead Cutout Solid Blade Fuse MV
electric,Electric_Balanced_Distribution_Utility_Network_Essentials,ElectricDevice,29,Medium Voltage Fuse,6,Station
electric,Electric_Utility_Network_Expanded,ElectricDevice,29,Medium Voltage Fuse,570,Underground Disconnect Fuse MV
electric,Electric_Utility_Network_Expanded,ElectricDevice,29,Medium Voltage Fuse,569,Underground Fuse MV
electric,Electric_Utility_Network_Expanded,ElectricDevice,29,Medium Voltage Fuse,571,Underground Load Break Fuse MV
electric,Electric_Balanced_Distribution_Utility_Network_Essentials,ElectricDevice,29,Medium Voltage Fuse,0,Unknown
electric,Electric_Utility_Network_Expanded,ElectricDevice,30,Medium Voltage Generation,110,AC Wave MV
electric,Electric_Utility_Network_Expanded,ElectricDevice,30,Medium Voltage Generation,111,Battery MV
electric,Electric_Utility_Network_Expanded,ElectricDevice,30,Medium Voltage Generation,112,Biomass MV
electric,Electric_Utility_Network_Expanded,ElectricDevice,30,Medium Voltage Generation,114,Gas Turbine MV
electric,Electric_Balanced_Distribution_Utility_Network_Essentials,ElectricDevice,30,Medium Voltage Generation,113,Generator MV
electric,Electric_Utility_Network_Expanded,ElectricDevice,30,Medium Voltage Generation,115,Geothermal MV
electric,Electric_Utility_Network_Expanded,ElectricDevice,30,Medium Voltage Generation,116,Hydro MV
electric,Electric_Balanced_Distribution_Utility_Network_Essentials,ElectricDevice,30,Medium Voltage Generation,120,Interconnect MV
electric,Electric_Utility_Network_Expanded,ElectricDevice,30,Medium Voltage Generation,118,Photovoltaic Solar MV
electric,Electric_Utility_Network_Expanded,ElectricDevice,30,Medium Voltage Generation,119,Thermal Solar MV
electric,Electric_Balanced_Distribution_Utility_Network_Essentials,ElectricDevice,30,Medium Voltage Generation,0,Unknown
electric,Electric_Utility_Network_Expanded,ElectricDevice,30,Medium Voltage Generation,117,Wind MV
electric,Electric_Utility_Network_Expanded,ElectricDevice,62,Medium Voltage Line Hardware,837,Aerial Marker
electric,Electric_Utility_Network_Expanded,ElectricDevice,62,Medium Voltage Line Hardware,841,Airflow Spoiler
electric,Electric_Utility_Network_Expanded,ElectricDevice,62,Medium Voltage Line Hardware,842,Bird Diverter
electric,Electric_Utility_Network_Expanded,ElectricDevice,62,Medium Voltage Line Hardware,838,Buried Cable Marker
electric,Electric_Utility_Network_Expanded,ElectricDevice,62,Medium Voltage Line Hardware,834,Damper
electric,Electric_Utility_Network_Expanded,ElectricDevice,62,Medium Voltage Line Hardware,843,Line Weight
electric,Electric_Utility_Network_Expanded,ElectricDevice,62,Medium Voltage Line Hardware,840,Overhead Water Crossing Marker
electric,Electric_Utility_Network_Expanded,ElectricDevice,62,Medium Voltage Line Hardware,836,Spacer
electric,Electric_Utility_Network_Expanded,ElectricDevice,62,Medium Voltage Line Hardware,839,Submerged Cable Marker
electric,Electric_Utility_Network_Expanded,ElectricDevice,62,Medium Voltage Line Hardware,0,Unknown
electric,Electric_Utility_Network_Expanded,ElectricDevice,31,Medium Voltage Line Monitor and Relay,601,Fault Indicator MV
electric,Electric_Utility_Network_Expanded,ElectricDevice,31,Medium Voltage Line Monitor and Relay,602,Instrument Transformer MV
electric,Electric_Utility_Network_Expanded,ElectricDevice,31,Medium Voltage Line Monitor and Relay,603,Programmable Logic Unit MV
electric,Electric_Utility_Network_Expanded,ElectricDevice,31,Medium Voltage Line Monitor and Relay,607,Relay MV
electric,Electric_Utility_Network_Expanded,ElectricDevice,31,Medium Voltage Line Monitor and Relay,604,Remote Terminal Unit MV
electric,Electric_Utility_Network_Expanded,ElectricDevice,31,Medium Voltage Line Monitor and Relay,605,SCADA Load Monitor MV
electric,Electric_Utility_Network_Expanded,ElectricDevice,31,Medium Voltage Line Monitor and Relay,606,SCADA Weather Station MV
electric,Electric_Utility_Network_Expanded,ElectricDevice,31,Medium Voltage Line Monitor and Relay,0,Unknown
electric,Electric_Balanced_Distribution_Utility_Network_Essentials,ElectricDevice,32,Medium Voltage Motor and Pump,623,Motor MV
electric,Electric_Balanced_Distribution_Utility_Network_Essentials,ElectricDevice,32,Medium Voltage Motor and Pump,624,Pump MV
electric,Electric_Utility_Network_Expanded,ElectricDevice,32,Medium Voltage Motor and Pump,621,Single Phase Motor MV
electric,Electric_Utility_Network_Expanded,ElectricDevice,32,Medium Voltage Motor and Pump,622,Single Phase Pump MV
electric,Electric_Utility_Network_Expanded,ElectricDevice,32,Medium Voltage Motor and Pump,623,Three Phase Motor MV
electric,Electric_Utility_Network_Expanded,ElectricDevice,32,Medium Voltage Motor and Pump,624,Three Phase Pump MV
electric,Electric_Balanced_Distribution_Utility_Network_Essentials,ElectricDevice,32,Medium Voltage Motor and Pump,0,Unknown
electric,Electric_Balanced_Distribution_Utility_Network_Essentials,ElectricDevice,33,Medium Voltage Power Conversion,646,Bidirectional MV
electric,Electric_Balanced_Distribution_Utility_Network_Essentials,ElectricDevice,33,Medium Voltage Power Conversion,643,Inverter MV
electric,Electric_Balanced_Distribution_Utility_Network_Essentials,ElectricDevice,33,Medium Voltage Power Conversion,644,Rectifier MV
electric,Electric_Utility_Network_Expanded,ElectricDevice,33,Medium Voltage Power Conversion,645,Single Phase Bidirectional MV
electric,Electric_Utility_Network_Expanded,ElectricDevice,33,Medium Voltage Power Conversion,641,Single Phase Inverter MV
electric,Electric_Utility_Network_Expanded,ElectricDevice,33,Medium Voltage Power Conversion,642,Single Phase Rectifier MV
electric,Electric_Utility_Network_Expanded,ElectricDevice,33,Medium Voltage Power Conversion,646,Three Phase Bidirectional MV
electric,Electric_Utility_Network_Expanded,ElectricDevice,33,Medium Voltage Power Conversion,643,Three Phase Inverter MV
electric,Electric_Utility_Network_Expanded,ElectricDevice,33,Medium Voltage Power Conversion,644,Three Phase Rectifier MV
electric,Electric_Balanced_Distribution_Utility_Network_Essentials,ElectricDevice,33,Medium Voltage Power Conversion,0,Unknown
electric,Electric_Utility_Network_Expanded,ElectricDevice,33,Medium Voltage Power Conversion,647,Wave Trap MV
electric,Electric_Utility_Network_Expanded,ElectricDevice,34,Medium Voltage Power Factor Correcting,1,AC Overhead
electric,Electric_Utility_Network_Expanded,ElectricDevice,34,Medium Voltage Power Factor Correcting,4,AC Overhead Bank
electric,Electric_Utility_Network_Expanded,ElectricDevice,34,Medium Voltage Power Factor Correcting,3,AC Station
electric,Electric_Utility_Network_Expanded,ElectricDevice,34,Medium Voltage Power Factor Correcting,6,AC Station Bank
electric,Electric_Utility_Network_Expanded,ElectricDevice,34,Medium Voltage Power Factor Correcting,2,AC Underground
electric,Electric_Utility_Network_Expanded,ElectricDevice,34,Medium Voltage Power Factor Correcting,5,AC Underground Bank
electric,Electric_Utility_Network_Expanded,ElectricDevice,34,Medium Voltage Power Factor Correcting,661,Mobile Capacitor MV
electric,Electric_Utility_Network_Expanded,ElectricDevice,34,Medium Voltage Power Factor Correcting,671,Mobile Harmonic Filter MV
electric,Electric_Utility_Network_Expanded,ElectricDevice,34,Medium Voltage Power Factor Correcting,672,Mobile Reactor MV
electric,Electric_Utility_Network_Expanded,ElectricDevice,34,Medium Voltage Power Factor Correcting,666,Overhead Harmonic Filter MV
electric,Electric_Utility_Network_Expanded,ElectricDevice,34,Medium Voltage Power Factor Correcting,667,Overhead Reactor MV
electric,Electric_Utility_Network_Expanded,ElectricDevice,34,Medium Voltage Power Factor Correcting,664,Overhead Single Phase Capacitor MV
electric,Electric_Utility_Network_Expanded,ElectricDevice,34,Medium Voltage Power Factor Correcting,665,Overhead Three Phase Capacitor MV
electric,Electric_Utility_Network_Expanded,ElectricDevice,34,Medium Voltage Power Factor Correcting,673,Pad Mounted Harmonic Filter MV
electric,Electric_Utility_Network_Expanded,ElectricDevice,34,Medium Voltage Power Factor Correcting,674,Pad Mounted Reactor MV
electric,Electric_Utility_Network_Expanded,ElectricDevice,34,Medium Voltage Power Factor Correcting,668,Pad Mounted Single Phase Capacitor MV
electric,Electric_Utility_Network_Expanded,ElectricDevice,34,Medium Voltage Power Factor Correcting,669,Pad Mounted Three Phase Capacitor MV
electric,Electric_Balanced_Distribution_Utility_Network_Essentials,ElectricDevice,34,Medium Voltage Power Factor Correcting,6,Station
electric,Electric_Utility_Network_Expanded,ElectricDevice,34,Medium Voltage Power Factor Correcting,675,Station Capacitor MV
electric,Electric_Utility_Network_Expanded,ElectricDevice,34,Medium Voltage Power Factor Correcting,676,Station Harmonic Filter MV
electric,Electric_Utility_Network_Expanded,ElectricDevice,34,Medium Voltage Power Factor Correcting,677,Station Reactor MV
electric,Electric_Utility_Network_Expanded,ElectricDevice,34,Medium Voltage Power Factor Correcting,678,Synchronous Condenser MV
electric,Electric_Balanced_Distribution_Utility_Network_Essentials,ElectricDevice,34,Medium Voltage Power Factor Correcting,0,Unknown
electric,Electric_Utility_Network_Expanded,ElectricDevice,41,Medium Voltage Recloser,1,AC Overhead
electric,Electric_Utility_Network_Expanded,ElectricDevice,41,Medium Voltage Recloser,4,AC Overhead Bank
electric,Electric_Utility_Network_Expanded,ElectricDevice,41,Medium Voltage Recloser,2,AC Underground
electric,Electric_Utility_Network_Expanded,ElectricDevice,41,Medium Voltage Recloser,5,AC Underground Bank
electric,Electric_Balanced_Distribution_Utility_Network_Essentials,ElectricDevice,41,Medium Voltage Recloser,4,Overhead
electric,Electric_Utility_Network_Expanded,ElectricDevice,41,Medium Voltage Recloser,730,Overhead Single Phase Recloser MV
electric,Electric_Utility_Network_Expanded,ElectricDevice,41,Medium Voltage Recloser,744,Overhead Three Phase Recloser MV
electric,Electric_Utility_Network_Expanded,ElectricDevice,41,Medium Voltage Recloser,734,Overhead Three Phase Recloser MV - Controller
electric,Electric_Utility_Network_Expanded,ElectricDevice,41,Medium Voltage Recloser,747,Pad Mounted Single Phase Recloser MV
electric,Electric_Utility_Network_Expanded,ElectricDevice,41,Medium Voltage Recloser,748,Pad Mounted Three Phase Recloser MV
electric,Electric_Utility_Network_Expanded,ElectricDevice,41,Medium Voltage Recloser,738,Pad Mounted Three Phase Recloser MV - Controller
electric,Electric_Balanced_Distribution_Utility_Network_Essentials,ElectricDevice,41,Medium Voltage Recloser,0,Unknown
electric,Electric_Utility_Network_Expanded,ElectricDevice,35,Medium Voltage Regulator,1,AC Overhead
electric,Electric_Utility_Network_Expanded,ElectricDevice,35,Medium Voltage Regulator,4,AC Overhead Bank
electric,Electric_Utility_Network_Expanded,ElectricDevice,35,Medium Voltage Regulator,3,AC Station
electric,Electric_Utility_Network_Expanded,ElectricDevice,35,Medium Voltage Regulator,6,AC Station Bank
electric,Electric_Utility_Network_Expanded,ElectricDevice,35,Medium Voltage Regulator,2,AC Underground
electric,Electric_Utility_Network_Expanded,ElectricDevice,35,Medium Voltage Regulator,5,AC Underground Bank
electric,Electric_Utility_Network_Expanded,ElectricDevice,35,Medium Voltage Regulator,688,Frequency Converter MV
electric,Electric_Utility_Network_Expanded,ElectricDevice,35,Medium Voltage Regulator,681,Overhead Single Phase VR MV
electric,Electric_Utility_Network_Expanded,ElectricDevice,35,Medium Voltage Regulator,683,Overhead Three Phase VR MV
electric,Electric_Utility_Network_Expanded,ElectricDevice,35,Medium Voltage Regulator,685,Pad Mounted Single Phase VR MV
electric,Electric_Utility_Network_Expanded,ElectricDevice,35,Medium Voltage Regulator,687,Pad Mounted Three Phase VR MV
electric,Electric_Balanced_Distribution_Utility_Network_Essentials,ElectricDevice,35,Medium Voltage Regulator,6,Station
electric,Electric_Balanced_Distribution_Utility_Network_Essentials,ElectricDevice,35,Medium Voltage Regulator,0,Unknown
electric,Electric_Utility_Network_Expanded,ElectricDevice,42,Medium Voltage Sectionalizer,1,AC Overhead
electric,Electric_Utility_Network_Expanded,ElectricDevice,42,Medium Voltage Sectionalizer,4,AC Overhead Bank
electric,Electric_Utility_Network_Expanded,ElectricDevice,42,Medium Voltage Sectionalizer,2,AC Underground
electric,Electric_Utility_Network_Expanded,ElectricDevice,42,Medium Voltage Sectionalizer,5,AC Underground Bank
electric,Electric_Utility_Network_Expanded,ElectricDevice,42,Medium Voltage Sectionalizer,731,Overhead Single Phase Sectionalizer MV
electric,Electric_Utility_Network_Expanded,ElectricDevice,42,Medium Voltage Sectionalizer,745,Overhead Three Phase Sectionalizer MV
electric,Electric_Utility_Network_Expanded,ElectricDevice,42,Medium Voltage Sectionalizer,749,Pad Mounted Single Phase Sectionalizer MV
electric,Electric_Utility_Network_Expanded,ElectricDevice,42,Medium Voltage Sectionalizer,750,Pad Mounted Three Phase Sectionalizer MV
electric,Electric_Utility_Network_Expanded,ElectricDevice,42,Medium Voltage Sectionalizer,0,Unknown
electric,Electric_Utility_Network_Expanded,ElectricDevice,36,Medium Voltage Service,704,Medium Voltage Premise MV
electric,Electric_Balanced_Distribution_Utility_Network_Essentials,ElectricDevice,36,Medium Voltage Service,704,Premise MV
electric,Electric_Utility_Network_Expanded,ElectricDevice,36,Medium Voltage Service,701,Primary Meter - Industrial Customer MV
electric,Electric_Utility_Network_Expanded,ElectricDevice,36,Medium Voltage Service,702,Primary Meter - Utility Customer MV
electric,Electric_Utility_Network_Expanded,ElectricDevice,36,Medium Voltage Service,703,Primary Meter Circuit Source MV
electric,Electric_Balanced_Distribution_Utility_Network_Essentials,ElectricDevice,36,Medium Voltage Service,0,Unknown
electric,Electric_Utility_Network_Expanded,ElectricDevice,37,Medium Voltage Switch,1,AC Overhead
electric,Electric_Utility_Network_Expanded,ElectricDevice,37,Medium Voltage Switch,4,AC Overhead Bank
electric,Electric_Utility_Network_Expanded,ElectricDevice,37,Medium Voltage Switch,3,AC Station
electric,Electric_Balanced_Distribution_Utility_Network_Essentials,ElectricDevice,37,Medium Voltage Switch,6,AC Station Bank
electric,Electric_Utility_Network_Expanded,ElectricDevice,37,Medium Voltage Switch,2,AC Underground
electric,Electric_Utility_Network_Expanded,ElectricDevice,37,Medium Voltage Switch,5,AC Underground Bank
electric,Electric_Balanced_Distribution_Utility_Network_Essentials,ElectricDevice,37,Medium Voltage Switch,765,Bus Tie Breaker MV
electric,Electric_Utility_Network_Expanded,ElectricDevice,37,Medium Voltage Switch,721,Cabinet Bypass MV
electric,Electric_Utility_Network_Expanded,ElectricDevice,37,Medium Voltage Switch,723,Cabinet Switch - Grounded MV
electric,Electric_Utility_Network_Expanded,ElectricDevice,37,Medium Voltage Switch,722,Cabinet Switch MV
electric,Electric_Utility_Network_Expanded,ElectricDevice,37,Medium Voltage Switch,724,Overhead Bypass MV
electric,Electric_Utility_Network_Expanded,ElectricDevice,37,Medium Voltage Switch,725,Overhead Grounding Switch MV
electric,Electric_Utility_Network_Expanded,ElectricDevice,37,Medium Voltage Switch,726,Overhead Jumper MV
electric,Electric_Utility_Network_Expanded,ElectricDevice,37,Medium Voltage Switch,728,Overhead Single Phase Disconnect MV
electric,Electric_Utility_Network_Expanded,ElectricDevice,37,Medium Voltage Switch,729,Overhead Single Phase Load Break MV
electric,Electric_Utility_Network_Expanded,ElectricDevice,37,Medium Voltage Switch,732,Overhead Three Phase Disconnect MV
electric,Electric_Utility_Network_Expanded,ElectricDevice,37,Medium Voltage Switch,733,Overhead Three Phase Load Break MV
electric,Electric_Utility_Network_Expanded,ElectricDevice,37,Medium Voltage Switch,746,Pad Mounted Fault Interrupter MV
electric,Electric_Utility_Network_Expanded,ElectricDevice,37,Medium Voltage Switch,768,Station Disconnect - Grounded MV
electric,Electric_Balanced_Distribution_Utility_Network_Essentials,ElectricDevice,37,Medium Voltage Switch,752,Station Disconnect MV
electric,Electric_Utility_Network_Expanded,ElectricDevice,37,Medium Voltage Switch,770,Station Disconnect MV - Controller
electric,Electric_Utility_Network_Expanded,ElectricDevice,37,Medium Voltage Switch,727,Station Grounding MV
electric,Electric_Balanced_Distribution_Utility_Network_Essentials,ElectricDevice,37,Medium Voltage Switch,769,Station Load Break Disconnect MV
electric,Electric_Balanced_Distribution_Utility_Network_Essentials,ElectricDevice,37,Medium Voltage Switch,772,Station Load Break Disconnect MV - Controller
electric,Electric_Balanced_Distribution_Utility_Network_Essentials,ElectricDevice,37,Medium Voltage Switch,766,Station Load Break MV
electric,Electric_Balanced_Distribution_Utility_Network_Essentials,ElectricDevice,37,Medium Voltage Switch,771,Station Load Break MV - Controller
electric,Electric_Utility_Network_Expanded,ElectricDevice,37,Medium Voltage Switch,751,Station Single Phase Disconnect MV
electric,Electric_Utility_Network_Expanded,ElectricDevice,37,Medium Voltage Switch,753,T Blade MV
electric,Electric_Utility_Network_Expanded,ElectricDevice,37,Medium Voltage Switch,755,Underground Single Phase Disconnect MV
electric,Electric_Utility_Network_Expanded,ElectricDevice,37,Medium Voltage Switch,758,Underground Single Phase Load Break MV
electric,Electric_Utility_Network_Expanded,ElectricDevice,37,Medium Voltage Switch,759,Underground Three Phase Disconnect MV
electric,Electric_Utility_Network_Expanded,ElectricDevice,37,Medium Voltage Switch,760,Underground Three Phase Load Break MV
electric,Electric_Utility_Network_Expanded,ElectricDevice,37,Medium Voltage Switch,761,Underground Transfer Switch MV
electric,Electric_Balanced_Distribution_Utility_Network_Essentials,ElectricDevice,37,Medium Voltage Switch,0,Unknown
electric,Electric_Utility_Network_Expanded,ElectricDevice,37,Medium Voltage Switch,754,V Blade MV
electric,Electric_Utility_Network_Expanded,ElectricDevice,50,Medium Voltage Tap Changer,931,Regulator Tap Changer MV
electric,Electric_Utility_Network_Expanded,ElectricDevice,50,Medium Voltage Tap Changer,930,Tap Changer Controller MV
electric,Electric_Utility_Network_Expanded,ElectricDevice,50,Medium Voltage Tap Changer,932,Transformer Tap Changer MV
electric,Electric_Utility_Network_Expanded,ElectricDevice,50,Medium Voltage Tap Changer,0,Unknown
electric,Electric_Utility_Network_Expanded,ElectricDevice,38,Medium Voltage Transformer,781,Grounding Transformer - MV->MV
electric,Electric_Utility_Network_Expanded,ElectricDevice,38,Medium Voltage Transformer,782,Mobile Single Phase - MV->LV
electric,Electric_Utility_Network_Expanded,ElectricDevice,38,Medium Voltage Transformer,783,Mobile Three Phase - MV->LV
electric,Electric_Utility_Network_Expanded,ElectricDevice,38,Medium Voltage Transformer,784,Network - MV->LV
electric,Electric_Utility_Network_Expanded,ElectricDevice,38,Medium Voltage Transformer,795,Overhead Open Delta - MV->LV
electric,Electric_Utility_Network_Expanded,ElectricDevice,38,Medium Voltage Transformer,796,Overhead Open Wye - MV->LV
electric,Electric_Utility_Network_Expanded,ElectricDevice,38,Medium Voltage Transformer,785,Overhead Single Phase - MV->LV
electric,Electric_Utility_Network_Expanded,ElectricDevice,38,Medium Voltage Transformer,803,Overhead Single Phase Step - MV->MV
electric,Electric_Utility_Network_Expanded,ElectricDevice,38,Medium Voltage Transformer,801,Overhead Single Phase Step - MV<->MV
electric,Electric_Utility_Network_Expanded,ElectricDevice,38,Medium Voltage Transformer,822,Overhead Single Phase Step Up - LV->MV
electric,Electric_Utility_Network_Expanded,ElectricDevice,38,Medium Voltage Transformer,823,Overhead Single Phase Step Up - LV<->MV
electric,Electric_Utility_Network_Expanded,ElectricDevice,38,Medium Voltage Transformer,788,Overhead Three Phase - MV->LV
electric,Electric_Utility_Network_Expanded,ElectricDevice,38,Medium Voltage Transformer,804,Overhead Three Phase Step - MV->MV
electric,Electric_Utility_Network_Expanded,ElectricDevice,38,Medium Voltage Transformer,802,Overhead Three Phase Step - MV<->MV
electric,Electric_Utility_Network_Expanded,ElectricDevice,38,Medium Voltage Transformer,816,Overhead Three Phase Step Up - LV->MV
electric,Electric_Utility_Network_Expanded,ElectricDevice,38,Medium Voltage Transformer,817,Overhead Three Phase Step Up - LV<->MV
electric,Electric_Utility_Network_Expanded,ElectricDevice,38,Medium Voltage Transformer,797,Pad Mounted Open Delta - MV->LV
electric,Electric_Utility_Network_Expanded,ElectricDevice,38,Medium Voltage Transformer,798,Pad Mounted Open Wye - MV->LV
electric,Electric_Utility_Network_Expanded,ElectricDevice,38,Medium Voltage Transformer,789,Pad Mounted Single Phase - MV->LV
electric,Electric_Utility_Network_Expanded,ElectricDevice,38,Medium Voltage Transformer,807,Pad Mounted Single Phase Step - MV->MV
electric,Electric_Utility_Network_Expanded,ElectricDevice,38,Medium Voltage Transformer,805,Pad Mounted Single Phase Step - MV<->MV
electric,Electric_Utility_Network_Expanded,ElectricDevice,38,Medium Voltage Transformer,824,Pad Mounted Single Phase Step Up - LV->MV
electric,Electric_Utility_Network_Expanded,ElectricDevice,38,Medium Voltage Transformer,825,Pad Mounted Single Phase Step Up - LV<->MV
electric,Electric_Utility_Network_Expanded,ElectricDevice,38,Medium Voltage Transformer,792,Pad Mounted Three Phase - MV->LV
electric,Electric_Utility_Network_Expanded,ElectricDevice,38,Medium Voltage Transformer,808,Pad Mounted Three Phase Step - MV->MV
electric,Electric_Utility_Network_Expanded,ElectricDevice,38,Medium Voltage Transformer,806,Pad Mounted Three Phase Step - MV<->MV
electric,Electric_Utility_Network_Expanded,ElectricDevice,38,Medium Voltage Transformer,820,Pad Mounted Three Phase Step Up - LV->MV
electric,Electric_Utility_Network_Expanded,ElectricDevice,38,Medium Voltage Transformer,821,Pad Mounted Three Phase Step Up - LV<->MV
electric,Electric_Balanced_Distribution_Utility_Network_Essentials,ElectricDevice,38,Medium Voltage Transformer,786,Station - MV->LV
electric,Electric_Balanced_Distribution_Utility_Network_Essentials,ElectricDevice,38,Medium Voltage Transformer,813,Station Step - MV->MV
electric,Electric_Balanced_Distribution_Utility_Network_Essentials,ElectricDevice,38,Medium Voltage Transformer,814,Station Step - MV<->MV
electric,Electric_Balanced_Distribution_Utility_Network_Essentials,ElectricDevice,38,Medium Voltage Transformer,815,Station Step Three Winding - MV->MV-MV
electric,Electric_Balanced_Distribution_Utility_Network_Essentials,ElectricDevice,38,Medium Voltage Transformer,818,Station Step Up - LV->MV
electric,Electric_Balanced_Distribution_Utility_Network_Essentials,ElectricDevice,38,Medium Voltage Transformer,819,Station Step Up - LV<->MV
electric,Electric_Balanced_Distribution_Utility_Network_Essentials,ElectricDevice,38,Medium Voltage Transformer,787,Station Three Winding - MV->LV-LV
electric,Electric_Balanced_Distribution_Utility_Network_Essentials,ElectricDevice,38,Medium Voltage Transformer,790,Station Three Winding - MV->MV-LV
electric,Electric_Utility_Network_Expanded,ElectricDevice,38,Medium Voltage Transformer,793,Submersible Single Phase - MV->LV
electric,Electric_Utility_Network_Expanded,ElectricDevice,38,Medium Voltage Transformer,811,Submersible Single Phase Step - MV->MV
electric,Electric_Utility_Network_Expanded,ElectricDevice,38,Medium Voltage Transformer,809,Submersible Single Phase Step - MV<->MV
electric,Electric_Utility_Network_Expanded,ElectricDevice,38,Medium Voltage Transformer,794,Submersible Three Phase - MV->LV
electric,Electric_Utility_Network_Expanded,ElectricDevice,38,Medium Voltage Transformer,812,Submersible Three Phase Step - MV->MV
electric,Electric_Utility_Network_Expanded,ElectricDevice,38,Medium Voltage Transformer,810,Submersible Three Phase Step - MV<->MV
electric,Electric_Balanced_Distribution_Utility_Network_Essentials,ElectricDevice,38,Medium Voltage Transformer,0,Unknown
electric,Electric_Balanced_Distribution_Utility_Network_Essentials,ElectricDevice,47,Medium Voltage Transformer Winding,873,Transformer Winding MV
electric,Electric_Balanced_Distribution_Utility_Network_Essentials,ElectricDevice,47,Medium Voltage Transformer Winding,0,Unknown
electric,Electric_Unbalanced_Distribution_Utility_Network_Essentials,ElectricDevice,32,Motor and Pump,621,Single Phase Motor MV
electric,Electric_Unbalanced_Distribution_Utility_Network_Essentials,ElectricDevice,32,Motor and Pump,622,Single Phase Pump MV
electric,Electric_Unbalanced_Distribution_Utility_Network_Essentials,ElectricDevice,32,Motor and Pump,623,Three Phase Motor MV
electric,Electric_Unbalanced_Distribution_Utility_Network_Essentials,ElectricDevice,32,Motor and Pump,624,Three Phase Pump MV
electric,Electric_Unbalanced_Distribution_Utility_Network_Essentials,ElectricDevice,32,Motor and Pump,0,Unknown
electric,Electric_Unbalanced_Distribution_Utility_Network_Essentials,ElectricDevice,36,Primary Service,704,Primary Meter
electric,Electric_Unbalanced_Distribution_Utility_Network_Essentials,ElectricDevice,36,Primary Service,0,Unknown
electric,Electric_Unbalanced_Distribution_Utility_Network_Essentials,ElectricDevice,41,Recloser,4,Overhead Bank MV
electric,Electric_Unbalanced_Distribution_Utility_Network_Essentials,ElectricDevice,41,Recloser,734,Overhead Recloser - Controller MV
electric,Electric_Unbalanced_Distribution_Utility_Network_Essentials,ElectricDevice,41,Recloser,738,Pad Mounted Recloser - Controller MV
electric,Electric_Unbalanced_Distribution_Utility_Network_Essentials,ElectricDevice,41,Recloser,5,Underground Bank MV
electric,Electric_Unbalanced_Distribution_Utility_Network_Essentials,ElectricDevice,41,Recloser,0,Unknown
electric,Electric_Unbalanced_Distribution_Utility_Network_Essentials,ElectricDevice,42,Sectionalizer,4,Overhead Bank MV
electric,Electric_Unbalanced_Distribution_Utility_Network_Essentials,ElectricDevice,42,Sectionalizer,5,Underground Bank MV
electric,Electric_Unbalanced_Distribution_Utility_Network_Essentials,ElectricDevice,42,Sectionalizer,0,Unknown
electric,Electric_Balanced_Distribution_Utility_Network_Essentials,ElectricDevice,43,Subtransmission Fuse,586,AC Load Break Disconnect Fuse HV - Controller
electric,Electric_Balanced_Distribution_Utility_Network_Essentials,ElectricDevice,43,Subtransmission Fuse,584,AC Load Break Fuse HV - Controller
electric,Electric_Balanced_Distribution_Utility_Network_Essentials,ElectricDevice,43,Subtransmission Fuse,581,AC Station Disconnect Fuse HV
electric,Electric_Balanced_Distribution_Utility_Network_Essentials,ElectricDevice,43,Subtransmission Fuse,0,Unknown
electric,Electric_Balanced_Distribution_Utility_Network_Essentials,ElectricDevice,5,Subtransmission Line Monitor and Relay,81,Instrument Transformer HV
electric,Electric_Balanced_Distribution_Utility_Network_Essentials,ElectricDevice,5,Subtransmission Line Monitor and Relay,0,Unknown
electric,Electric_Balanced_Distribution_Utility_Network_Essentials,ElectricDevice,6,Subtransmission Power Conversion,103,Bidirectional HV
electric,Electric_Balanced_Distribution_Utility_Network_Essentials,ElectricDevice,6,Subtransmission Power Conversion,101,Inverter HV
electric,Electric_Balanced_Distribution_Utility_Network_Essentials,ElectricDevice,6,Subtransmission Power Conversion,102,Rectifier HV
electric,Electric_Balanced_Distribution_Utility_Network_Essentials,ElectricDevice,6,Subtransmission Power Conversion,0,Unknown
electric,Electric_Balanced_Distribution_Utility_Network_Essentials,ElectricDevice,7,Subtransmission Power Factor Correcting,121,AC Capacitor HV
electric,Electric_Balanced_Distribution_Utility_Network_Essentials,ElectricDevice,7,Subtransmission Power Factor Correcting,123,AC Reactor HV
electric,Electric_Balanced_Distribution_Utility_Network_Essentials,ElectricDevice,7,Subtransmission Power Factor Correcting,126,Synchronous Condenser HV
electric,Electric_Balanced_Distribution_Utility_Network_Essentials,ElectricDevice,7,Subtransmission Power Factor Correcting,0,Unknown
electric,Electric_Balanced_Distribution_Utility_Network_Essentials,ElectricDevice,8,Subtransmission Regulator,172,AC Regulator HV
electric,Electric_Balanced_Distribution_Utility_Network_Essentials,ElectricDevice,8,Subtransmission Regulator,0,Unknown
electric,Electric_Balanced_Distribution_Utility_Network_Essentials,ElectricDevice,12,Subtransmission Section Head,221,AC Section Head HV
electric,Electric_Balanced_Distribution_Utility_Network_Essentials,ElectricDevice,12,Subtransmission Section Head,223,AC Tap HV
electric,Electric_Balanced_Distribution_Utility_Network_Essentials,ElectricDevice,12,Subtransmission Section Head,0,Unknown
electric,Electric_Balanced_Distribution_Utility_Network_Essentials,ElectricDevice,9,Subtransmission Service,163,High Voltage Premise HV
electric,Electric_Balanced_Distribution_Utility_Network_Essentials,ElectricDevice,9,Subtransmission Service,0,Unknown
electric,Electric_Balanced_Distribution_Utility_Network_Essentials,ElectricDevice,10,Subtransmission Switch,187,AC Bus Tie Breaker HV
electric,Electric_Balanced_Distribution_Utility_Network_Essentials,ElectricDevice,10,Subtransmission Switch,181,AC Circuit Breaker HV
electric,Electric_Balanced_Distribution_Utility_Network_Essentials,ElectricDevice,10,Subtransmission Switch,191,AC Circuit Breaker HV - Controller
electric,Electric_Balanced_Distribution_Utility_Network_Essentials,ElectricDevice,10,Subtransmission Switch,189,AC Disconnect - Grounded HV
electric,Electric_Balanced_Distribution_Utility_Network_Essentials,ElectricDevice,10,Subtransmission Switch,182,AC Disconnect HV
electric,Electric_Balanced_Distribution_Utility_Network_Essentials,ElectricDevice,10,Subtransmission Switch,3,AC Station HV
electric,Electric_Balanced_Distribution_Utility_Network_Essentials,ElectricDevice,10,Subtransmission Switch,183,AC Switchgear HV
electric,Electric_Balanced_Distribution_Utility_Network_Essentials,ElectricDevice,10,Subtransmission Switch,0,Unknown
electric,Electric_Unbalanced_Distribution_Utility_Network_Essentials,ElectricDevice,37,Switch,4,Overhead Bank MV
electric,Electric_Unbalanced_Distribution_Utility_Network_Essentials,ElectricDevice,37,Switch,6,Station Bank MV
electric,Electric_Unbalanced_Distribution_Utility_Network_Essentials,ElectricDevice,37,Switch,5,Underground Bank MV
electric,Electric_Unbalanced_Distribution_Utility_Network_Essentials,ElectricDevice,37,Switch,0,Unknown
electric,Electric_Unbalanced_Distribution_Utility_Network_Essentials,ElectricDevice,38,Transformer,795,Overhead Open Delta - MV->LV
electric,Electric_Unbalanced_Distribution_Utility_Network_Essentials,ElectricDevice,38,Transformer,796,Overhead Open Wye - MV->LV
electric,Electric_Unbalanced_Distribution_Utility_Network_Essentials,ElectricDevice,38,Transformer,785,Overhead Single Phase - MV->LV
electric,Electric_Unbalanced_Distribution_Utility_Network_Essentials,ElectricDevice,38,Transformer,803,Overhead Single Phase Step - MV->MV
electric,Electric_Unbalanced_Distribution_Utility_Network_Essentials,ElectricDevice,38,Transformer,822,Overhead Single Phase Step Up - LV->MV
electric,Electric_Unbalanced_Distribution_Utility_Network_Essentials,ElectricDevice,38,Transformer,788,Overhead Three Phase - MV->LV
electric,Electric_Unbalanced_Distribution_Utility_Network_Essentials,ElectricDevice,38,Transformer,804,Overhead Three Phase Step - MV->MV
electric,Electric_Unbalanced_Distribution_Utility_Network_Essentials,ElectricDevice,38,Transformer,816,Overhead Three Phase Step Up - LV->MV
electric,Electric_Unbalanced_Distribution_Utility_Network_Essentials,ElectricDevice,38,Transformer,797,Pad Mounted Open Delta - MV->LV
electric,Electric_Unbalanced_Distribution_Utility_Network_Essentials,ElectricDevice,38,Transformer,798,Pad Mounted Open Wye - MV->LV
electric,Electric_Unbalanced_Distribution_Utility_Network_Essentials,ElectricDevice,38,Transformer,789,Pad Mounted Single Phase - MV->LV
electric,Electric_Unbalanced_Distribution_Utility_Network_Essentials,ElectricDevice,38,Transformer,807,Pad Mounted Single Phase Step - MV->MV
electric,Electric_Unbalanced_Distribution_Utility_Network_Essentials,ElectricDevice,38,Transformer,824,Pad Mounted Single Phase Step Up - LV->MV
electric,Electric_Unbalanced_Distribution_Utility_Network_Essentials,ElectricDevice,38,Transformer,792,Pad Mounted Three Phase - MV->LV
electric,Electric_Unbalanced_Distribution_Utility_Network_Essentials,ElectricDevice,38,Transformer,808,Pad Mounted Three Phase Step - MV->MV
electric,Electric_Unbalanced_Distribution_Utility_Network_Essentials,ElectricDevice,38,Transformer,820,Pad Mounted Three Phase Step Up - LV->MV
electric,Electric_Unbalanced_Distribution_Utility_Network_Essentials,ElectricDevice,38,Transformer,793,Submersible Single Phase - MV->LV
electric,Electric_Unbalanced_Distribution_Utility_Network_Essentials,ElectricDevice,38,Transformer,811,Submersible Single Phase Step - MV->MV
electric,Electric_Unbalanced_Distribution_Utility_Network_Essentials,ElectricDevice,38,Transformer,794,Submersible Three Phase - MV->LV
electric,Electric_Unbalanced_Distribution_Utility_Network_Essentials,ElectricDevice,38,Transformer,812,Submersible Three Phase Step - MV->MV
electric,Electric_Unbalanced_Distribution_Utility_Network_Essentials,ElectricDevice,38,Transformer,0,Unknown
electric,Electric_Balanced_Distribution_Utility_Network_Essentials,ElectricDevice,0,Unknown,0,Unknown
electric,Electric_Unbalanced_Distribution_Utility_Network_Essentials,ElectricDevice,35,Voltage Regulator,4,Overhead Bank MV
electric,Electric_Unbalanced_Distribution_Utility_Network_Essentials,ElectricDevice,35,Voltage Regulator,6,Station Bank MV
electric,Electric_Unbalanced_Distribution_Utility_Network_Essentials,ElectricDevice,35,Voltage Regulator,5,Underground Bank MV
electric,Electric_Unbalanced_Distribution_Utility_Network_Essentials,ElectricDevice,35,Voltage Regulator,0,Unknown
electric,Electric_Utility_Network_Expanded,ElectricEdgeObject,101,Cable - Aerial Bare,901,High Voltage AC
electric,Electric_Utility_Network_Expanded,ElectricEdgeObject,101,Cable - Aerial Bare,902,High Voltage DC
electric,Electric_Utility_Network_Expanded,ElectricEdgeObject,101,Cable - Aerial Bare,904,Low Voltage AC
electric,Electric_Utility_Network_Expanded,ElectricEdgeObject,101,Cable - Aerial Bare,905,Low Voltage DC
electric,Electric_Utility_Network_Expanded,ElectricEdgeObject,101,Cable - Aerial Bare,903,Medium Voltage
electric,Electric_Utility_Network_Expanded,ElectricEdgeObject,101,Cable - Aerial Bare,906,Static Wire
electric,Electric_Utility_Network_Expanded,ElectricEdgeObject,101,Cable - Aerial Bare,0,Unknown
electric,Electric_Utility_Network_Expanded,ElectricEdgeObject,102,Cable - Aerial Insulated,901,High Voltage AC
electric,Electric_Utility_Network_Expanded,ElectricEdgeObject,102,Cable - Aerial Insulated,902,High Voltage DC
electric,Electric_Utility_Network_Expanded,ElectricEdgeObject,102,Cable - Aerial Insulated,904,Low Voltage AC
electric,Electric_Utility_Network_Expanded,ElectricEdgeObject,102,Cable - Aerial Insulated,905,Low Voltage DC
electric,Electric_Utility_Network_Expanded,ElectricEdgeObject,102,Cable - Aerial Insulated,903,Medium Voltage
electric,Electric_Utility_Network_Expanded,ElectricEdgeObject,102,Cable - Aerial Insulated,0,Unknown
electric,Electric_Utility_Network_Expanded,ElectricEdgeObject,104,Cable - Bus,901,High Voltage AC
electric,Electric_Utility_Network_Expanded,ElectricEdgeObject,104,Cable - Bus,902,High Voltage DC
electric,Electric_Utility_Network_Expanded,ElectricEdgeObject,104,Cable - Bus,904,Low Voltage AC
electric,Electric_Utility_Network_Expanded,ElectricEdgeObject,104,Cable - Bus,905,Low Voltage DC
electric,Electric_Utility_Network_Expanded,ElectricEdgeObject,104,Cable - Bus,903,Medium Voltage
electric,Electric_Utility_Network_Expanded,ElectricEdgeObject,104,Cable - Bus,0,Unknown
electric,Electric_Utility_Network_Expanded,ElectricEdgeObject,109,Cable - Connector,901,High Voltage AC
electric,Electric_Utility_Network_Expanded,ElectricEdgeObject,109,Cable - Connector,902,High Voltage DC
electric,Electric_Unbalanced_Distribution_Utility_Network_Essentials,ElectricEdgeObject,109,Cable - Connector,904,Low Voltage AC
electric,Electric_Utility_Network_Expanded,ElectricEdgeObject,109,Cable - Connector,905,Low Voltage DC
electric,Electric_Unbalanced_Distribution_Utility_Network_Essentials,ElectricEdgeObject,109,Cable - Connector,903,Medium Voltage
electric,Electric_Unbalanced_Distribution_Utility_Network_Essentials,ElectricEdgeObject,109,Cable - Connector,0,Unknown
electric,Electric_Utility_Network_Expanded,ElectricEdgeObject,106,Cable - Neutral,913,Concentric
electric,Electric_Utility_Network_Expanded,ElectricEdgeObject,106,Cable - Neutral,910,Overhead Bare
electric,Electric_Utility_Network_Expanded,ElectricEdgeObject,106,Cable - Neutral,911,Overhead Shielded
electric,Electric_Utility_Network_Expanded,ElectricEdgeObject,106,Cable - Neutral,912,Underground Shielded
electric,Electric_Utility_Network_Expanded,ElectricEdgeObject,106,Cable - Neutral,0,Unknown
electric,Electric_Utility_Network_Expanded,ElectricEdgeObject,108,Cable - Submarine,901,High Voltage AC
electric,Electric_Utility_Network_Expanded,ElectricEdgeObject,108,Cable - Submarine,902,High Voltage DC
electric,Electric_Utility_Network_Expanded,ElectricEdgeObject,108,Cable - Submarine,904,Low Voltage AC
electric,Electric_Utility_Network_Expanded,ElectricEdgeObject,108,Cable - Submarine,905,Low Voltage DC
electric,Electric_Utility_Network_Expanded,ElectricEdgeObject,108,Cable - Submarine,903,Medium Voltage
electric,Electric_Utility_Network_Expanded,ElectricEdgeObject,108,Cable - Submarine,0,Unknown
electric,Electric_Utility_Network_Expanded,ElectricEdgeObject,105,Cable - Underground,901,High Voltage AC
electric,Electric_Utility_Network_Expanded,ElectricEdgeObject,105,Cable - Underground,902,High Voltage DC
electric,Electric_Utility_Network_Expanded,ElectricEdgeObject,105,Cable - Underground,904,Low Voltage AC
electric,Electric_Utility_Network_Expanded,ElectricEdgeObject,105,Cable - Underground,905,Low Voltage DC
electric,Electric_Utility_Network_Expanded,ElectricEdgeObject,105,Cable - Underground,903,Medium Voltage
electric,Electric_Utility_Network_Expanded,ElectricEdgeObject,105,Cable - Underground,0,Unknown
electric,Electric_Utility_Network_Expanded,ElectricEdgeObject,107,Ground,922,Bare Ground
electric,Electric_Utility_Network_Expanded,ElectricEdgeObject,107,Ground,921,Covered Ground
electric,Electric_Utility_Network_Expanded,ElectricEdgeObject,107,Ground,0,Unknown
electric,Electric_Balanced_Distribution_Utility_Network_Essentials,ElectricEdgeObject,0,Unknown,0,Unknown
electric,Electric_Balanced_Distribution_Utility_Network_Essentials,ElectricJunction,20,Ground Attachment,201,Ground Joint
electric,Electric_Balanced_Distribution_Utility_Network_Essentials,ElectricJunction,20,Ground Attachment,203,Neutral Joint
electric,Electric_Balanced_Distribution_Utility_Network_Essentials,ElectricJunction,20,Ground Attachment,0,Unknown
electric,Electric_Utility_Network_Expanded,ElectricJunction,1,High Voltage Attachment,1,AC Overhead HV
electric,Electric_Utility_Network_Expanded,ElectricJunction,1,High Voltage Attachment,5,AC Riser HV
electric,Electric_Utility_Network_Expanded,ElectricJunction,1,High Voltage Attachment,7,AC Submersible HV
electric,Electric_Utility_Network_Expanded,ElectricJunction,1,High Voltage Attachment,2,AC Underground HV
electric,Electric_Utility_Network_Expanded,ElectricJunction,1,High Voltage Attachment,3,DC Overhead HV
electric,Electric_Utility_Network_Expanded,ElectricJunction,1,High Voltage Attachment,6,DC Riser HV
electric,Electric_Utility_Network_Expanded,ElectricJunction,1,High Voltage Attachment,8,DC Submersible HV
electric,Electric_Utility_Network_Expanded,ElectricJunction,1,High Voltage Attachment,4,DC Underground HV
electric,Electric_Utility_Network_Expanded,ElectricJunction,1,High Voltage Attachment,0,Unknown
electric,Electric_Utility_Network_Expanded,ElectricJunction,2,High Voltage Connection Point,36,AC Bond Connection HV
electric,Electric_Utility_Network_Expanded,ElectricJunction,2,High Voltage Connection Point,45,AC Busbar Connection HV
electric,Electric_Utility_Network_Expanded,ElectricJunction,2,High Voltage Connection Point,24,AC Busbar Tap HV
electric,Electric_Utility_Network_Expanded,ElectricJunction,2,High Voltage Connection Point,21,AC Tap HV
electric,Electric_Utility_Network_Expanded,ElectricJunction,2,High Voltage Connection Point,37,DC Bond Connection HV
electric,Electric_Utility_Network_Expanded,ElectricJunction,2,High Voltage Connection Point,46,DC Busbar Connection HV
electric,Electric_Utility_Network_Expanded,ElectricJunction,2,High Voltage Connection Point,25,DC Busbar Tap HV
electric,Electric_Utility_Network_Expanded,ElectricJunction,2,High Voltage Connection Point,23,DC Tap HV
electric,Electric_Utility_Network_Expanded,ElectricJunction,2,High Voltage Connection Point,47,Transmission Station HV
electric,Electric_Utility_Network_Expanded,ElectricJunction,2,High Voltage Connection Point,0,Unknown
electric,Electric_Utility_Network_Expanded,ElectricJunction,3,High Voltage Line End,41,AC Overhead Line End HV
electric,Electric_Utility_Network_Expanded,ElectricJunction,3,High Voltage Line End,20,AC Overhead Splice HV
electric,Electric_Utility_Network_Expanded,ElectricJunction,3,High Voltage Line End,40,AC Service Connection HV
electric,Electric_Utility_Network_Expanded,ElectricJunction,3,High Voltage Line End,47,AC SLTE HV
electric,Electric_Utility_Network_Expanded,ElectricJunction,3,High Voltage Line End,51,AC Straight Joint HV
electric,Electric_Utility_Network_Expanded,ElectricJunction,3,High Voltage Line End,53,AC T Joint HV
electric,Electric_Utility_Network_Expanded,ElectricJunction,3,High Voltage Line End,43,AC Underground Terminator HV
electric,Electric_Utility_Network_Expanded,ElectricJunction,3,High Voltage Line End,42,DC Overhead Line End HV
electric,Electric_Utility_Network_Expanded,ElectricJunction,3,High Voltage Line End,22,DC Overhead Splice HV
electric,Electric_Utility_Network_Expanded,ElectricJunction,3,High Voltage Line End,48,DC SLTE HV
electric,Electric_Utility_Network_Expanded,ElectricJunction,3,High Voltage Line End,52,DC Straight Joint HV
electric,Electric_Utility_Network_Expanded,ElectricJunction,3,High Voltage Line End,54,DC T Joint HV
electric,Electric_Utility_Network_Expanded,ElectricJunction,3,High Voltage Line End,44,DC Underground Terminator HV
electric,Electric_Utility_Network_Expanded,ElectricJunction,3,High Voltage Line End,49,Insulating Cap HV
electric,Electric_Utility_Network_Expanded,ElectricJunction,3,High Voltage Line End,0,Unknown
electric,Electric_Balanced_Distribution_Utility_Network_Essentials,ElectricJunction,4,Low Voltage Attachment,101,AC Overhead LV
electric,Electric_Utility_Network_Expanded,ElectricJunction,4,Low Voltage Attachment,105,AC Riser LV
electric,Electric_Balanced_Distribution_Utility_Network_Essentials,ElectricJunction,4,Low Voltage Attachment,107,AC Submersible LV
electric,Electric_Balanced_Distribution_Utility_Network_Essentials,ElectricJunction,4,Low Voltage Attachment,102,AC Underground LV
electric,Electric_Utility_Network_Expanded,ElectricJunction,4,Low Voltage Attachment,103,DC Overhead LV
electric,Electric_Utility_Network_Expanded,ElectricJunction,4,Low Voltage Attachment,106,DC Riser LV
electric,Electric_Utility_Network_Expanded,ElectricJunction,4,Low Voltage Attachment,108,DC Submersible LV
electric,Electric_Utility_Network_Expanded,ElectricJunction,4,Low Voltage Attachment,104,DC Underground LV
electric,Electric_Balanced_Distribution_Utility_Network_Essentials,ElectricJunction,4,Low Voltage Attachment,0,Unknown
electric,Electric_Utility_Network_Expanded,ElectricJunction,5,Low Voltage Connection Point,136,AC Bond Connection LV
electric,Electric_Balanced_Distribution_Utility_Network_Essentials,ElectricJunction,5,Low Voltage Connection Point,145,AC Busbar Connection LV
electric,Electric_Balanced_Distribution_Utility_Network_Essentials,ElectricJunction,5,Low Voltage Connection Point,124,AC Busbar Tap LV
electric,Electric_Balanced_Distribution_Utility_Network_Essentials,ElectricJunction,5,Low Voltage Connection Point,130,AC Overhead Flying Tap LV
electric,Electric_Balanced_Distribution_Utility_Network_Essentials,ElectricJunction,5,Low Voltage Connection Point,128,AC Overhead Tap LV
electric,Electric_Balanced_Distribution_Utility_Network_Essentials,ElectricJunction,5,Low Voltage Connection Point,134,AC Underground Phase Connector LV
electric,Electric_Utility_Network_Expanded,ElectricJunction,5,Low Voltage Connection Point,137,DC Bond Connection LV
electric,Electric_Utility_Network_Expanded,ElectricJunction,5,Low Voltage Connection Point,146,DC Busbar Connection LV
electric,Electric_Utility_Network_Expanded,ElectricJunction,5,Low Voltage Connection Point,125,DC Busbar Tap LV
electric,Electric_Utility_Network_Expanded,ElectricJunction,5,Low Voltage Connection Point,129,DC Overhead Tap LV
electric,Electric_Utility_Network_Expanded,ElectricJunction,5,Low Voltage Connection Point,135,DC Underground Phase Connector LV
electric,Electric_Balanced_Distribution_Utility_Network_Essentials,ElectricJunction,5,Low Voltage Connection Point,0,Unknown
electric,Electric_Utility_Network_Expanded,ElectricJunction,6,Low Voltage Line End,155,AC Open Point LV
electric,Electric_Balanced_Distribution_Utility_Network_Essentials,ElectricJunction,6,Low Voltage Line End,141,AC Overhead Line End LV
electric,Electric_Balanced_Distribution_Utility_Network_Essentials,ElectricJunction,6,Low Voltage Line End,120,AC Overhead Splice LV
electric,Electric_Balanced_Distribution_Utility_Network_Essentials,ElectricJunction,6,Low Voltage Line End,149,AC Overhead Wire Change LV
electric,Electric_Balanced_Distribution_Utility_Network_Essentials,ElectricJunction,6,Low Voltage Line End,140,AC Service Connection LV
electric,Electric_Utility_Network_Expanded,ElectricJunction,6,Low Voltage Line End,147,AC SLTE LV
electric,Electric_Utility_Network_Expanded,ElectricJunction,6,Low Voltage Line End,151,AC Straight Joint LV
electric,Electric_Utility_Network_Expanded,ElectricJunction,6,Low Voltage Line End,153,AC T Joint LV
electric,Electric_Balanced_Distribution_Utility_Network_Essentials,ElectricJunction,6,Low Voltage Line End,126,AC Underground Splice LV
electric,Electric_Balanced_Distribution_Utility_Network_Essentials,ElectricJunction,6,Low Voltage Line End,143,AC Underground Terminator LV
electric,Electric_Utility_Network_Expanded,ElectricJunction,6,Low Voltage Line End,156,DC Open Point LV
electric,Electric_Utility_Network_Expanded,ElectricJunction,6,Low Voltage Line End,142,DC Overhead Line End LV
electric,Electric_Utility_Network_Expanded,ElectricJunction,6,Low Voltage Line End,121,DC Overhead Splice LV
electric,Electric_Utility_Network_Expanded,ElectricJunction,6,Low Voltage Line End,148,DC SLTE LV
electric,Electric_Utility_Network_Expanded,ElectricJunction,6,Low Voltage Line End,152,DC Straight Joint LV
electric,Electric_Utility_Network_Expanded,ElectricJunction,6,Low Voltage Line End,154,DC T Joint LV
electric,Electric_Utility_Network_Expanded,ElectricJunction,6,Low Voltage Line End,127,DC Underground Splice LV
electric,Electric_Utility_Network_Expanded,ElectricJunction,6,Low Voltage Line End,144,DC Underground Terminator LV
electric,Electric_Utility_Network_Expanded,ElectricJunction,6,Low Voltage Line End,150,Insulating Cap LV
electric,Electric_Balanced_Distribution_Utility_Network_Essentials,ElectricJunction,6,Low Voltage Line End,0,Unknown
electric,Electric_Balanced_Distribution_Utility_Network_Essentials,ElectricJunction,7,Medium Voltage Attachment,60,Overhead
electric,Electric_Utility_Network_Expanded,ElectricJunction,7,Medium Voltage Attachment,60,Overhead MV
electric,Electric_Utility_Network_Expanded,ElectricJunction,7,Medium Voltage Attachment,62,Riser MV
electric,Electric_Balanced_Distribution_Utility_Network_Essentials,ElectricJunction,7,Medium Voltage Attachment,63,Submersible
electric,Electric_Utility_Network_Expanded,ElectricJunction,7,Medium Voltage Attachment,63,Submersible MV
electric,Electric_Balanced_Distribution_Utility_Network_Essentials,ElectricJunction,7,Medium Voltage Attachment,61,Underground
electric,Electric_Utility_Network_Expanded,ElectricJunction,7,Medium Voltage Attachment,61,Underground MV
electric,Electric_Balanced_Distribution_Utility_Network_Essentials,ElectricJunction,7,Medium Voltage Attachment,0,Unknown
electric,Electric_Utility_Network_Expanded,ElectricJunction,8,Medium Voltage Connection Point,96,Bond Connection MV
electric,Electric_Balanced_Distribution_Utility_Network_Essentials,ElectricJunction,8,Medium Voltage Connection Point,160,Busbar Connection
electric,Electric_Utility_Network_Expanded,ElectricJunction,8,Medium Voltage Connection Point,160,Busbar Connection MV
electric,Electric_Balanced_Distribution_Utility_Network_Essentials,ElectricJunction,8,Medium Voltage Connection Point,80,Busbar Tap
electric,Electric_Utility_Network_Expanded,ElectricJunction,8,Medium Voltage Connection Point,80,Busbar Tap MV
electric,Electric_Balanced_Distribution_Utility_Network_Essentials,ElectricJunction,8,Medium Voltage Connection Point,85,Neutral Connection
electric,Electric_Utility_Network_Expanded,ElectricJunction,8,Medium Voltage Connection Point,85,Neutral Connection MV
electric,Electric_Balanced_Distribution_Utility_Network_Essentials,ElectricJunction,8,Medium Voltage Connection Point,97,Overhead Flying Tap MV
electric,Electric_Balanced_Distribution_Utility_Network_Essentials,ElectricJunction,8,Medium Voltage Connection Point,82,Overhead Tap
electric,Electric_Utility_Network_Expanded,ElectricJunction,8,Medium Voltage Connection Point,82,Overhead Tap MV
electric,Electric_Balanced_Distribution_Utility_Network_Essentials,ElectricJunction,8,Medium Voltage Connection Point,147,Transformer Tap MV
electric,Electric_Utility_Network_Expanded,ElectricJunction,8,Medium Voltage Connection Point,87,Underground Phase Connector MV
electric,Electric_Balanced_Distribution_Utility_Network_Essentials,ElectricJunction,8,Medium Voltage Connection Point,0,Unknown
electric,Electric_Utility_Network_Expanded,ElectricJunction,9,Medium Voltage Line End,170,Insulating Cap MV
electric,Electric_Balanced_Distribution_Utility_Network_Essentials,ElectricJunction,9,Medium Voltage Line End,173,Open Point
electric,Electric_Utility_Network_Expanded,ElectricJunction,9,Medium Voltage Line End,173,Open Point MV
electric,Electric_Balanced_Distribution_Utility_Network_Essentials,ElectricJunction,9,Medium Voltage Line End,161,Overhead Line End
electric,Electric_Utility_Network_Expanded,ElectricJunction,9,Medium Voltage Line End,161,Overhead Line End MV
electric,Electric_Balanced_Distribution_Utility_Network_Essentials,ElectricJunction,9,Medium Voltage Line End,81,Overhead Splice
electric,Electric_Utility_Network_Expanded,ElectricJunction,9,Medium Voltage Line End,81,Overhead Splice MV
electric,Electric_Balanced_Distribution_Utility_Network_Essentials,ElectricJunction,9,Medium Voltage Line End,163,Overhead Wire Change
electric,Electric_Utility_Network_Expanded,ElectricJunction,9,Medium Voltage Line End,163,Overhead Wire Change MV
electric,Electric_Utility_Network_Expanded,ElectricJunction,9,Medium Voltage Line End,168,Sealed Short-Circuited Terminator MV
electric,Electric_Balanced_Distribution_Utility_Network_Essentials,ElectricJunction,9,Medium Voltage Line End,169,Service Connection
electric,Electric_Utility_Network_Expanded,ElectricJunction,9,Medium Voltage Line End,169,Service Connection MV
electric,Electric_Utility_Network_Expanded,ElectricJunction,9,Medium Voltage Line End,167,SLTE MV
electric,Electric_Utility_Network_Expanded,ElectricJunction,9,Medium Voltage Line End,171,Straight Joint MV
electric,Electric_Utility_Network_Expanded,ElectricJunction,9,Medium Voltage Line End,172,T Joint MV
electric,Electric_Balanced_Distribution_Utility_Network_Essentials,ElectricJunction,9,Medium Voltage Line End,84,Underground Splice
electric,Electric_Utility_Network_Expanded,ElectricJunction,9,Medium Voltage Line End,84,Underground Splice MV
electric,Electric_Utility_Network_Expanded,ElectricJunction,9,Medium Voltage Line End,162,Underground Terminator MV
electric,Electric_Utility_Network_Expanded,ElectricJunction,9,Medium Voltage Line End,164,Underground Wire Change MV
electric,Electric_Balanced_Distribution_Utility_Network_Essentials,ElectricJunction,9,Medium Voltage Line End,0,Unknown
electric,Electric_Unbalanced_Distribution_Utility_Network_Essentials,ElectricJunction,7,Primary Attachment,60,Overhead MV
electric,Electric_Unbalanced_Distribution_Utility_Network_Essentials,ElectricJunction,7,Primary Attachment,63,Submersible MV
electric,Electric_Unbalanced_Distribution_Utility_Network_Essentials,ElectricJunction,7,Primary Attachment,61,Underground MV
electric,Electric_Unbalanced_Distribution_Utility_Network_Essentials,ElectricJunction,7,Primary Attachment,0,Unknown
electric,Electric_Unbalanced_Distribution_Utility_Network_Essentials,ElectricJunction,8,Primary Connection Point,80,Busbar Tap MV
electric,Electric_Unbalanced_Distribution_Utility_Network_Essentials,ElectricJunction,8,Primary Connection Point,85,Neutral Connection MV
electric,Electric_Unbalanced_Distribution_Utility_Network_Essentials,ElectricJunction,8,Primary Connection Point,97,Overhead Flying Tap MV
electric,Electric_Unbalanced_Distribution_Utility_Network_Essentials,ElectricJunction,8,Primary Connection Point,82,Overhead Tap MV
electric,Electric_Unbalanced_Distribution_Utility_Network_Essentials,ElectricJunction,8,Primary Connection Point,147,Transformer Tap MV
electric,Electric_Unbalanced_Distribution_Utility_Network_Essentials,ElectricJunction,8,Primary Connection Point,87,Underground Tap MV
electric,Electric_Unbalanced_Distribution_Utility_Network_Essentials,ElectricJunction,8,Primary Connection Point,0,Unknown
electric,Electric_Unbalanced_Distribution_Utility_Network_Essentials,ElectricJunction,9,Primary Line End,173,Open Point MV
electric,Electric_Unbalanced_Distribution_Utility_Network_Essentials,ElectricJunction,9,Primary Line End,161,Overhead Line End MV
electric,Electric_Unbalanced_Distribution_Utility_Network_Essentials,ElectricJunction,9,Primary Line End,81,Overhead Splice MV
electric,Electric_Unbalanced_Distribution_Utility_Network_Essentials,ElectricJunction,9,Primary Line End,163,Overhead Wire Change MV
electric,Electric_Unbalanced_Distribution_Utility_Network_Essentials,ElectricJunction,9,Primary Line End,84,Underground Splice MV
electric,Electric_Unbalanced_Distribution_Utility_Network_Essentials,ElectricJunction,9,Primary Line End,162,Underground Terminator MV
electric,Electric_Unbalanced_Distribution_Utility_Network_Essentials,ElectricJunction,9,Primary Line End,164,Underground Wire Change MV
electric,Electric_Unbalanced_Distribution_Utility_Network_Essentials,ElectricJunction,9,Primary Line End,0,Unknown
electric,Electric_Unbalanced_Distribution_Utility_Network_Essentials,ElectricJunction,4,Secondary Attachment,101,Overhead LV
electric,Electric_Unbalanced_Distribution_Utility_Network_Essentials,ElectricJunction,4,Secondary Attachment,107,Submersible LV
electric,Electric_Unbalanced_Distribution_Utility_Network_Essentials,ElectricJunction,4,Secondary Attachment,102,Underground LV
electric,Electric_Unbalanced_Distribution_Utility_Network_Essentials,ElectricJunction,4,Secondary Attachment,0,Unknown
electric,Electric_Unbalanced_Distribution_Utility_Network_Essentials,ElectricJunction,5,Secondary Connection Point,124,Busbar Tap LV
electric,Electric_Unbalanced_Distribution_Utility_Network_Essentials,ElectricJunction,5,Secondary Connection Point,130,Overhead Flying Tap LV
electric,Electric_Unbalanced_Distribution_Utility_Network_Essentials,ElectricJunction,5,Secondary Connection Point,128,Overhead Tap LV
electric,Electric_Unbalanced_Distribution_Utility_Network_Essentials,ElectricJunction,5,Secondary Connection Point,134,Underground Tap LV
electric,Electric_Unbalanced_Distribution_Utility_Network_Essentials,ElectricJunction,5,Secondary Connection Point,0,Unknown
electric,Electric_Unbalanced_Distribution_Utility_Network_Essentials,ElectricJunction,6,Secondary Line End,141,Overhead Line End LV
electric,Electric_Unbalanced_Distribution_Utility_Network_Essentials,ElectricJunction,6,Secondary Line End,120,Overhead Splice LV
electric,Electric_Unbalanced_Distribution_Utility_Network_Essentials,ElectricJunction,6,Secondary Line End,149,Overhead Wire Change LV
electric,Electric_Unbalanced_Distribution_Utility_Network_Essentials,ElectricJunction,6,Secondary Line End,126,Underground Splice LV
electric,Electric_Unbalanced_Distribution_Utility_Network_Essentials,ElectricJunction,6,Secondary Line End,143,Underground Terminator LV
electric,Electric_Unbalanced_Distribution_Utility_Network_Essentials,ElectricJunction,6,Secondary Line End,0,Unknown
electric,Electric_Balanced_Distribution_Utility_Network_Essentials,ElectricJunction,1,Subtransmission Attachment,1,AC Overhead HV
electric,Electric_Balanced_Distribution_Utility_Network_Essentials,ElectricJunction,1,Subtransmission Attachment,5,AC Riser HV
electric,Electric_Balanced_Distribution_Utility_Network_Essentials,ElectricJunction,1,Subtransmission Attachment,0,Unknown
electric,Electric_Balanced_Distribution_Utility_Network_Essentials,ElectricJunction,2,Subtransmission Connection Point,24,AC Busbar Tap HV
electric,Electric_Balanced_Distribution_Utility_Network_Essentials,ElectricJunction,2,Subtransmission Connection Point,21,AC Tap HV
electric,Electric_Balanced_Distribution_Utility_Network_Essentials,ElectricJunction,2,Subtransmission Connection Point,0,Unknown
electric,Electric_Balanced_Distribution_Utility_Network_Essentials,ElectricJunction,3,Subtransmission Line End,41,AC Overhead Line End HV
electric,Electric_Balanced_Distribution_Utility_Network_Essentials,ElectricJunction,3,Subtransmission Line End,20,AC Overhead Splice HV
electric,Electric_Balanced_Distribution_Utility_Network_Essentials,ElectricJunction,3,Subtransmission Line End,51,AC Straight Joint HV
electric,Electric_Balanced_Distribution_Utility_Network_Essentials,ElectricJunction,3,Subtransmission Line End,53,AC T Joint HV
electric,Electric_Balanced_Distribution_Utility_Network_Essentials,ElectricJunction,3,Subtransmission Line End,43,AC Underground Terminator HV
electric,Electric_Balanced_Distribution_Utility_Network_Essentials,ElectricJunction,3,Subtransmission Line End,49,Insulating Cap HV
electric,Electric_Balanced_Distribution_Utility_Network_Essentials,ElectricJunction,3,Subtransmission Line End,0,Unknown
electric,Electric_Balanced_Distribution_Utility_Network_Essentials,ElectricJunction,0,Unknown,0,Unknown
electric,Electric_Unbalanced_Distribution_Utility_Network_Essentials,ElectricJunctionObject,34,Capacitor,0,Capacitor MV
electric,Electric_Unbalanced_Distribution_Utility_Network_Essentials,ElectricJunctionObject,34,Capacitor,1,Overhead MV
electric,Electric_Unbalanced_Distribution_Utility_Network_Essentials,ElectricJunctionObject,34,Capacitor,2,Underground MV
electric,Electric_Unbalanced_Distribution_Utility_Network_Essentials,ElectricJunctionObject,26,Circuit Breaker,0,Circuit Breaker MV
electric,Electric_Unbalanced_Distribution_Utility_Network_Essentials,ElectricJunctionObject,26,Circuit Breaker,513,Circuit Source MV
electric,Electric_Unbalanced_Distribution_Utility_Network_Essentials,ElectricJunctionObject,26,Circuit Breaker,501,Isolator Switch MV
electric,Electric_Unbalanced_Distribution_Utility_Network_Essentials,ElectricJunctionObject,26,Circuit Breaker,515,Network Protector MV
electric,Electric_Unbalanced_Distribution_Utility_Network_Essentials,ElectricJunctionObject,26,Circuit Breaker,512,Single Phase Circuit Breaker - Controller MV
electric,Electric_Unbalanced_Distribution_Utility_Network_Essentials,ElectricJunctionObject,26,Circuit Breaker,502,Single Phase Circuit Breaker MV
electric,Electric_Unbalanced_Distribution_Utility_Network_Essentials,ElectricJunctionObject,26,Circuit Breaker,503,Three Phase Circuit Breaker MV
electric,Electric_Balanced_Distribution_Utility_Network_Essentials,ElectricJunctionObject,62,Conductor Configuration,940,Overhead
electric,Electric_Balanced_Distribution_Utility_Network_Essentials,ElectricJunctionObject,62,Conductor Configuration,941,Underground
electric,Electric_Balanced_Distribution_Utility_Network_Essentials,ElectricJunctionObject,62,Conductor Configuration,0,Unknown
electric,Electric_Unbalanced_Distribution_Utility_Network_Essentials,ElectricJunctionObject,27,Control Unit,521,Capacitor MV
electric,Electric_Unbalanced_Distribution_Utility_Network_Essentials,ElectricJunctionObject,27,Control Unit,522,Circuit Breaker MV
electric,Electric_Unbalanced_Distribution_Utility_Network_Essentials,ElectricJunctionObject,27,Control Unit,0,Control Unit MV
electric,Electric_Unbalanced_Distribution_Utility_Network_Essentials,ElectricJunctionObject,27,Control Unit,523,Recloser MV
electric,Electric_Unbalanced_Distribution_Utility_Network_Essentials,ElectricJunctionObject,27,Control Unit,525,Regulator MV
electric,Electric_Unbalanced_Distribution_Utility_Network_Essentials,ElectricJunctionObject,27,Control Unit,524,Transfer Switch Controller MV
electric,Electric_Unbalanced_Distribution_Utility_Network_Essentials,ElectricJunctionObject,28,Elbow,2,AC Underground
electric,Electric_Unbalanced_Distribution_Utility_Network_Essentials,ElectricJunctionObject,28,Elbow,0,Elbow MV
electric,Electric_Unbalanced_Distribution_Utility_Network_Essentials,ElectricJunctionObject,29,Fuse,1,AC Overhead
electric,Electric_Unbalanced_Distribution_Utility_Network_Essentials,ElectricJunctionObject,29,Fuse,2,AC Underground
electric,Electric_Unbalanced_Distribution_Utility_Network_Essentials,ElectricJunctionObject,29,Fuse,0,Fuse MV
electric,Electric_Balanced_Distribution_Utility_Network_Essentials,ElectricJunctionObject,1,Ground,31,Bound
electric,Electric_Balanced_Distribution_Utility_Network_Essentials,ElectricJunctionObject,1,Ground,36,Cross Bond
electric,Electric_Balanced_Distribution_Utility_Network_Essentials,ElectricJunctionObject,1,Ground,38,Ground Joint
electric,Electric_Balanced_Distribution_Utility_Network_Essentials,ElectricJunctionObject,1,Ground,37,Ground Plate
electric,Electric_Balanced_Distribution_Utility_Network_Essentials,ElectricJunctionObject,1,Ground,35,Grounding Switch
electric,Electric_Balanced_Distribution_Utility_Network_Essentials,ElectricJunctionObject,1,Ground,32,Rod
electric,Electric_Balanced_Distribution_Utility_Network_Essentials,ElectricJunctionObject,1,Ground,34,Stray Voltage Isolator
electric,Electric_Balanced_Distribution_Utility_Network_Essentials,ElectricJunctionObject,1,Ground,0,Unknown
electric,Electric_Balanced_Distribution_Utility_Network_Essentials,ElectricJunctionObject,1,Ground,33,Voltage Grid
electric,Electric_Utility_Network_Expanded,ElectricJunctionObject,3,High Voltage Control Unit,41,Capacitor HV
electric,Electric_Utility_Network_Expanded,ElectricJunctionObject,3,High Voltage Control Unit,42,Switch and Breaker HV
electric,Electric_Utility_Network_Expanded,ElectricJunctionObject,3,High Voltage Control Unit,0,Unknown
electric,Electric_Utility_Network_Expanded,ElectricJunctionObject,3,High Voltage Control Unit,43,Voltage Regulator HV
electric,Electric_Utility_Network_Expanded,ElectricJunctionObject,43,High Voltage Fuse,585,AC Disconnect Fuse HV - Controller
electric,Electric_Utility_Network_Expanded,ElectricJunctionObject,43,High Voltage Fuse,583,AC Load Break Disconnect Fuse HV
electric,Electric_Utility_Network_Expanded,ElectricJunctionObject,43,High Voltage Fuse,586,AC Load Break Disconnect Fuse HV - Controller
electric,Electric_Utility_Network_Expanded,ElectricJunctionObject,43,High Voltage Fuse,584,AC Load Break Fuse HV - Controller
electric,Electric_Utility_Network_Expanded,ElectricJunctionObject,43,High Voltage Fuse,581,AC Station Disconnect Fuse HV
electric,Electric_Utility_Network_Expanded,ElectricJunctionObject,43,High Voltage Fuse,582,AC Station Load Break Fuse HV
electric,Electric_Utility_Network_Expanded,ElectricJunctionObject,43,High Voltage Fuse,0,Unknown
electric,Electric_Utility_Network_Expanded,ElectricJunctionObject,4,High Voltage Generation,71,AC Wave HV
electric,Electric_Utility_Network_Expanded,ElectricJunctionObject,4,High Voltage Generation,61,Battery HV
electric,Electric_Utility_Network_Expanded,ElectricJunctionObject,4,High Voltage Generation,62,Biomass HV
electric,Electric_Utility_Network_Expanded,ElectricJunctionObject,4,High Voltage Generation,63,Coal HV
electric,Electric_Utility_Network_Expanded,ElectricJunctionObject,4,High Voltage Generation,64,Gas Turbine HV
electric,Electric_Utility_Network_Expanded,ElectricJunctionObject,4,High Voltage Generation,72,Generator HV
electric,Electric_Utility_Network_Expanded,ElectricJunctionObject,4,High Voltage Generation,65,Geothermal HV
electric,Electric_Utility_Network_Expanded,ElectricJunctionObject,4,High Voltage Generation,66,Hydro HV
electric,Electric_Utility_Network_Expanded,ElectricJunctionObject,4,High Voltage Generation,73,Interconnect HV
electric,Electric_Utility_Network_Expanded,ElectricJunctionObject,4,High Voltage Generation,67,Nuclear HV
electric,Electric_Utility_Network_Expanded,ElectricJunctionObject,4,High Voltage Generation,68,Photovoltaic Solar HV
electric,Electric_Utility_Network_Expanded,ElectricJunctionObject,4,High Voltage Generation,69,Thermal Solar HV
electric,Electric_Utility_Network_Expanded,ElectricJunctionObject,4,High Voltage Generation,0,Unknown
electric,Electric_Utility_Network_Expanded,ElectricJunctionObject,4,High Voltage Generation,70,Wind HV
electric,Electric_Utility_Network_Expanded,ElectricJunctionObject,2,High Voltage Insulating Equipment,21,Indoor Arrester HV
electric,Electric_Utility_Network_Expanded,ElectricJunctionObject,2,High Voltage Insulating Equipment,24,Indoor Insulator HV
electric,Electric_Utility_Network_Expanded,ElectricJunctionObject,2,High Voltage Insulating Equipment,22,Line Arrester HV
electric,Electric_Utility_Network_Expanded,ElectricJunctionObject,2,High Voltage Insulating Equipment,25,Line Insulator HV
electric,Electric_Utility_Network_Expanded,ElectricJunctionObject,2,High Voltage Insulating Equipment,23,Station Arrester HV
electric,Electric_Utility_Network_Expanded,ElectricJunctionObject,2,High Voltage Insulating Equipment,26,Station Insulator HV
electric,Electric_Utility_Network_Expanded,ElectricJunctionObject,2,High Voltage Insulating Equipment,0,Unknown
electric,Electric_Utility_Network_Expanded,ElectricJunctionObject,5,High Voltage Line Monitor and Relay,80,Fault Indicator HV
electric,Electric_Utility_Network_Expanded,ElectricJunctionObject,5,High Voltage Line Monitor and Relay,81,Instrument Transformer HV
electric,Electric_Utility_Network_Expanded,ElectricJunctionObject,5,High Voltage Line Monitor and Relay,82,Load Monitor HV
electric,Electric_Utility_Network_Expanded,ElectricJunctionObject,5,High Voltage Line Monitor and Relay,83,Relay HV
electric,Electric_Utility_Network_Expanded,ElectricJunctionObject,5,High Voltage Line Monitor and Relay,0,Unknown
electric,Electric_Utility_Network_Expanded,ElectricJunctionObject,6,High Voltage Power Conversion,103,Bidirectional HV
electric,Electric_Utility_Network_Expanded,ElectricJunctionObject,6,High Voltage Power Conversion,101,Inverter HV
electric,Electric_Utility_Network_Expanded,ElectricJunctionObject,6,High Voltage Power Conversion,102,Rectifier HV
electric,Electric_Utility_Network_Expanded,ElectricJunctionObject,6,High Voltage Power Conversion,0,Unknown
electric,Electric_Utility_Network_Expanded,ElectricJunctionObject,7,High Voltage Power Factor Correcting,121,AC Capacitor HV
electric,Electric_Utility_Network_Expanded,ElectricJunctionObject,7,High Voltage Power Factor Correcting,123,AC Reactor HV
electric,Electric_Utility_Network_Expanded,ElectricJunctionObject,7,High Voltage Power Factor Correcting,122,AC Wave Trap HV
electric,Electric_Utility_Network_Expanded,ElectricJunctionObject,7,High Voltage Power Factor Correcting,124,DC Capacitor HV
electric,Electric_Utility_Network_Expanded,ElectricJunctionObject,7,High Voltage Power Factor Correcting,125,DC Reactor HV
electric,Electric_Utility_Network_Expanded,ElectricJunctionObject,7,High Voltage Power Factor Correcting,126,Synchronous Condenser HV
electric,Electric_Utility_Network_Expanded,ElectricJunctionObject,7,High Voltage Power Factor Correcting,0,Unknown
electric,Electric_Utility_Network_Expanded,ElectricJunctionObject,8,High Voltage Regulator,171,AC Single Phase HV
electric,Electric_Utility_Network_Expanded,ElectricJunctionObject,8,High Voltage Regulator,172,AC Three Phase HV
electric,Electric_Utility_Network_Expanded,ElectricJunctionObject,8,High Voltage Regulator,173,DC Regulator HV
electric,Electric_Utility_Network_Expanded,ElectricJunctionObject,8,High Voltage Regulator,174,Frequency Converter HV
electric,Electric_Utility_Network_Expanded,ElectricJunctionObject,8,High Voltage Regulator,0,Unknown
electric,Electric_Utility_Network_Expanded,ElectricJunctionObject,9,High Voltage Service,161,AC Metering HV
electric,Electric_Utility_Network_Expanded,ElectricJunctionObject,9,High Voltage Service,162,DC Metering HV
electric,Electric_Utility_Network_Expanded,ElectricJunctionObject,9,High Voltage Service,163,High Voltage Premise HV
electric,Electric_Utility_Network_Expanded,ElectricJunctionObject,9,High Voltage Service,0,Unknown
electric,Electric_Utility_Network_Expanded,ElectricJunctionObject,10,High Voltage Switch,187,AC Bus Tie Breaker HV
electric,Electric_Utility_Network_Expanded,ElectricJunctionObject,10,High Voltage Switch,181,AC Circuit Breaker HV
electric,Electric_Utility_Network_Expanded,ElectricJunctionObject,10,High Voltage Switch,191,AC Circuit Breaker HV - Controller
electric,Electric_Utility_Network_Expanded,ElectricJunctionObject,10,High Voltage Switch,189,AC Disconnect - Grounded HV
electric,Electric_Utility_Network_Expanded,ElectricJunctionObject,10,High Voltage Switch,182,AC Disconnect HV
electric,Electric_Utility_Network_Expanded,ElectricJunctionObject,10,High Voltage Switch,195,AC Disconnect HV - Controller
electric,Electric_Utility_Network_Expanded,ElectricJunctionObject,10,High Voltage Switch,196,AC Grounding HV
electric,Electric_Utility_Network_Expanded,ElectricJunctionObject,10,High Voltage Switch,190,AC Recloser HV
electric,Electric_Utility_Network_Expanded,ElectricJunctionObject,10,High Voltage Switch,192,AC Station Load Break Disconnect HV
electric,Electric_Utility_Network_Expanded,ElectricJunctionObject,10,High Voltage Switch,193,AC Station Load Break Disconnect HV - Controller
electric,Electric_Utility_Network_Expanded,ElectricJunctionObject,10,High Voltage Switch,183,AC Switchgear HV
electric,Electric_Utility_Network_Expanded,ElectricJunctionObject,10,High Voltage Switch,197,AC Thyristor HV
electric,Electric_Utility_Network_Expanded,ElectricJunctionObject,10,High Voltage Switch,199,AC Transfer Switch HV
electric,Electric_Utility_Network_Expanded,ElectricJunctionObject,10,High Voltage Switch,188,DC Bus Tie Breaker HV
electric,Electric_Utility_Network_Expanded,ElectricJunctionObject,10,High Voltage Switch,184,DC Circuit Breaker HV
electric,Electric_Utility_Network_Expanded,ElectricJunctionObject,10,High Voltage Switch,194,DC Circuit Breaker HV - Controller
electric,Electric_Utility_Network_Expanded,ElectricJunctionObject,10,High Voltage Switch,185,DC Disconnect HV
electric,Electric_Utility_Network_Expanded,ElectricJunctionObject,10,High Voltage Switch,186,DC Switchgear HV
electric,Electric_Utility_Network_Expanded,ElectricJunctionObject,10,High Voltage Switch,198,DC Thyristor HV
electric,Electric_Utility_Network_Expanded,ElectricJunctionObject,10,High Voltage Switch,0,Unknown
electric,Electric_Balanced_Distribution_Utility_Network_Essentials,ElectricJunctionObject,49,High Voltage Tap Changer,926,Regulator Tap Changer HV
electric,Electric_Balanced_Distribution_Utility_Network_Essentials,ElectricJunctionObject,49,High Voltage Tap Changer,925,Tap Changer Controller HV
electric,Electric_Balanced_Distribution_Utility_Network_Essentials,ElectricJunctionObject,49,High Voltage Tap Changer,927,Transformer Tap Changer HV
electric,Electric_Balanced_Distribution_Utility_Network_Essentials,ElectricJunctionObject,49,High Voltage Tap Changer,0,Unknown
electric,Electric_Utility_Network_Expanded,ElectricJunctionObject,11,High Voltage Transformer,201,AC Single Phase - HV->MV
electric,Electric_Utility_Network_Expanded,ElectricJunctionObject,11,High Voltage Transformer,202,AC Three Phase - HV->MV
electric,Electric_Utility_Network_Expanded,ElectricJunctionObject,11,High Voltage Transformer,203,DC Power - HV->HV
electric,Electric_Utility_Network_Expanded,ElectricJunctionObject,11,High Voltage Transformer,204,Grounding Transformer - HV->MV
electric,Electric_Utility_Network_Expanded,ElectricJunctionObject,11,High Voltage Transformer,208,Phase Control - HV->HV
electric,Electric_Balanced_Distribution_Utility_Network_Essentials,ElectricJunctionObject,11,High Voltage Transformer,205,Station - HV->MV
electric,Electric_Balanced_Distribution_Utility_Network_Essentials,ElectricJunctionObject,11,High Voltage Transformer,211,Station Step - HV->HV
electric,Electric_Balanced_Distribution_Utility_Network_Essentials,ElectricJunctionObject,11,High Voltage Transformer,210,Station Step Up - MV->HV
electric,Electric_Balanced_Distribution_Utility_Network_Essentials,ElectricJunctionObject,11,High Voltage Transformer,206,Station Three Winding - HV->HV-HV
electric,Electric_Balanced_Distribution_Utility_Network_Essentials,ElectricJunctionObject,11,High Voltage Transformer,209,Station Three Winding - HV->HV-LV
electric,Electric_Balanced_Distribution_Utility_Network_Essentials,ElectricJunctionObject,11,High Voltage Transformer,207,Station Three Winding - HV->HV-MV
electric,Electric_Balanced_Distribution_Utility_Network_Essentials,ElectricJunctionObject,11,High Voltage Transformer,213,Station Three Winding - HV->MV-LV
electric,Electric_Balanced_Distribution_Utility_Network_Essentials,ElectricJunctionObject,11,High Voltage Transformer,212,Station Three Winding - HV->MV-MV
electric,Electric_Balanced_Distribution_Utility_Network_Essentials,ElectricJunctionObject,11,High Voltage Transformer,0,Unknown
electric,Electric_Utility_Network_Expanded,ElectricJunctionObject,48,High Voltage Transformer Winding,871,AC Transformer Winding HV
electric,Electric_Utility_Network_Expanded,ElectricJunctionObject,48,High Voltage Transformer Winding,872,DC Transformer Winding HV
electric,Electric_Utility_Network_Expanded,ElectricJunctionObject,48,High Voltage Transformer Winding,0,Unknown
electric,Electric_Unbalanced_Distribution_Utility_Network_Essentials,ElectricJunctionObject,16,Lighting,301,Floodlight LV
electric,Electric_Unbalanced_Distribution_Utility_Network_Essentials,ElectricJunctionObject,16,Lighting,302,Streetlight LV
electric,Electric_Unbalanced_Distribution_Utility_Network_Essentials,ElectricJunctionObject,16,Lighting,0,Unknown
electric,Electric_Unbalanced_Distribution_Utility_Network_Essentials,ElectricJunctionObject,61,Line Hardware,837,Aerial Marker
electric,Electric_Unbalanced_Distribution_Utility_Network_Essentials,ElectricJunctionObject,61,Line Hardware,841,Airflow Spoiler
electric,Electric_Unbalanced_Distribution_Utility_Network_Essentials,ElectricJunctionObject,61,Line Hardware,842,Bird Diverter
electric,Electric_Unbalanced_Distribution_Utility_Network_Essentials,ElectricJunctionObject,61,Line Hardware,838,Buried Cable Marker
electric,Electric_Unbalanced_Distribution_Utility_Network_Essentials,ElectricJunctionObject,61,Line Hardware,833,Corona Ring
electric,Electric_Unbalanced_Distribution_Utility_Network_Essentials,ElectricJunctionObject,61,Line Hardware,834,Damper
electric,Electric_Unbalanced_Distribution_Utility_Network_Essentials,ElectricJunctionObject,61,Line Hardware,843,Line Weight
electric,Electric_Unbalanced_Distribution_Utility_Network_Essentials,ElectricJunctionObject,61,Line Hardware,840,Overhead Water Crossing Marker
electric,Electric_Unbalanced_Distribution_Utility_Network_Essentials,ElectricJunctionObject,61,Line Hardware,836,Spacer
electric,Electric_Unbalanced_Distribution_Utility_Network_Essentials,ElectricJunctionObject,61,Line Hardware,839,Submerged Cable Marker
electric,Electric_Unbalanced_Distribution_Utility_Network_Essentials,ElectricJunctionObject,61,Line Hardware,0,Unknown
electric,Electric_Balanced_Distribution_Utility_Network_Essentials,ElectricJunctionObject,40,Low Voltage Circuit Breaker,471,AC Circuit Breaker LV
electric,Electric_Utility_Network_Expanded,ElectricJunctionObject,40,Low Voltage Circuit Breaker,473,AC Circuit Breaker LV - Controller
electric,Electric_Balanced_Distribution_Utility_Network_Essentials,ElectricJunctionObject,40,Low Voltage Circuit Breaker,1,AC Overhead
electric,Electric_Utility_Network_Expanded,ElectricJunctionObject,40,Low Voltage Circuit Breaker,4,AC Overhead - Controller
electric,Electric_Balanced_Distribution_Utility_Network_Essentials,ElectricJunctionObject,40,Low Voltage Circuit Breaker,3,AC Station
electric,Electric_Utility_Network_Expanded,ElectricJunctionObject,40,Low Voltage Circuit Breaker,6,AC Station - Controller
electric,Electric_Balanced_Distribution_Utility_Network_Essentials,ElectricJunctionObject,40,Low Voltage Circuit Breaker,2,AC Underground
electric,Electric_Utility_Network_Expanded,ElectricJunctionObject,40,Low Voltage Circuit Breaker,5,AC Underground - Controller
electric,Electric_Utility_Network_Expanded,ElectricJunctionObject,40,Low Voltage Circuit Breaker,472,DC Circuit Breaker LV
electric,Electric_Utility_Network_Expanded,ElectricJunctionObject,40,Low Voltage Circuit Breaker,474,DC Circuit Breaker LV - Controller
electric,Electric_Utility_Network_Expanded,ElectricJunctionObject,40,Low Voltage Circuit Breaker,11,DC Overhead
electric,Electric_Utility_Network_Expanded,ElectricJunctionObject,40,Low Voltage Circuit Breaker,14,DC Overhead - Controller
electric,Electric_Utility_Network_Expanded,ElectricJunctionObject,40,Low Voltage Circuit Breaker,13,DC Station
electric,Electric_Utility_Network_Expanded,ElectricJunctionObject,40,Low Voltage Circuit Breaker,16,DC Station - Controller
electric,Electric_Utility_Network_Expanded,ElectricJunctionObject,40,Low Voltage Circuit Breaker,12,DC Underground
electric,Electric_Utility_Network_Expanded,ElectricJunctionObject,40,Low Voltage Circuit Breaker,15,DC Underground - Controller
electric,Electric_Balanced_Distribution_Utility_Network_Essentials,ElectricJunctionObject,40,Low Voltage Circuit Breaker,0,Unknown
electric,Electric_Utility_Network_Expanded,ElectricJunctionObject,13,Low Voltage Control Unit,241,Control Unit LV
electric,Electric_Utility_Network_Expanded,ElectricJunctionObject,13,Low Voltage Control Unit,0,Unknown
electric,Electric_Utility_Network_Expanded,ElectricJunctionObject,14,Low Voltage Fuse,1,AC Overhead
electric,Electric_Utility_Network_Expanded,ElectricJunctionObject,14,Low Voltage Fuse,4,AC Overhead - Controller
electric,Electric_Utility_Network_Expanded,ElectricJunctionObject,14,Low Voltage Fuse,273,AC Overhead Cutout Disconnect Fuse LV - Controller
electric,Electric_Utility_Network_Expanded,ElectricJunctionObject,14,Low Voltage Fuse,271,AC Overhead Cutout Load Break Disconnect Fuse LV
electric,Electric_Utility_Network_Expanded,ElectricJunctionObject,14,Low Voltage Fuse,274,AC Overhead Cutout Load Break Fuse LV
electric,Electric_Utility_Network_Expanded,ElectricJunctionObject,14,Low Voltage Fuse,272,AC Overhead Cutout Load Break Fuse LV - Controller
electric,Electric_Utility_Network_Expanded,ElectricJunctionObject,14,Low Voltage Fuse,261,AC Overhead Fuse LV
electric,Electric_Utility_Network_Expanded,ElectricJunctionObject,14,Low Voltage Fuse,266,AC Overhead Fuse LV - Controller
electric,Electric_Utility_Network_Expanded,ElectricJunctionObject,14,Low Voltage Fuse,265,AC Overhead Load Break Fuse LV
electric,Electric_Utility_Network_Expanded,ElectricJunctionObject,14,Low Voltage Fuse,3,AC Station
electric,Electric_Utility_Network_Expanded,ElectricJunctionObject,14,Low Voltage Fuse,6,AC Station - Controller
electric,Electric_Utility_Network_Expanded,ElectricJunctionObject,14,Low Voltage Fuse,2,AC Underground
electric,Electric_Utility_Network_Expanded,ElectricJunctionObject,14,Low Voltage Fuse,5,AC Underground - Controller
electric,Electric_Utility_Network_Expanded,ElectricJunctionObject,14,Low Voltage Fuse,262,AC Underground Fuse LV
electric,Electric_Utility_Network_Expanded,ElectricJunctionObject,14,Low Voltage Fuse,268,AC Underground Fuse LV - Controller
electric,Electric_Utility_Network_Expanded,ElectricJunctionObject,14,Low Voltage Fuse,267,AC Underground Load Break Fuse LV
electric,Electric_Utility_Network_Expanded,ElectricJunctionObject,14,Low Voltage Fuse,11,DC Overhead
electric,Electric_Utility_Network_Expanded,ElectricJunctionObject,14,Low Voltage Fuse,14,DC Overhead - Controller
electric,Electric_Utility_Network_Expanded,ElectricJunctionObject,14,Low Voltage Fuse,263,DC Overhead Fuse LV
electric,Electric_Utility_Network_Expanded,ElectricJunctionObject,14,Low Voltage Fuse,269,DC Overhead Fuse LV - Controller
electric,Electric_Utility_Network_Expanded,ElectricJunctionObject,14,Low Voltage Fuse,13,DC Station
electric,Electric_Utility_Network_Expanded,ElectricJunctionObject,14,Low Voltage Fuse,16,DC Station - Controller
electric,Electric_Utility_Network_Expanded,ElectricJunctionObject,14,Low Voltage Fuse,12,DC Underground
electric,Electric_Utility_Network_Expanded,ElectricJunctionObject,14,Low Voltage Fuse,15,DC Underground - Controller
electric,Electric_Utility_Network_Expanded,ElectricJunctionObject,14,Low Voltage Fuse,264,DC Underground Fuse LV
electric,Electric_Utility_Network_Expanded,ElectricJunctionObject,14,Low Voltage Fuse,270,DC Underground Fuse LV - Controller
electric,Electric_Utility_Network_Expanded,ElectricJunctionObject,14,Low Voltage Fuse,260,Service Fuse Disconnect LV
electric,Electric_Utility_Network_Expanded,ElectricJunctionObject,14,Low Voltage Fuse,259,Service Fuse Load Break LV
electric,Electric_Utility_Network_Expanded,ElectricJunctionObject,14,Low Voltage Fuse,275,Station Disconnect Fuse LV
electric,Electric_Utility_Network_Expanded,ElectricJunctionObject,14,Low Voltage Fuse,278,Station Disconnect Fuse LV - Controller
electric,Electric_Utility_Network_Expanded,ElectricJunctionObject,14,Low Voltage Fuse,277,Station Load Break Disconnect Fuse LV
electric,Electric_Utility_Network_Expanded,ElectricJunctionObject,14,Low Voltage Fuse,280,Station Load Break Disconnect Fuse LV - Controller
electric,Electric_Utility_Network_Expanded,ElectricJunctionObject,14,Low Voltage Fuse,276,Station Load Break Fuse LV
electric,Electric_Utility_Network_Expanded,ElectricJunctionObject,14,Low Voltage Fuse,279,Station Load Break Fuse LV - Controller
electric,Electric_Utility_Network_Expanded,ElectricJunctionObject,14,Low Voltage Fuse,0,Unknown
electric,Electric_Balanced_Distribution_Utility_Network_Essentials,ElectricJunctionObject,15,Low Voltage Generation,286,AC Wave LV
electric,Electric_Balanced_Distribution_Utility_Network_Essentials,ElectricJunctionObject,15,Low Voltage Generation,281,Battery LV
electric,Electric_Utility_Network_Expanded,ElectricJunctionObject,15,Low Voltage Generation,428,Car Charger LV
electric,Electric_Balanced_Distribution_Utility_Network_Essentials,ElectricJunctionObject,15,Low Voltage Generation,283,Generator LV
electric,Electric_Balanced_Distribution_Utility_Network_Essentials,ElectricJunctionObject,15,Low Voltage Generation,284,Residential Photovoltaic Solar LV
electric,Electric_Balanced_Distribution_Utility_Network_Essentials,ElectricJunctionObject,15,Low Voltage Generation,0,Unknown
electric,Electric_Balanced_Distribution_Utility_Network_Essentials,ElectricJunctionObject,15,Low Voltage Generation,285,Wind Turbine LV
electric,Electric_Utility_Network_Expanded,ElectricJunctionObject,12,Low Voltage Insulating Equipment,224,Indoor Arrester LV
electric,Electric_Utility_Network_Expanded,ElectricJunctionObject,12,Low Voltage Insulating Equipment,228,Indoor Insulator LV
electric,Electric_Utility_Network_Expanded,ElectricJunctionObject,12,Low Voltage Insulating Equipment,221,Overhead Arrester LV
electric,Electric_Utility_Network_Expanded,ElectricJunctionObject,12,Low Voltage Insulating Equipment,225,Overhead Insulator LV
electric,Electric_Utility_Network_Expanded,ElectricJunctionObject,12,Low Voltage Insulating Equipment,223,Station Arrester LV
electric,Electric_Utility_Network_Expanded,ElectricJunctionObject,12,Low Voltage Insulating Equipment,227,Station Insulator LV
electric,Electric_Utility_Network_Expanded,ElectricJunctionObject,12,Low Voltage Insulating Equipment,222,Underground Arrester LV
electric,Electric_Utility_Network_Expanded,ElectricJunctionObject,12,Low Voltage Insulating Equipment,226,Underground Insulator LV
electric,Electric_Utility_Network_Expanded,ElectricJunctionObject,12,Low Voltage Insulating Equipment,0,Unknown
electric,Electric_Balanced_Distribution_Utility_Network_Essentials,ElectricJunctionObject,16,Low Voltage Lighting,301,Floodlight LV
electric,Electric_Balanced_Distribution_Utility_Network_Essentials,ElectricJunctionObject,16,Low Voltage Lighting,302,Streetlight LV
electric,Electric_Balanced_Distribution_Utility_Network_Essentials,ElectricJunctionObject,16,Low Voltage Lighting,0,Unknown
electric,Electric_Utility_Network_Expanded,ElectricJunctionObject,17,Low Voltage Line Monitor and Relay,321,Fault Indicator LV
electric,Electric_Utility_Network_Expanded,ElectricJunctionObject,17,Low Voltage Line Monitor and Relay,324,Instrument Transformer LV
electric,Electric_Utility_Network_Expanded,ElectricJunctionObject,17,Low Voltage Line Monitor and Relay,322,Load Monitor LV
electric,Electric_Utility_Network_Expanded,ElectricJunctionObject,17,Low Voltage Line Monitor and Relay,323,Relay LV
electric,Electric_Utility_Network_Expanded,ElectricJunctionObject,17,Low Voltage Line Monitor and Relay,0,Unknown
electric,Electric_Utility_Network_Expanded,ElectricJunctionObject,18,Low Voltage Motor,343,DC Motor LV
electric,Electric_Utility_Network_Expanded,ElectricJunctionObject,18,Low Voltage Motor,341,Single Phase Motor LV
electric,Electric_Utility_Network_Expanded,ElectricJunctionObject,18,Low Voltage Motor,342,Three Phase Motor LV
electric,Electric_Utility_Network_Expanded,ElectricJunctionObject,18,Low Voltage Motor,0,Unknown
electric,Electric_Utility_Network_Expanded,ElectricJunctionObject,19,Low Voltage Network Protection,361,Network Protector LV
electric,Electric_Utility_Network_Expanded,ElectricJunctionObject,19,Low Voltage Network Protection,0,Unknown
electric,Electric_Balanced_Distribution_Utility_Network_Essentials,ElectricJunctionObject,20,Low Voltage Power Conversion,387,Bidirectional LV
electric,Electric_Balanced_Distribution_Utility_Network_Essentials,ElectricJunctionObject,20,Low Voltage Power Conversion,383,Inverter LV
electric,Electric_Balanced_Distribution_Utility_Network_Essentials,ElectricJunctionObject,20,Low Voltage Power Conversion,384,Rectifier LV
electric,Electric_Balanced_Distribution_Utility_Network_Essentials,ElectricJunctionObject,20,Low Voltage Power Conversion,386,Single Phase Bidirectional LV
electric,Electric_Balanced_Distribution_Utility_Network_Essentials,ElectricJunctionObject,20,Low Voltage Power Conversion,381,Single Phase Inverter LV
electric,Electric_Balanced_Distribution_Utility_Network_Essentials,ElectricJunctionObject,20,Low Voltage Power Conversion,382,Single Phase Rectifier LV
electric,Electric_Utility_Network_Expanded,ElectricJunctionObject,20,Low Voltage Power Conversion,387,Three Phase Bidirectional LV
electric,Electric_Utility_Network_Expanded,ElectricJunctionObject,20,Low Voltage Power Conversion,383,Three Phase Inverter LV
electric,Electric_Utility_Network_Expanded,ElectricJunctionObject,20,Low Voltage Power Conversion,384,Three Phase Rectifier LV
electric,Electric_Balanced_Distribution_Utility_Network_Essentials,ElectricJunctionObject,20,Low Voltage Power Conversion,0,Unknown
electric,Electric_Balanced_Distribution_Utility_Network_Essentials,ElectricJunctionObject,20,Low Voltage Power Conversion,390,Wave Trap LV
electric,Electric_Utility_Network_Expanded,ElectricJunctionObject,21,Low Voltage Power Factor Correcting,1,AC Overhead
electric,Electric_Utility_Network_Expanded,ElectricJunctionObject,21,Low Voltage Power Factor Correcting,4,AC Overhead - Controller
electric,Electric_Utility_Network_Expanded,ElectricJunctionObject,21,Low Voltage Power Factor Correcting,3,AC Station
electric,Electric_Utility_Network_Expanded,ElectricJunctionObject,21,Low Voltage Power Factor Correcting,6,AC Station - Controller
electric,Electric_Utility_Network_Expanded,ElectricJunctionObject,21,Low Voltage Power Factor Correcting,2,AC Underground
electric,Electric_Utility_Network_Expanded,ElectricJunctionObject,21,Low Voltage Power Factor Correcting,5,AC Underground - Controller
electric,Electric_Utility_Network_Expanded,ElectricJunctionObject,21,Low Voltage Power Factor Correcting,11,DC Overhead
electric,Electric_Utility_Network_Expanded,ElectricJunctionObject,21,Low Voltage Power Factor Correcting,14,DC Overhead Directional
electric,Electric_Utility_Network_Expanded,ElectricJunctionObject,21,Low Voltage Power Factor Correcting,13,DC Station
electric,Electric_Utility_Network_Expanded,ElectricJunctionObject,21,Low Voltage Power Factor Correcting,16,DC Station Directional
electric,Electric_Utility_Network_Expanded,ElectricJunctionObject,21,Low Voltage Power Factor Correcting,12,DC Underground
electric,Electric_Utility_Network_Expanded,ElectricJunctionObject,21,Low Voltage Power Factor Correcting,15,DC Underground Directional
electric,Electric_Utility_Network_Expanded,ElectricJunctionObject,21,Low Voltage Power Factor Correcting,401,Mobile Harmonic Filter LV
electric,Electric_Utility_Network_Expanded,ElectricJunctionObject,21,Low Voltage Power Factor Correcting,402,Mobile Reactor LV
electric,Electric_Utility_Network_Expanded,ElectricJunctionObject,21,Low Voltage Power Factor Correcting,403,Overhead Capacitor LV
electric,Electric_Utility_Network_Expanded,ElectricJunctionObject,21,Low Voltage Power Factor Correcting,404,Overhead Harmonic Filter LV
electric,Electric_Utility_Network_Expanded,ElectricJunctionObject,21,Low Voltage Power Factor Correcting,405,Overhead Reactor LV
electric,Electric_Utility_Network_Expanded,ElectricJunctionObject,21,Low Voltage Power Factor Correcting,406,Pad Mounted Capacitor LV
electric,Electric_Utility_Network_Expanded,ElectricJunctionObject,21,Low Voltage Power Factor Correcting,407,Pad Mounted Harmonic Filter LV
electric,Electric_Utility_Network_Expanded,ElectricJunctionObject,21,Low Voltage Power Factor Correcting,408,Pad Mounted Reactor LV
electric,Electric_Utility_Network_Expanded,ElectricJunctionObject,21,Low Voltage Power Factor Correcting,409,Station Capacitor LV
electric,Electric_Utility_Network_Expanded,ElectricJunctionObject,21,Low Voltage Power Factor Correcting,410,Station Harmonic Filter LV
electric,Electric_Utility_Network_Expanded,ElectricJunctionObject,21,Low Voltage Power Factor Correcting,411,Station Reactor LV
electric,Electric_Utility_Network_Expanded,ElectricJunctionObject,21,Low Voltage Power Factor Correcting,0,Unknown
electric,Electric_Utility_Network_Expanded,ElectricJunctionObject,45,Low Voltage Regulator,141,AC Single Phase LV
electric,Electric_Utility_Network_Expanded,ElectricJunctionObject,45,Low Voltage Regulator,142,AC Three Phase LV
electric,Electric_Utility_Network_Expanded,ElectricJunctionObject,45,Low Voltage Regulator,143,DC Regulator LV
electric,Electric_Utility_Network_Expanded,ElectricJunctionObject,45,Low Voltage Regulator,145,Frequency Converter LV
electric,Electric_Utility_Network_Expanded,ElectricJunctionObject,45,Low Voltage Regulator,144,Network Load Balancer LV
electric,Electric_Utility_Network_Expanded,ElectricJunctionObject,45,Low Voltage Regulator,0,Unknown
electric,Electric_Balanced_Distribution_Utility_Network_Essentials,ElectricJunctionObject,22,Low Voltage Service,428,Car Charger LV
electric,Electric_Balanced_Distribution_Utility_Network_Essentials,ElectricJunctionObject,22,Low Voltage Service,423,Commercial LV
electric,Electric_Utility_Network_Expanded,ElectricJunctionObject,22,Low Voltage Service,426,DC Commercial LV
electric,Electric_Utility_Network_Expanded,ElectricJunctionObject,22,Low Voltage Service,427,Low Voltage Premise LV
electric,Electric_Balanced_Distribution_Utility_Network_Essentials,ElectricJunctionObject,22,Low Voltage Service,424,Residential LV
electric,Electric_Utility_Network_Expanded,ElectricJunctionObject,22,Low Voltage Service,421,Single Phase Commercial LV
electric,Electric_Utility_Network_Expanded,ElectricJunctionObject,22,Low Voltage Service,422,Single Phase Residential LV
electric,Electric_Utility_Network_Expanded,ElectricJunctionObject,22,Low Voltage Service,423,Three Phase Commercial LV
electric,Electric_Utility_Network_Expanded,ElectricJunctionObject,22,Low Voltage Service,424,Three Phase Residential LV
electric,Electric_Balanced_Distribution_Utility_Network_Essentials,ElectricJunctionObject,22,Low Voltage Service,0,Unknown
electric,Electric_Balanced_Distribution_Utility_Network_Essentials,ElectricJunctionObject,22,Low Voltage Service,425,Unmetered Load LV
electric,Electric_Utility_Network_Expanded,ElectricJunctionObject,23,Low Voltage Switch,1,AC Overhead
electric,Electric_Utility_Network_Expanded,ElectricJunctionObject,23,Low Voltage Switch,4,AC Overhead - Controller
electric,Electric_Utility_Network_Expanded,ElectricJunctionObject,23,Low Voltage Switch,458,AC Recloser LV
electric,Electric_Utility_Network_Expanded,ElectricJunctionObject,23,Low Voltage Switch,3,AC Station
electric,Electric_Utility_Network_Expanded,ElectricJunctionObject,23,Low Voltage Switch,6,AC Station - Controller
electric,Electric_Utility_Network_Expanded,ElectricJunctionObject,23,Low Voltage Switch,457,AC Station Bypass LV
electric,Electric_Utility_Network_Expanded,ElectricJunctionObject,23,Low Voltage Switch,431,AC Station Disconnect LV
electric,Electric_Utility_Network_Expanded,ElectricJunctionObject,23,Low Voltage Switch,434,AC Station Disconnect LV - Controller
electric,Electric_Utility_Network_Expanded,ElectricJunctionObject,23,Low Voltage Switch,433,AC Station Load Break Disconnect LV
electric,Electric_Utility_Network_Expanded,ElectricJunctionObject,23,Low Voltage Switch,436,AC Station Load Break Disconnect LV - Controller
electric,Electric_Utility_Network_Expanded,ElectricJunctionObject,23,Low Voltage Switch,432,AC Station Load Break LV
electric,Electric_Utility_Network_Expanded,ElectricJunctionObject,23,Low Voltage Switch,435,AC Station Load Break LV - Controller
electric,Electric_Utility_Network_Expanded,ElectricJunctionObject,23,Low Voltage Switch,2,AC Underground
electric,Electric_Utility_Network_Expanded,ElectricJunctionObject,23,Low Voltage Switch,5,AC Underground - Controller
electric,Electric_Utility_Network_Expanded,ElectricJunctionObject,23,Low Voltage Switch,11,DC Overhead
electric,Electric_Utility_Network_Expanded,ElectricJunctionObject,23,Low Voltage Switch,14,DC Overhead - Controller
electric,Electric_Utility_Network_Expanded,ElectricJunctionObject,23,Low Voltage Switch,13,DC Station
electric,Electric_Utility_Network_Expanded,ElectricJunctionObject,23,Low Voltage Switch,16,DC Station - Controller
electric,Electric_Utility_Network_Expanded,ElectricJunctionObject,23,Low Voltage Switch,456,DC Station LV
electric,Electric_Utility_Network_Expanded,ElectricJunctionObject,23,Low Voltage Switch,12,DC Underground
electric,Electric_Utility_Network_Expanded,ElectricJunctionObject,23,Low Voltage Switch,15,DC Underground - Controller
electric,Electric_Utility_Network_Expanded,ElectricJunctionObject,23,Low Voltage Switch,450,Indoor AC Disconnect LV
electric,Electric_Utility_Network_Expanded,ElectricJunctionObject,23,Low Voltage Switch,449,Indoor AC Load Break LV
electric,Electric_Utility_Network_Expanded,ElectricJunctionObject,23,Low Voltage Switch,452,Indoor DC Disconnect LV
electric,Electric_Utility_Network_Expanded,ElectricJunctionObject,23,Low Voltage Switch,451,Indoor DC Load Break LV
electric,Electric_Utility_Network_Expanded,ElectricJunctionObject,23,Low Voltage Switch,442,Overhead AC Disconnect LV
electric,Electric_Utility_Network_Expanded,ElectricJunctionObject,23,Low Voltage Switch,441,Overhead AC Load Break LV
electric,Electric_Utility_Network_Expanded,ElectricJunctionObject,23,Low Voltage Switch,444,Overhead DC Disconnect LV
electric,Electric_Utility_Network_Expanded,ElectricJunctionObject,23,Low Voltage Switch,443,Overhead DC Load Break LV
electric,Electric_Utility_Network_Expanded,ElectricJunctionObject,23,Low Voltage Switch,454,Overhead Jumper LV
electric,Electric_Utility_Network_Expanded,ElectricJunctionObject,23,Low Voltage Switch,453,Source Selectable Switch LV
electric,Electric_Utility_Network_Expanded,ElectricJunctionObject,23,Low Voltage Switch,446,Underground AC Disconnect LV
electric,Electric_Utility_Network_Expanded,ElectricJunctionObject,23,Low Voltage Switch,445,Underground AC Load Break LV
electric,Electric_Utility_Network_Expanded,ElectricJunctionObject,23,Low Voltage Switch,448,Underground DC Disconnect LV
electric,Electric_Utility_Network_Expanded,ElectricJunctionObject,23,Low Voltage Switch,447,Underground DC Load Break LV
electric,Electric_Utility_Network_Expanded,ElectricJunctionObject,23,Low Voltage Switch,0,Unknown
electric,Electric_Utility_Network_Expanded,ElectricJunctionObject,24,Low Voltage Transformer,461,Single Phase - LV->LV
electric,Electric_Balanced_Distribution_Utility_Network_Essentials,ElectricJunctionObject,24,Low Voltage Transformer,462,Three Phase - LV->LV
electric,Electric_Balanced_Distribution_Utility_Network_Essentials,ElectricJunctionObject,24,Low Voltage Transformer,463,Three Winding - LV->LV-LV
electric,Electric_Balanced_Distribution_Utility_Network_Essentials,ElectricJunctionObject,24,Low Voltage Transformer,0,Unknown
electric,Electric_Utility_Network_Expanded,ElectricJunctionObject,46,Low Voltage Transformer Winding,874,AC Transformer Winding LV
electric,Electric_Utility_Network_Expanded,ElectricJunctionObject,46,Low Voltage Transformer Winding,875,DC Transformer Winding LV
electric,Electric_Utility_Network_Expanded,ElectricJunctionObject,46,Low Voltage Transformer Winding,0,Unknown
electric,Electric_Utility_Network_Expanded,ElectricJunctionObject,44,Low Voltage Wire Connector,861,Ring Terminal LV
electric,Electric_Utility_Network_Expanded,ElectricJunctionObject,44,Low Voltage Wire Connector,0,Unknown
electric,Electric_Utility_Network_Expanded,ElectricJunctionObject,26,Medium Voltage Circuit Breaker,501,Isolator Switch MV
electric,Electric_Utility_Network_Expanded,ElectricJunctionObject,26,Medium Voltage Circuit Breaker,515,Network Protector MV
electric,Electric_Utility_Network_Expanded,ElectricJunctionObject,26,Medium Voltage Circuit Breaker,502,Single Phase Circuit Breaker MV
electric,Electric_Utility_Network_Expanded,ElectricJunctionObject,26,Medium Voltage Circuit Breaker,512,Single Phase Circuit Breaker MV - Controller
electric,Electric_Utility_Network_Expanded,ElectricJunctionObject,26,Medium Voltage Circuit Breaker,503,Three Phase Circuit Breaker MV
electric,Electric_Utility_Network_Expanded,ElectricJunctionObject,26,Medium Voltage Circuit Breaker,513,Three Phase Circuit Breaker MV - Controller
electric,Electric_Utility_Network_Expanded,ElectricJunctionObject,26,Medium Voltage Circuit Breaker,0,Unknown
electric,Electric_Utility_Network_Expanded,ElectricJunctionObject,27,Medium Voltage Control Unit,521,Capacitor MV
electric,Electric_Utility_Network_Expanded,ElectricJunctionObject,27,Medium Voltage Control Unit,522,Circuit Breaker MV
electric,Electric_Utility_Network_Expanded,ElectricJunctionObject,27,Medium Voltage Control Unit,523,Recloser MV
electric,Electric_Utility_Network_Expanded,ElectricJunctionObject,27,Medium Voltage Control Unit,525,Regulator MV
electric,Electric_Utility_Network_Expanded,ElectricJunctionObject,27,Medium Voltage Control Unit,524,Transfer Switch Controller MV
electric,Electric_Utility_Network_Expanded,ElectricJunctionObject,27,Medium Voltage Control Unit,0,Unknown
electric,Electric_Utility_Network_Expanded,ElectricJunctionObject,28,Medium Voltage Elbow,2,AC Underground
electric,Electric_Utility_Network_Expanded,ElectricJunctionObject,28,Medium Voltage Elbow,5,AC Underground - Controller
electric,Electric_Utility_Network_Expanded,ElectricJunctionObject,28,Medium Voltage Elbow,541,Load Break Feedthru MV
electric,Electric_Utility_Network_Expanded,ElectricJunctionObject,28,Medium Voltage Elbow,542,Load Break Junction MV
electric,Electric_Utility_Network_Expanded,ElectricJunctionObject,28,Medium Voltage Elbow,543,Single Phase Dead Break MV
electric,Electric_Utility_Network_Expanded,ElectricJunctionObject,28,Medium Voltage Elbow,544,Single Phase Load Break MV
electric,Electric_Utility_Network_Expanded,ElectricJunctionObject,28,Medium Voltage Elbow,545,Three Phase Dead Break MV
electric,Electric_Utility_Network_Expanded,ElectricJunctionObject,28,Medium Voltage Elbow,546,Three Phase Load Break MV
electric,Electric_Utility_Network_Expanded,ElectricJunctionObject,28,Medium Voltage Elbow,0,Unknown
electric,Electric_Utility_Network_Expanded,ElectricJunctionObject,29,Medium Voltage Fuse,1,AC Overhead
electric,Electric_Utility_Network_Expanded,ElectricJunctionObject,29,Medium Voltage Fuse,4,AC Overhead - Controller
electric,Electric_Utility_Network_Expanded,ElectricJunctionObject,29,Medium Voltage Fuse,3,AC Station
electric,Electric_Utility_Network_Expanded,ElectricJunctionObject,29,Medium Voltage Fuse,6,AC Station - Controller
electric,Electric_Utility_Network_Expanded,ElectricJunctionObject,29,Medium Voltage Fuse,2,AC Underground
electric,Electric_Utility_Network_Expanded,ElectricJunctionObject,29,Medium Voltage Fuse,5,AC Underground - Controller
electric,Electric_Utility_Network_Expanded,ElectricJunctionObject,29,Medium Voltage Fuse,561,Bayonet Fuse MV
electric,Electric_Utility_Network_Expanded,ElectricJunctionObject,29,Medium Voltage Fuse,568,Cabinet Fuse MV
electric,Electric_Utility_Network_Expanded,ElectricJunctionObject,29,Medium Voltage Fuse,562,Fault Limiter Fuse MV
electric,Electric_Utility_Network_Expanded,ElectricJunctionObject,29,Medium Voltage Fuse,563,Indoor Fuse MV
electric,Electric_Utility_Network_Expanded,ElectricJunctionObject,29,Medium Voltage Fuse,564,Overhead Cutout Disconnect Fuse MV
electric,Electric_Utility_Network_Expanded,ElectricJunctionObject,29,Medium Voltage Fuse,574,Overhead Cutout Disconnect Fuse MV - Controller
electric,Electric_Utility_Network_Expanded,ElectricJunctionObject,29,Medium Voltage Fuse,572,Overhead Cutout Load Break Disconnect Fuse MV
electric,Electric_Utility_Network_Expanded,ElectricJunctionObject,29,Medium Voltage Fuse,575,Overhead Cutout Load Break Disconnect Fuse MV - Controller
electric,Electric_Utility_Network_Expanded,ElectricJunctionObject,29,Medium Voltage Fuse,565,Overhead Cutout Load Break Fuse MV
electric,Electric_Utility_Network_Expanded,ElectricJunctionObject,29,Medium Voltage Fuse,573,Overhead Cutout Load Break Fuse MV - Controller
electric,Electric_Utility_Network_Expanded,ElectricJunctionObject,29,Medium Voltage Fuse,566,Overhead Cutout Sectionalizer Fuse MV
electric,Electric_Utility_Network_Expanded,ElectricJunctionObject,29,Medium Voltage Fuse,567,Overhead Cutout Solid Blade Fuse MV
electric,Electric_Utility_Network_Expanded,ElectricJunctionObject,29,Medium Voltage Fuse,570,Underground Disconnect Fuse MV
electric,Electric_Utility_Network_Expanded,ElectricJunctionObject,29,Medium Voltage Fuse,569,Underground Fuse MV
electric,Electric_Utility_Network_Expanded,ElectricJunctionObject,29,Medium Voltage Fuse,571,Underground Load Break Fuse MV
electric,Electric_Utility_Network_Expanded,ElectricJunctionObject,29,Medium Voltage Fuse,0,Unknown
electric,Electric_Utility_Network_Expanded,ElectricJunctionObject,30,Medium Voltage Generation,110,AC Wave MV
electric,Electric_Utility_Network_Expanded,ElectricJunctionObject,30,Medium Voltage Generation,111,Battery MV
electric,Electric_Utility_Network_Expanded,ElectricJunctionObject,30,Medium Voltage Generation,112,Biomass MV
electric,Electric_Utility_Network_Expanded,ElectricJunctionObject,30,Medium Voltage Generation,114,Gas Turbine MV
electric,Electric_Utility_Network_Expanded,ElectricJunctionObject,30,Medium Voltage Generation,113,Generator MV
electric,Electric_Utility_Network_Expanded,ElectricJunctionObject,30,Medium Voltage Generation,115,Geothermal MV
electric,Electric_Utility_Network_Expanded,ElectricJunctionObject,30,Medium Voltage Generation,116,Hydro MV
electric,Electric_Utility_Network_Expanded,ElectricJunctionObject,30,Medium Voltage Generation,120,Interconnect MV
electric,Electric_Utility_Network_Expanded,ElectricJunctionObject,30,Medium Voltage Generation,118,Photovoltaic Solar MV
electric,Electric_Utility_Network_Expanded,ElectricJunctionObject,30,Medium Voltage Generation,119,Thermal Solar MV
electric,Electric_Utility_Network_Expanded,ElectricJunctionObject,30,Medium Voltage Generation,0,Unknown
electric,Electric_Utility_Network_Expanded,ElectricJunctionObject,30,Medium Voltage Generation,117,Wind MV
electric,Electric_Utility_Network_Expanded,ElectricJunctionObject,25,Medium Voltage Insulating Equipment,481,Elbow Arrester MV
electric,Electric_Utility_Network_Expanded,ElectricJunctionObject,25,Medium Voltage Insulating Equipment,482,Line Arrester MV
electric,Electric_Utility_Network_Expanded,ElectricJunctionObject,25,Medium Voltage Insulating Equipment,485,Line Insulator MV
electric,Electric_Utility_Network_Expanded,ElectricJunctionObject,25,Medium Voltage Insulating Equipment,483,Station Arrester MV
electric,Electric_Utility_Network_Expanded,ElectricJunctionObject,25,Medium Voltage Insulating Equipment,486,Station Insulator MV
electric,Electric_Utility_Network_Expanded,ElectricJunctionObject,25,Medium Voltage Insulating Equipment,484,Underground Insulator MV
electric,Electric_Utility_Network_Expanded,ElectricJunctionObject,25,Medium Voltage Insulating Equipment,0,Unknown
electric,Electric_Utility_Network_Expanded,ElectricJunctionObject,31,Medium Voltage Line Monitor and Relay,601,Fault Indicator MV
electric,Electric_Utility_Network_Expanded,ElectricJunctionObject,31,Medium Voltage Line Monitor and Relay,602,Instrument Transformer MV
electric,Electric_Utility_Network_Expanded,ElectricJunctionObject,31,Medium Voltage Line Monitor and Relay,603,Programmable Logic Unit MV
electric,Electric_Utility_Network_Expanded,ElectricJunctionObject,31,Medium Voltage Line Monitor and Relay,607,Relay MV
electric,Electric_Utility_Network_Expanded,ElectricJunctionObject,31,Medium Voltage Line Monitor and Relay,604,Remote Terminal Unit MV
electric,Electric_Utility_Network_Expanded,ElectricJunctionObject,31,Medium Voltage Line Monitor and Relay,605,SCADA Load Monitor MV
electric,Electric_Utility_Network_Expanded,ElectricJunctionObject,31,Medium Voltage Line Monitor and Relay,606,SCADA Weather Station MV
electric,Electric_Utility_Network_Expanded,ElectricJunctionObject,31,Medium Voltage Line Monitor and Relay,0,Unknown
electric,Electric_Utility_Network_Expanded,ElectricJunctionObject,32,Medium Voltage Motor and Pump,621,Single Phase Motor MV
electric,Electric_Utility_Network_Expanded,ElectricJunctionObject,32,Medium Voltage Motor and Pump,622,Single Phase Pump MV
electric,Electric_Utility_Network_Expanded,ElectricJunctionObject,32,Medium Voltage Motor and Pump,623,Three Phase Motor MV
electric,Electric_Utility_Network_Expanded,ElectricJunctionObject,32,Medium Voltage Motor and Pump,624,Three Phase Pump MV
electric,Electric_Utility_Network_Expanded,ElectricJunctionObject,32,Medium Voltage Motor and Pump,0,Unknown
electric,Electric_Utility_Network_Expanded,ElectricJunctionObject,33,Medium Voltage Power Conversion,645,Single Phase Bidirectional MV
electric,Electric_Utility_Network_Expanded,ElectricJunctionObject,33,Medium Voltage Power Conversion,641,Single Phase Inverter MV
electric,Electric_Utility_Network_Expanded,ElectricJunctionObject,33,Medium Voltage Power Conversion,642,Single Phase Rectifier MV
electric,Electric_Utility_Network_Expanded,ElectricJunctionObject,33,Medium Voltage Power Conversion,646,Three Phase Bidirectional MV
electric,Electric_Utility_Network_Expanded,ElectricJunctionObject,33,Medium Voltage Power Conversion,643,Three Phase Inverter MV
electric,Electric_Utility_Network_Expanded,ElectricJunctionObject,33,Medium Voltage Power Conversion,644,Three Phase Rectifier MV
electric,Electric_Utility_Network_Expanded,ElectricJunctionObject,33,Medium Voltage Power Conversion,0,Unknown
electric,Electric_Utility_Network_Expanded,ElectricJunctionObject,33,Medium Voltage Power Conversion,647,Wave Trap MV
electric,Electric_Utility_Network_Expanded,ElectricJunctionObject,34,Medium Voltage Power Factor Correcting,1,AC Overhead
electric,Electric_Utility_Network_Expanded,ElectricJunctionObject,34,Medium Voltage Power Factor Correcting,4,AC Overhead - Controller
electric,Electric_Utility_Network_Expanded,ElectricJunctionObject,34,Medium Voltage Power Factor Correcting,3,AC Station
electric,Electric_Utility_Network_Expanded,ElectricJunctionObject,34,Medium Voltage Power Factor Correcting,6,AC Station - Controller
electric,Electric_Utility_Network_Expanded,ElectricJunctionObject,34,Medium Voltage Power Factor Correcting,2,AC Underground
electric,Electric_Utility_Network_Expanded,ElectricJunctionObject,34,Medium Voltage Power Factor Correcting,5,AC Underground - Controller
electric,Electric_Utility_Network_Expanded,ElectricJunctionObject,34,Medium Voltage Power Factor Correcting,661,Mobile Capacitor MV
electric,Electric_Utility_Network_Expanded,ElectricJunctionObject,34,Medium Voltage Power Factor Correcting,671,Mobile Harmonic Filter MV
electric,Electric_Utility_Network_Expanded,ElectricJunctionObject,34,Medium Voltage Power Factor Correcting,672,Mobile Reactor MV
electric,Electric_Utility_Network_Expanded,ElectricJunctionObject,34,Medium Voltage Power Factor Correcting,666,Overhead Harmonic Filter MV
electric,Electric_Utility_Network_Expanded,ElectricJunctionObject,34,Medium Voltage Power Factor Correcting,667,Overhead Reactor MV
electric,Electric_Utility_Network_Expanded,ElectricJunctionObject,34,Medium Voltage Power Factor Correcting,664,Overhead Single Phase Capacitor MV
electric,Electric_Utility_Network_Expanded,ElectricJunctionObject,34,Medium Voltage Power Factor Correcting,665,Overhead Three Phase Capacitor MV
electric,Electric_Utility_Network_Expanded,ElectricJunctionObject,34,Medium Voltage Power Factor Correcting,673,Pad Mounted Harmonic Filter MV
electric,Electric_Utility_Network_Expanded,ElectricJunctionObject,34,Medium Voltage Power Factor Correcting,674,Pad Mounted Reactor MV
electric,Electric_Utility_Network_Expanded,ElectricJunctionObject,34,Medium Voltage Power Factor Correcting,668,Pad Mounted Single Phase Capacitor MV
electric,Electric_Utility_Network_Expanded,ElectricJunctionObject,34,Medium Voltage Power Factor Correcting,669,Pad Mounted Three Phase Capacitor MV
electric,Electric_Utility_Network_Expanded,ElectricJunctionObject,34,Medium Voltage Power Factor Correcting,675,Station Capacitor MV
electric,Electric_Utility_Network_Expanded,ElectricJunctionObject,34,Medium Voltage Power Factor Correcting,676,Station Harmonic Filter MV
electric,Electric_Utility_Network_Expanded,ElectricJunctionObject,34,Medium Voltage Power Factor Correcting,677,Station Reactor MV
electric,Electric_Utility_Network_Expanded,ElectricJunctionObject,34,Medium Voltage Power Factor Correcting,678,Synchronous Condenser MV
electric,Electric_Utility_Network_Expanded,ElectricJunctionObject,34,Medium Voltage Power Factor Correcting,0,Unknown
electric,Electric_Utility_Network_Expanded,ElectricJunctionObject,41,Medium Voltage Recloser,1,AC Overhead
electric,Electric_Utility_Network_Expanded,ElectricJunctionObject,41,Medium Voltage Recloser,4,AC Overhead - Controller
electric,Electric_Utility_Network_Expanded,ElectricJunctionObject,41,Medium Voltage Recloser,2,AC Underground
electric,Electric_Utility_Network_Expanded,ElectricJunctionObject,41,Medium Voltage Recloser,5,AC Underground - Controller
electric,Electric_Utility_Network_Expanded,ElectricJunctionObject,41,Medium Voltage Recloser,730,Overhead Single Phase Recloser MV
electric,Electric_Utility_Network_Expanded,ElectricJunctionObject,41,Medium Voltage Recloser,744,Overhead Three Phase Recloser MV
electric,Electric_Utility_Network_Expanded,ElectricJunctionObject,41,Medium Voltage Recloser,734,Overhead Three Phase Recloser MV - Controller
electric,Electric_Utility_Network_Expanded,ElectricJunctionObject,41,Medium Voltage Recloser,747,Pad Mounted Single Phase Recloser MV
electric,Electric_Utility_Network_Expanded,ElectricJunctionObject,41,Medium Voltage Recloser,748,Pad Mounted Three Phase Recloser MV
electric,Electric_Utility_Network_Expanded,ElectricJunctionObject,41,Medium Voltage Recloser,738,Pad Mounted Three Phase Recloser MV - Controller
electric,Electric_Utility_Network_Expanded,ElectricJunctionObject,41,Medium Voltage Recloser,0,Unknown
electric,Electric_Utility_Network_Expanded,ElectricJunctionObject,35,Medium Voltage Regulator,1,AC Overhead
electric,Electric_Utility_Network_Expanded,ElectricJunctionObject,35,Medium Voltage Regulator,4,AC Overhead - Controller
electric,Electric_Utility_Network_Expanded,ElectricJunctionObject,35,Medium Voltage Regulator,3,AC Station
electric,Electric_Utility_Network_Expanded,ElectricJunctionObject,35,Medium Voltage Regulator,2,AC Underground
electric,Electric_Utility_Network_Expanded,ElectricJunctionObject,35,Medium Voltage Regulator,5,AC Underground - Controller
electric,Electric_Utility_Network_Expanded,ElectricJunctionObject,35,Medium Voltage Regulator,688,Frequency Converter MV
electric,Electric_Utility_Network_Expanded,ElectricJunctionObject,35,Medium Voltage Regulator,681,Overhead Single Phase VR MV
electric,Electric_Utility_Network_Expanded,ElectricJunctionObject,35,Medium Voltage Regulator,683,Overhead Three Phase VR MV
electric,Electric_Utility_Network_Expanded,ElectricJunctionObject,35,Medium Voltage Regulator,685,Pad Mounted Single Phase VR MV
electric,Electric_Utility_Network_Expanded,ElectricJunctionObject,35,Medium Voltage Regulator,687,Pad Mounted Three Phase VR MV
electric,Electric_Utility_Network_Expanded,ElectricJunctionObject,35,Medium Voltage Regulator,0,Unknown
electric,Electric_Utility_Network_Expanded,ElectricJunctionObject,42,Medium Voltage Sectionalizer,1,AC Overhead
electric,Electric_Utility_Network_Expanded,ElectricJunctionObject,42,Medium Voltage Sectionalizer,4,AC Overhead - Controller
electric,Electric_Utility_Network_Expanded,ElectricJunctionObject,42,Medium Voltage Sectionalizer,2,AC Underground
electric,Electric_Utility_Network_Expanded,ElectricJunctionObject,42,Medium Voltage Sectionalizer,5,AC Underground - Controller
electric,Electric_Utility_Network_Expanded,ElectricJunctionObject,42,Medium Voltage Sectionalizer,731,Overhead Single Phase Sectionalizer MV
electric,Electric_Utility_Network_Expanded,ElectricJunctionObject,42,Medium Voltage Sectionalizer,745,Overhead Three Phase Sectionalizer MV
electric,Electric_Utility_Network_Expanded,ElectricJunctionObject,42,Medium Voltage Sectionalizer,749,Pad Mounted Single Phase Sectionalizer MV
electric,Electric_Utility_Network_Expanded,ElectricJunctionObject,42,Medium Voltage Sectionalizer,750,Pad Mounted Three Phase Sectionalizer MV
electric,Electric_Utility_Network_Expanded,ElectricJunctionObject,42,Medium Voltage Sectionalizer,0,Unknown
electric,Electric_Utility_Network_Expanded,ElectricJunctionObject,36,Medium Voltage Service,704,Medium Voltage Premise MV
electric,Electric_Utility_Network_Expanded,ElectricJunctionObject,36,Medium Voltage Service,701,Primary Meter - Industrial Customer MV
electric,Electric_Utility_Network_Expanded,ElectricJunctionObject,36,Medium Voltage Service,702,Primary Meter - Utility Customer MV
electric,Electric_Utility_Network_Expanded,ElectricJunctionObject,36,Medium Voltage Service,703,Primary Meter Circuit Source MV
electric,Electric_Utility_Network_Expanded,ElectricJunctionObject,36,Medium Voltage Service,0,Unknown
electric,Electric_Utility_Network_Expanded,ElectricJunctionObject,37,Medium Voltage Switch,1,AC Overhead
electric,Electric_Utility_Network_Expanded,ElectricJunctionObject,37,Medium Voltage Switch,4,AC Overhead - Controller
electric,Electric_Utility_Network_Expanded,ElectricJunctionObject,37,Medium Voltage Switch,3,AC Station
electric,Electric_Utility_Network_Expanded,ElectricJunctionObject,37,Medium Voltage Switch,6,AC Station - Controller
electric,Electric_Utility_Network_Expanded,ElectricJunctionObject,37,Medium Voltage Switch,2,AC Underground
electric,Electric_Utility_Network_Expanded,ElectricJunctionObject,37,Medium Voltage Switch,5,AC Underground - Controller
electric,Electric_Utility_Network_Expanded,ElectricJunctionObject,37,Medium Voltage Switch,765,Bus Tie Breaker MV
electric,Electric_Utility_Network_Expanded,ElectricJunctionObject,37,Medium Voltage Switch,721,Cabinet Bypass MV
electric,Electric_Utility_Network_Expanded,ElectricJunctionObject,37,Medium Voltage Switch,723,Cabinet Switch - Grounded MV
electric,Electric_Utility_Network_Expanded,ElectricJunctionObject,37,Medium Voltage Switch,722,Cabinet Switch MV
electric,Electric_Utility_Network_Expanded,ElectricJunctionObject,37,Medium Voltage Switch,724,Overhead Bypass MV
electric,Electric_Utility_Network_Expanded,ElectricJunctionObject,37,Medium Voltage Switch,725,Overhead Grounding Switch MV
electric,Electric_Utility_Network_Expanded,ElectricJunctionObject,37,Medium Voltage Switch,726,Overhead Jumper MV
electric,Electric_Utility_Network_Expanded,ElectricJunctionObject,37,Medium Voltage Switch,728,Overhead Single Phase Disconnect MV
electric,Electric_Utility_Network_Expanded,ElectricJunctionObject,37,Medium Voltage Switch,729,Overhead Single Phase Load Break MV
electric,Electric_Utility_Network_Expanded,ElectricJunctionObject,37,Medium Voltage Switch,732,Overhead Three Phase Disconnect MV
electric,Electric_Utility_Network_Expanded,ElectricJunctionObject,37,Medium Voltage Switch,733,Overhead Three Phase Load Break MV
electric,Electric_Utility_Network_Expanded,ElectricJunctionObject,37,Medium Voltage Switch,746,Pad Mounted Fault Interrupter MV
electric,Electric_Utility_Network_Expanded,ElectricJunctionObject,37,Medium Voltage Switch,768,Station Disconnect - Grounded MV
electric,Electric_Utility_Network_Expanded,ElectricJunctionObject,37,Medium Voltage Switch,752,Station Disconnect MV
electric,Electric_Utility_Network_Expanded,ElectricJunctionObject,37,Medium Voltage Switch,770,Station Disconnect MV - Controller
electric,Electric_Utility_Network_Expanded,ElectricJunctionObject,37,Medium Voltage Switch,727,Station Grounding MV
electric,Electric_Utility_Network_Expanded,ElectricJunctionObject,37,Medium Voltage Switch,769,Station Load Break Disconnect MV
electric,Electric_Utility_Network_Expanded,ElectricJunctionObject,37,Medium Voltage Switch,772,Station Load Break Disconnect MV - Controller
electric,Electric_Utility_Network_Expanded,ElectricJunctionObject,37,Medium Voltage Switch,766,Station Load Break MV
electric,Electric_Utility_Network_Expanded,ElectricJunctionObject,37,Medium Voltage Switch,771,Station Load Break MV - Controller
electric,Electric_Utility_Network_Expanded,ElectricJunctionObject,37,Medium Voltage Switch,751,Station Single Phase Disconnect MV
electric,Electric_Utility_Network_Expanded,ElectricJunctionObject,37,Medium Voltage Switch,753,T Blade MV
electric,Electric_Utility_Network_Expanded,ElectricJunctionObject,37,Medium Voltage Switch,755,Underground Single Phase Disconnect MV
electric,Electric_Utility_Network_Expanded,ElectricJunctionObject,37,Medium Voltage Switch,758,Underground Single Phase Load Break MV
electric,Electric_Utility_Network_Expanded,ElectricJunctionObject,37,Medium Voltage Switch,759,Underground Three Phase Disconnect MV
electric,Electric_Utility_Network_Expanded,ElectricJunctionObject,37,Medium Voltage Switch,760,Underground Three Phase Load Break MV
electric,Electric_Utility_Network_Expanded,ElectricJunctionObject,37,Medium Voltage Switch,761,Underground Transfer Switch MV
electric,Electric_Utility_Network_Expanded,ElectricJunctionObject,37,Medium Voltage Switch,0,Unknown
electric,Electric_Utility_Network_Expanded,ElectricJunctionObject,37,Medium Voltage Switch,754,V Blade MV
electric,Electric_Balanced_Distribution_Utility_Network_Essentials,ElectricJunctionObject,50,Medium Voltage Tap Changer,931,Regulator Tap Changer MV
electric,Electric_Balanced_Distribution_Utility_Network_Essentials,ElectricJunctionObject,50,Medium Voltage Tap Changer,930,Tap Changer Controller MV
electric,Electric_Balanced_Distribution_Utility_Network_Essentials,ElectricJunctionObject,50,Medium Voltage Tap Changer,932,Transformer Tap Changer MV
electric,Electric_Balanced_Distribution_Utility_Network_Essentials,ElectricJunctionObject,50,Medium Voltage Tap Changer,0,Unknown
electric,Electric_Utility_Network_Expanded,ElectricJunctionObject,38,Medium Voltage Transformer,781,Grounding Transformer - MV->MV
electric,Electric_Utility_Network_Expanded,ElectricJunctionObject,38,Medium Voltage Transformer,782,Mobile Single Phase - MV->LV
electric,Electric_Utility_Network_Expanded,ElectricJunctionObject,38,Medium Voltage Transformer,783,Mobile Three Phase - MV->LV
electric,Electric_Utility_Network_Expanded,ElectricJunctionObject,38,Medium Voltage Transformer,784,Network - MV->LV
electric,Electric_Utility_Network_Expanded,ElectricJunctionObject,38,Medium Voltage Transformer,785,Overhead Single Phase - MV->LV
electric,Electric_Utility_Network_Expanded,ElectricJunctionObject,38,Medium Voltage Transformer,803,Overhead Single Phase Step - MV->MV
electric,Electric_Utility_Network_Expanded,ElectricJunctionObject,38,Medium Voltage Transformer,801,Overhead Single Phase Step - MV<->MV
electric,Electric_Utility_Network_Expanded,ElectricJunctionObject,38,Medium Voltage Transformer,822,Overhead Single Phase Step Up - LV->MV
electric,Electric_Utility_Network_Expanded,ElectricJunctionObject,38,Medium Voltage Transformer,823,Overhead Single Phase Step Up - LV<->MV
electric,Electric_Utility_Network_Expanded,ElectricJunctionObject,38,Medium Voltage Transformer,788,Overhead Three Phase - MV->LV
electric,Electric_Utility_Network_Expanded,ElectricJunctionObject,38,Medium Voltage Transformer,804,Overhead Three Phase Step - MV->MV
electric,Electric_Utility_Network_Expanded,ElectricJunctionObject,38,Medium Voltage Transformer,802,Overhead Three Phase Step - MV<->MV
electric,Electric_Utility_Network_Expanded,ElectricJunctionObject,38,Medium Voltage Transformer,816,Overhead Three Phase Step Up - LV->MV
electric,Electric_Utility_Network_Expanded,ElectricJunctionObject,38,Medium Voltage Transformer,817,Overhead Three Phase Step Up - LV<->MV
electric,Electric_Utility_Network_Expanded,ElectricJunctionObject,38,Medium Voltage Transformer,789,Pad Mounted Single Phase - MV->LV
electric,Electric_Utility_Network_Expanded,ElectricJunctionObject,38,Medium Voltage Transformer,807,Pad Mounted Single Phase Step - MV->MV
electric,Electric_Utility_Network_Expanded,ElectricJunctionObject,38,Medium Voltage Transformer,805,Pad Mounted Single Phase Step - MV<->MV
electric,Electric_Utility_Network_Expanded,ElectricJunctionObject,38,Medium Voltage Transformer,824,Pad Mounted Single Phase Step Up - LV->MV
electric,Electric_Utility_Network_Expanded,ElectricJunctionObject,38,Medium Voltage Transformer,825,Pad Mounted Single Phase Step Up - LV<->MV
electric,Electric_Utility_Network_Expanded,ElectricJunctionObject,38,Medium Voltage Transformer,792,Pad Mounted Three Phase - MV->LV
electric,Electric_Utility_Network_Expanded,ElectricJunctionObject,38,Medium Voltage Transformer,808,Pad Mounted Three Phase Step - MV->MV
electric,Electric_Utility_Network_Expanded,ElectricJunctionObject,38,Medium Voltage Transformer,806,Pad Mounted Three Phase Step - MV<->MV
electric,Electric_Utility_Network_Expanded,ElectricJunctionObject,38,Medium Voltage Transformer,820,Pad Mounted Three Phase Step Up - LV->MV
electric,Electric_Utility_Network_Expanded,ElectricJunctionObject,38,Medium Voltage Transformer,821,Pad Mounted Three Phase Step Up - LV<->MV
electric,Electric_Balanced_Distribution_Utility_Network_Essentials,ElectricJunctionObject,38,Medium Voltage Transformer,786,Station - MV->LV
electric,Electric_Balanced_Distribution_Utility_Network_Essentials,ElectricJunctionObject,38,Medium Voltage Transformer,813,Station Step - MV->MV
electric,Electric_Balanced_Distribution_Utility_Network_Essentials,ElectricJunctionObject,38,Medium Voltage Transformer,814,Station Step - MV<->MV
electric,Electric_Balanced_Distribution_Utility_Network_Essentials,ElectricJunctionObject,38,Medium Voltage Transformer,815,Station Step Three Winding - MV->MV-MV
electric,Electric_Balanced_Distribution_Utility_Network_Essentials,ElectricJunctionObject,38,Medium Voltage Transformer,818,Station Step Up - LV->MV
electric,Electric_Balanced_Distribution_Utility_Network_Essentials,ElectricJunctionObject,38,Medium Voltage Transformer,819,Station Step Up - LV<->MV
electric,Electric_Balanced_Distribution_Utility_Network_Essentials,ElectricJunctionObject,38,Medium Voltage Transformer,787,Station Three Winding - MV->LV-LV
electric,Electric_Utility_Network_Expanded,ElectricJunctionObject,38,Medium Voltage Transformer,790,Station Three Winding - MV->MV-LV
electric,Electric_Utility_Network_Expanded,ElectricJunctionObject,38,Medium Voltage Transformer,793,Submersible Single Phase - MV->LV
electric,Electric_Utility_Network_Expanded,ElectricJunctionObject,38,Medium Voltage Transformer,811,Submersible Single Phase Step - MV->MV
electric,Electric_Utility_Network_Expanded,ElectricJunctionObject,38,Medium Voltage Transformer,809,Submersible Single Phase Step - MV<->MV
electric,Electric_Utility_Network_Expanded,ElectricJunctionObject,38,Medium Voltage Transformer,794,Submersible Three Phase - MV->LV
electric,Electric_Utility_Network_Expanded,ElectricJunctionObject,38,Medium Voltage Transformer,812,Submersible Three Phase Step - MV->MV
electric,Electric_Utility_Network_Expanded,ElectricJunctionObject,38,Medium Voltage Transformer,810,Submersible Three Phase Step - MV<->MV
electric,Electric_Balanced_Distribution_Utility_Network_Essentials,ElectricJunctionObject,38,Medium Voltage Transformer,0,Unknown
electric,Electric_Utility_Network_Expanded,ElectricJunctionObject,47,Medium Voltage Transformer Winding,873,Transformer Winding MV
electric,Electric_Utility_Network_Expanded,ElectricJunctionObject,47,Medium Voltage Transformer Winding,0,Unknown
electric,Electric_Unbalanced_Distribution_Utility_Network_Essentials,ElectricJunctionObject,32,Motor and Pump,0,Motor MV
electric,Electric_Unbalanced_Distribution_Utility_Network_Essentials,ElectricJunctionObject,32,Motor and Pump,621,Single Phase Motor MV
electric,Electric_Unbalanced_Distribution_Utility_Network_Essentials,ElectricJunctionObject,32,Motor and Pump,622,Single Phase Pump MV
electric,Electric_Unbalanced_Distribution_Utility_Network_Essentials,ElectricJunctionObject,32,Motor and Pump,623,Three Phase Motor MV
electric,Electric_Unbalanced_Distribution_Utility_Network_Essentials,ElectricJunctionObject,32,Motor and Pump,624,Three Phase Pump MV
electric,Electric_Unbalanced_Distribution_Utility_Network_Essentials,ElectricJunctionObject,36,Primary Service,701,Primary Meter - Industrial Customer MV
electric,Electric_Unbalanced_Distribution_Utility_Network_Essentials,ElectricJunctionObject,36,Primary Service,702,Primary Meter - Utility Customer MV
electric,Electric_Unbalanced_Distribution_Utility_Network_Essentials,ElectricJunctionObject,36,Primary Service,704,Primary Meter MV
electric,Electric_Unbalanced_Distribution_Utility_Network_Essentials,ElectricJunctionObject,36,Primary Service,0,Service MV
electric,Electric_Unbalanced_Distribution_Utility_Network_Essentials,ElectricJunctionObject,41,Recloser,4,Overhead - Controller MV
electric,Electric_Unbalanced_Distribution_Utility_Network_Essentials,ElectricJunctionObject,41,Recloser,1,Overhead MV
electric,Electric_Unbalanced_Distribution_Utility_Network_Essentials,ElectricJunctionObject,41,Recloser,734,Overhead Three Phase Recloser - Controller MV
electric,Electric_Unbalanced_Distribution_Utility_Network_Essentials,ElectricJunctionObject,41,Recloser,738,Pad Mounted Recloser - Controller MV
electric,Electric_Unbalanced_Distribution_Utility_Network_Essentials,ElectricJunctionObject,41,Recloser,0,Recloser MV
electric,Electric_Unbalanced_Distribution_Utility_Network_Essentials,ElectricJunctionObject,41,Recloser,5,Underground - Controller MV
electric,Electric_Unbalanced_Distribution_Utility_Network_Essentials,ElectricJunctionObject,41,Recloser,2,Underground MV
electric,Electric_Unbalanced_Distribution_Utility_Network_Essentials,ElectricJunctionObject,22,Secondary Service,428,Car Charger LV
electric,Electric_Unbalanced_Distribution_Utility_Network_Essentials,ElectricJunctionObject,22,Secondary Service,421,Single Phase Commercial LV
electric,Electric_Unbalanced_Distribution_Utility_Network_Essentials,ElectricJunctionObject,22,Secondary Service,422,Single Phase Residential LV
electric,Electric_Unbalanced_Distribution_Utility_Network_Essentials,ElectricJunctionObject,22,Secondary Service,423,Three Phase Commercial LV
electric,Electric_Unbalanced_Distribution_Utility_Network_Essentials,ElectricJunctionObject,22,Secondary Service,424,Three Phase Residential LV
electric,Electric_Unbalanced_Distribution_Utility_Network_Essentials,ElectricJunctionObject,22,Secondary Service,0,Unknown
electric,Electric_Unbalanced_Distribution_Utility_Network_Essentials,ElectricJunctionObject,22,Secondary Service,425,Unmetered Load LV
electric,Electric_Unbalanced_Distribution_Utility_Network_Essentials,ElectricJunctionObject,42,Sectionalizer,1,Overhead MV
electric,Electric_Unbalanced_Distribution_Utility_Network_Essentials,ElectricJunctionObject,42,Sectionalizer,0,Sectionalizer MV
electric,Electric_Unbalanced_Distribution_Utility_Network_Essentials,ElectricJunctionObject,42,Sectionalizer,2,Underground MV
electric,Electric_Unbalanced_Distribution_Utility_Network_Essentials,ElectricJunctionObject,37,Switch,1,Overhead MV
electric,Electric_Unbalanced_Distribution_Utility_Network_Essentials,ElectricJunctionObject,37,Switch,0,Switch MV
electric,Electric_Unbalanced_Distribution_Utility_Network_Essentials,ElectricJunctionObject,37,Switch,2,Underground MV
electric,Electric_Unbalanced_Distribution_Utility_Network_Essentials,ElectricJunctionObject,38,Transformer,785,Overhead Single Phase - MV->LV
electric,Electric_Unbalanced_Distribution_Utility_Network_Essentials,ElectricJunctionObject,38,Transformer,803,Overhead Single Phase Step - MV->MV
electric,Electric_Unbalanced_Distribution_Utility_Network_Essentials,ElectricJunctionObject,38,Transformer,822,Overhead Single Phase Step Up - LV->MV
electric,Electric_Unbalanced_Distribution_Utility_Network_Essentials,ElectricJunctionObject,38,Transformer,788,Overhead Three Phase - MV->LV
electric,Electric_Unbalanced_Distribution_Utility_Network_Essentials,ElectricJunctionObject,38,Transformer,804,Overhead Three Phase Step - MV->MV
electric,Electric_Unbalanced_Distribution_Utility_Network_Essentials,ElectricJunctionObject,38,Transformer,816,Overhead Three Phase Step Up - LV->MV
electric,Electric_Unbalanced_Distribution_Utility_Network_Essentials,ElectricJunctionObject,38,Transformer,789,Pad Mounted Single Phase - MV->LV
electric,Electric_Unbalanced_Distribution_Utility_Network_Essentials,ElectricJunctionObject,38,Transformer,824,Pad Mounted Single Phase Step Up - LV->MV
electric,Electric_Unbalanced_Distribution_Utility_Network_Essentials,ElectricJunctionObject,38,Transformer,792,Pad Mounted Three Phase - MV->LV
electric,Electric_Unbalanced_Distribution_Utility_Network_Essentials,ElectricJunctionObject,38,Transformer,808,Pad Mounted Three Phase Step - MV->MV
electric,Electric_Unbalanced_Distribution_Utility_Network_Essentials,ElectricJunctionObject,38,Transformer,786,Station - MV->LV
electric,Electric_Unbalanced_Distribution_Utility_Network_Essentials,ElectricJunctionObject,38,Transformer,813,Station Step - MV->MV
electric,Electric_Unbalanced_Distribution_Utility_Network_Essentials,ElectricJunctionObject,38,Transformer,794,Submersible Three Phase - MV->LV
electric,Electric_Unbalanced_Distribution_Utility_Network_Essentials,ElectricJunctionObject,38,Transformer,0,Transformer MV
electric,Electric_Balanced_Distribution_Utility_Network_Essentials,ElectricJunctionObject,0,Unknown,0,Unknown
electric,Electric_Unbalanced_Distribution_Utility_Network_Essentials,ElectricJunctionObject,35,Voltage Regulator,1,Overhead MV
electric,Electric_Unbalanced_Distribution_Utility_Network_Essentials,ElectricJunctionObject,35,Voltage Regulator,0,Regulator MV
electric,Electric_Unbalanced_Distribution_Utility_Network_Essentials,ElectricJunctionObject,35,Voltage Regulator,2,Underground MV
electric,Electric_Unbalanced_Distribution_Utility_Network_Essentials,ElectricLine,8,Busbar,140,Cabinet Single Phase MV
electric,Electric_Unbalanced_Distribution_Utility_Network_Essentials,ElectricLine,8,Busbar,141,Cabinet Three Phase MV
electric,Electric_Unbalanced_Distribution_Utility_Network_Essentials,ElectricLine,8,Busbar,143,Station Three Phase MV
electric,Electric_Unbalanced_Distribution_Utility_Network_Essentials,ElectricLine,8,Busbar,0,Unknown
electric,Electric_Balanced_Distribution_Utility_Network_Essentials,ElectricLine,12,Ground Wire,222,Bare Ground
electric,Electric_Balanced_Distribution_Utility_Network_Essentials,ElectricLine,12,Ground Wire,221,Covered Ground
electric,Electric_Balanced_Distribution_Utility_Network_Essentials,ElectricLine,12,Ground Wire,0,Unknown
electric,Electric_Balanced_Distribution_Utility_Network_Essentials,ElectricLine,1,High Voltage Busbar,2,AC Station HV
electric,Electric_Utility_Network_Expanded,ElectricLine,1,High Voltage Busbar,1,AC Station Single Phase HV
electric,Electric_Utility_Network_Expanded,ElectricLine,1,High Voltage Busbar,2,AC Station Three Phase HV
electric,Electric_Utility_Network_Expanded,ElectricLine,1,High Voltage Busbar,3,DC Station HV
electric,Electric_Balanced_Distribution_Utility_Network_Essentials,ElectricLine,1,High Voltage Busbar,0,Unknown
electric,Electric_Utility_Network_Expanded,ElectricLine,3,High Voltage Connector,40,AC Connector HV
electric,Electric_Utility_Network_Expanded,ElectricLine,3,High Voltage Connector,41,DC Connector HV
electric,Electric_Utility_Network_Expanded,ElectricLine,3,High Voltage Connector,0,Unknown
electric,Electric_Utility_Network_Expanded,ElectricLine,2,High Voltage Overhead Conductor,20,AC Overhead HV
electric,Electric_Utility_Network_Expanded,ElectricLine,2,High Voltage Overhead Conductor,23,DC Overhead HV
electric,Electric_Utility_Network_Expanded,ElectricLine,2,High Voltage Overhead Conductor,0,Unknown
electric,Electric_Utility_Network_Expanded,ElectricLine,15,High Voltage Service,260,AC Overhead Service HV
electric,Electric_Utility_Network_Expanded,ElectricLine,15,High Voltage Service,264,AC Submersible Service HV
electric,Electric_Utility_Network_Expanded,ElectricLine,15,High Voltage Service,261,AC Underground Service HV
electric,Electric_Utility_Network_Expanded,ElectricLine,15,High Voltage Service,262,DC Overhead Service HV
electric,Electric_Utility_Network_Expanded,ElectricLine,15,High Voltage Service,265,DC Submersible Service HV
electric,Electric_Utility_Network_Expanded,ElectricLine,15,High Voltage Service,263,DC Underground Service HV
electric,Electric_Utility_Network_Expanded,ElectricLine,15,High Voltage Service,0,Unknown
electric,Electric_Utility_Network_Expanded,ElectricLine,4,High Voltage Static Wire,60,Double
electric,Electric_Utility_Network_Expanded,ElectricLine,4,High Voltage Static Wire,61,Single
electric,Electric_Utility_Network_Expanded,ElectricLine,4,High Voltage Static Wire,0,Unknown
electric,Electric_Utility_Network_Expanded,ElectricLine,32,High Voltage Submersible Conductor,21,AC Submersible HV
electric,Electric_Utility_Network_Expanded,ElectricLine,32,High Voltage Submersible Conductor,24,DC Submersible HV
electric,Electric_Utility_Network_Expanded,ElectricLine,32,High Voltage Submersible Conductor,0,Unknown
electric,Electric_Utility_Network_Expanded,ElectricLine,31,High Voltage Underground Conductor,22,AC Underground HV
electric,Electric_Utility_Network_Expanded,ElectricLine,31,High Voltage Underground Conductor,25,DC Underground HV
electric,Electric_Utility_Network_Expanded,ElectricLine,31,High Voltage Underground Conductor,0,Unknown
electric,Electric_Balanced_Distribution_Utility_Network_Essentials,ElectricLine,5,Low Voltage Busbar,80,AC Cabinet LV
electric,Electric_Balanced_Distribution_Utility_Network_Essentials,ElectricLine,5,Low Voltage Busbar,81,AC Station LV
electric,Electric_Utility_Network_Expanded,ElectricLine,5,Low Voltage Busbar,82,DC Cabinet LV
electric,Electric_Utility_Network_Expanded,ElectricLine,5,Low Voltage Busbar,83,DC Station LV
electric,Electric_Balanced_Distribution_Utility_Network_Essentials,ElectricLine,5,Low Voltage Busbar,0,Unknown
electric,Electric_Balanced_Distribution_Utility_Network_Essentials,ElectricLine,7,Low Voltage Connector,120,AC Connector LV
electric,Electric_Utility_Network_Expanded,ElectricLine,7,Low Voltage Connector,121,DC Connector LV
electric,Electric_Balanced_Distribution_Utility_Network_Essentials,ElectricLine,7,Low Voltage Connector,0,Unknown
electric,Electric_Balanced_Distribution_Utility_Network_Essentials,ElectricLine,6,Low Voltage Overhead Conductor,100,AC Overhead LV
electric,Electric_Utility_Network_Expanded,ElectricLine,6,Low Voltage Overhead Conductor,103,DC Overhead LV
electric,Electric_Balanced_Distribution_Utility_Network_Essentials,ElectricLine,6,Low Voltage Overhead Conductor,0,Unknown
electric,Electric_Balanced_Distribution_Utility_Network_Essentials,ElectricLine,13,Low Voltage Service,110,AC Overhead Service LV
electric,Electric_Balanced_Distribution_Utility_Network_Essentials,ElectricLine,13,Low Voltage Service,112,AC Underground Service LV
electric,Electric_Utility_Network_Expanded,ElectricLine,13,Low Voltage Service,113,DC Overhead Service LV
electric,Electric_Utility_Network_Expanded,ElectricLine,13,Low Voltage Service,115,DC Underground Service LV
electric,Electric_Balanced_Distribution_Utility_Network_Essentials,ElectricLine,13,Low Voltage Service,0,Unknown
electric,Electric_Balanced_Distribution_Utility_Network_Essentials,ElectricLine,38,Low Voltage Submersible Conductor,101,AC Submersible LV
electric,Electric_Utility_Network_Expanded,ElectricLine,38,Low Voltage Submersible Conductor,104,DC Submersible LV
electric,Electric_Balanced_Distribution_Utility_Network_Essentials,ElectricLine,38,Low Voltage Submersible Conductor,0,Unknown
electric,Electric_Balanced_Distribution_Utility_Network_Essentials,ElectricLine,37,Low Voltage Underground Conductor,102,AC Underground LV
electric,Electric_Utility_Network_Expanded,ElectricLine,37,Low Voltage Underground Conductor,105,DC Underground LV
electric,Electric_Balanced_Distribution_Utility_Network_Essentials,ElectricLine,37,Low Voltage Underground Conductor,0,Unknown
electric,Electric_Balanced_Distribution_Utility_Network_Essentials,ElectricLine,8,Medium Voltage Busbar,141,Cabinet MV
electric,Electric_Utility_Network_Expanded,ElectricLine,8,Medium Voltage Busbar,140,Cabinet Single Phase MV
electric,Electric_Utility_Network_Expanded,ElectricLine,8,Medium Voltage Busbar,141,Cabinet Three Phase MV
electric,Electric_Balanced_Distribution_Utility_Network_Essentials,ElectricLine,8,Medium Voltage Busbar,143,Station MV
electric,Electric_Utility_Network_Expanded,ElectricLine,8,Medium Voltage Busbar,142,Station Single Phase MV
electric,Electric_Utility_Network_Expanded,ElectricLine,8,Medium Voltage Busbar,143,Station Three Phase MV
electric,Electric_Balanced_Distribution_Utility_Network_Essentials,ElectricLine,8,Medium Voltage Busbar,0,Unknown
electric,Electric_Utility_Network_Expanded,ElectricLine,10,Medium Voltage Connector,180,Single Phase MV
electric,Electric_Balanced_Distribution_Utility_Network_Essentials,ElectricLine,10,Medium Voltage Connector,181,Three Phase
electric,Electric_Utility_Network_Expanded,ElectricLine,10,Medium Voltage Connector,181,Three Phase MV
electric,Electric_Utility_Network_Expanded,ElectricLine,10,Medium Voltage Connector,182,Two Phase MV
electric,Electric_Balanced_Distribution_Utility_Network_Essentials,ElectricLine,10,Medium Voltage Connector,0,Unknown
electric,Electric_Balanced_Distribution_Utility_Network_Essentials,ElectricLine,9,Medium Voltage Overhead Conductor,161,Overhead
electric,Electric_Balanced_Distribution_Utility_Network_Essentials,ElectricLine,9,Medium Voltage Overhead Conductor,168,Overhead Neutral
electric,Electric_Utility_Network_Expanded,ElectricLine,9,Medium Voltage Overhead Conductor,160,Overhead Single Phase MV
electric,Electric_Utility_Network_Expanded,ElectricLine,9,Medium Voltage Overhead Conductor,161,Overhead Three Phase MV
electric,Electric_Utility_Network_Expanded,ElectricLine,9,Medium Voltage Overhead Conductor,162,Overhead Two Phase MV
electric,Electric_Balanced_Distribution_Utility_Network_Essentials,ElectricLine,9,Medium Voltage Overhead Conductor,0,Unknown
electric,Electric_Balanced_Distribution_Utility_Network_Essentials,ElectricLine,14,Medium Voltage Service,171,Overhead Service MV
electric,Electric_Utility_Network_Expanded,ElectricLine,14,Medium Voltage Service,170,Overhead Single Phase Service MV
electric,Electric_Utility_Network_Expanded,ElectricLine,14,Medium Voltage Service,171,Overhead Three Phase Service MV
electric,Electric_Utility_Network_Expanded,ElectricLine,14,Medium Voltage Service,172,Overhead Two Phase Service MV
electric,Electric_Balanced_Distribution_Utility_Network_Essentials,ElectricLine,14,Medium Voltage Service,174,Submersible Service MV
electric,Electric_Utility_Network_Expanded,ElectricLine,14,Medium Voltage Service,173,Submersible Single Phase Service MV
electric,Electric_Utility_Network_Expanded,ElectricLine,14,Medium Voltage Service,174,Submersible Three Phase Service MV
electric,Electric_Balanced_Distribution_Utility_Network_Essentials,ElectricLine,14,Medium Voltage Service,176,Underground Service MV
electric,Electric_Utility_Network_Expanded,ElectricLine,14,Medium Voltage Service,175,Underground Single Phase Service MV
electric,Electric_Utility_Network_Expanded,ElectricLine,14,Medium Voltage Service,176,Underground Three Phase Service MV
electric,Electric_Utility_Network_Expanded,ElectricLine,14,Medium Voltage Service,177,Underground Two Phase Service MV
electric,Electric_Balanced_Distribution_Utility_Network_Essentials,ElectricLine,14,Medium Voltage Service,0,Unknown
electric,Electric_Balanced_Distribution_Utility_Network_Essentials,ElectricLine,35,Medium Voltage Submersible Conductor,164,Submersible Phase MV
electric,Electric_Utility_Network_Expanded,ElectricLine,35,Medium Voltage Submersible Conductor,163,Submersible Single Phase MV
electric,Electric_Utility_Network_Expanded,ElectricLine,35,Medium Voltage Submersible Conductor,164,Submersible Three Phase MV
electric,Electric_Balanced_Distribution_Utility_Network_Essentials,ElectricLine,35,Medium Voltage Submersible Conductor,0,Unknown
electric,Electric_Balanced_Distribution_Utility_Network_Essentials,ElectricLine,34,Medium Voltage Underground Conductor,166,Underground MV
electric,Electric_Utility_Network_Expanded,ElectricLine,34,Medium Voltage Underground Conductor,165,Underground Single Phase MV
electric,Electric_Utility_Network_Expanded,ElectricLine,34,Medium Voltage Underground Conductor,166,Underground Three Phase MV
electric,Electric_Utility_Network_Expanded,ElectricLine,34,Medium Voltage Underground Conductor,167,Underground Two Phase MV
electric,Electric_Balanced_Distribution_Utility_Network_Essentials,ElectricLine,34,Medium Voltage Underground Conductor,0,Unknown
electric,Electric_Unbalanced_Distribution_Utility_Network_Essentials,ElectricLine,11,Neutral Wire,200,Overhead Bare
electric,Electric_Unbalanced_Distribution_Utility_Network_Essentials,ElectricLine,11,Neutral Wire,201,Overhead Shielded
electric,Electric_Unbalanced_Distribution_Utility_Network_Essentials,ElectricLine,11,Neutral Wire,202,Underground Shielded
electric,Electric_Unbalanced_Distribution_Utility_Network_Essentials,ElectricLine,11,Neutral Wire,0,Unknown
electric,Electric_Unbalanced_Distribution_Utility_Network_Essentials,ElectricLine,10,Primary Connector,180,Single Phase MV
electric,Electric_Unbalanced_Distribution_Utility_Network_Essentials,ElectricLine,10,Primary Connector,181,Three Phase MV
electric,Electric_Unbalanced_Distribution_Utility_Network_Essentials,ElectricLine,10,Primary Connector,182,Two Phase MV
electric,Electric_Unbalanced_Distribution_Utility_Network_Essentials,ElectricLine,10,Primary Connector,0,Unknown
electric,Electric_Unbalanced_Distribution_Utility_Network_Essentials,ElectricLine,9,Primary Overhead Conductor,168,Overhead Neutral
electric,Electric_Unbalanced_Distribution_Utility_Network_Essentials,ElectricLine,9,Primary Overhead Conductor,160,Overhead Single Phase MV
electric,Electric_Unbalanced_Distribution_Utility_Network_Essentials,ElectricLine,9,Primary Overhead Conductor,161,Overhead Three Phase MV
electric,Electric_Unbalanced_Distribution_Utility_Network_Essentials,ElectricLine,9,Primary Overhead Conductor,162,Overhead Two Phase MV
electric,Electric_Unbalanced_Distribution_Utility_Network_Essentials,ElectricLine,9,Primary Overhead Conductor,0,Unknown
electric,Electric_Unbalanced_Distribution_Utility_Network_Essentials,ElectricLine,14,Primary Service Conductor,170,Overhead Single Phase Service MV
electric,Electric_Unbalanced_Distribution_Utility_Network_Essentials,ElectricLine,14,Primary Service Conductor,171,Overhead Three Phase Service MV
electric,Electric_Unbalanced_Distribution_Utility_Network_Essentials,ElectricLine,14,Primary Service Conductor,172,Overhead Two Phase Service MV
electric,Electric_Unbalanced_Distribution_Utility_Network_Essentials,ElectricLine,14,Primary Service Conductor,173,Submersible Single Phase Service MV
electric,Electric_Unbalanced_Distribution_Utility_Network_Essentials,ElectricLine,14,Primary Service Conductor,174,Submersible Three Phase Service MV
electric,Electric_Unbalanced_Distribution_Utility_Network_Essentials,ElectricLine,14,Primary Service Conductor,175,Underground Single Phase Service MV
electric,Electric_Unbalanced_Distribution_Utility_Network_Essentials,ElectricLine,14,Primary Service Conductor,176,Underground Three Phase Service MV
electric,Electric_Unbalanced_Distribution_Utility_Network_Essentials,ElectricLine,14,Primary Service Conductor,177,Underground Two Phase Service MV
electric,Electric_Unbalanced_Distribution_Utility_Network_Essentials,ElectricLine,14,Primary Service Conductor,0,Unknown
electric,Electric_Unbalanced_Distribution_Utility_Network_Essentials,ElectricLine,35,Primary Submarine Conductor,163,Submersible Single Phase MV
electric,Electric_Unbalanced_Distribution_Utility_Network_Essentials,ElectricLine,35,Primary Submarine Conductor,164,Submersible Three Phase MV
electric,Electric_Unbalanced_Distribution_Utility_Network_Essentials,ElectricLine,35,Primary Submarine Conductor,0,Unknown
electric,Electric_Unbalanced_Distribution_Utility_Network_Essentials,ElectricLine,34,Primary Underground Conductor,165,Underground Single Phase MV
electric,Electric_Unbalanced_Distribution_Utility_Network_Essentials,ElectricLine,34,Primary Underground Conductor,166,Underground Three Phase MV
electric,Electric_Unbalanced_Distribution_Utility_Network_Essentials,ElectricLine,34,Primary Underground Conductor,167,Underground Two Phase MV
electric,Electric_Unbalanced_Distribution_Utility_Network_Essentials,ElectricLine,34,Primary Underground Conductor,0,Unknown
electric,Electric_Unbalanced_Distribution_Utility_Network_Essentials,ElectricLine,7,Secondary Connector,120,Connector LV
electric,Electric_Unbalanced_Distribution_Utility_Network_Essentials,ElectricLine,7,Secondary Connector,0,Unknown
electric,Electric_Unbalanced_Distribution_Utility_Network_Essentials,ElectricLine,6,Secondary Overhead Conductor,100,Overhead LV
electric,Electric_Unbalanced_Distribution_Utility_Network_Essentials,ElectricLine,6,Secondary Overhead Conductor,0,Unknown
electric,Electric_Unbalanced_Distribution_Utility_Network_Essentials,ElectricLine,13,Secondary Service Conductor,110,Overhead Service LV
electric,Electric_Unbalanced_Distribution_Utility_Network_Essentials,ElectricLine,13,Secondary Service Conductor,112,Underground Service LV
electric,Electric_Unbalanced_Distribution_Utility_Network_Essentials,ElectricLine,13,Secondary Service Conductor,0,Unknown
electric,Electric_Unbalanced_Distribution_Utility_Network_Essentials,ElectricLine,38,Secondary Submarine Conductor,101,Submersible LV
electric,Electric_Unbalanced_Distribution_Utility_Network_Essentials,ElectricLine,38,Secondary Submarine Conductor,0,Unknown
electric,Electric_Unbalanced_Distribution_Utility_Network_Essentials,ElectricLine,37,Secondary Underground Conductor,102,Underground LV
electric,Electric_Unbalanced_Distribution_Utility_Network_Essentials,ElectricLine,37,Secondary Underground Conductor,0,Unknown
electric,Electric_Balanced_Distribution_Utility_Network_Essentials,ElectricLine,4,Static Wire,60,Double
electric,Electric_Balanced_Distribution_Utility_Network_Essentials,ElectricLine,4,Static Wire,61,Single
electric,Electric_Balanced_Distribution_Utility_Network_Essentials,ElectricLine,4,Static Wire,0,Unknown
electric,Electric_Balanced_Distribution_Utility_Network_Essentials,ElectricLine,3,Subtransmission Connector,40,AC Connector HV
electric,Electric_Balanced_Distribution_Utility_Network_Essentials,ElectricLine,3,Subtransmission Connector,0,Unknown
electric,Electric_Balanced_Distribution_Utility_Network_Essentials,ElectricLine,2,Subtransmission Overhead Conductor,20,AC Overhead HV
electric,Electric_Balanced_Distribution_Utility_Network_Essentials,ElectricLine,2,Subtransmission Overhead Conductor,0,Unknown
electric,Electric_Balanced_Distribution_Utility_Network_Essentials,ElectricLine,15,Subtransmission Service,260,AC Service HV
electric,Electric_Balanced_Distribution_Utility_Network_Essentials,ElectricLine,15,Subtransmission Service,0,Unknown
electric,Electric_Balanced_Distribution_Utility_Network_Essentials,ElectricLine,32,Subtransmission Submersible Conductor,21,AC Submersible HV
electric,Electric_Balanced_Distribution_Utility_Network_Essentials,ElectricLine,32,Subtransmission Submersible Conductor,0,Unknown
electric,Electric_Balanced_Distribution_Utility_Network_Essentials,ElectricLine,31,Subtransmission Underground Conductor,22,AC Underground HV
electric,Electric_Balanced_Distribution_Utility_Network_Essentials,ElectricLine,31,Subtransmission Underground Conductor,0,Unknown
electric,Electric_Balanced_Distribution_Utility_Network_Essentials,ElectricLine,0,Unknown,0,Unknown
electric,Electric_Transmission_Utility_Network_Essentials,ElectricTransmissionAssembly,31,High Voltage Bay,91,Capacitor
electric,Electric_Transmission_Utility_Network_Essentials,ElectricTransmissionAssembly,31,High Voltage Bay,95,Metering
electric,Electric_Transmission_Utility_Network_Essentials,ElectricTransmissionAssembly,31,High Voltage Bay,92,Regulator
electric,Electric_Transmission_Utility_Network_Essentials,ElectricTransmissionAssembly,31,High Voltage Bay,93,Switch
electric,Electric_Transmission_Utility_Network_Essentials,ElectricTransmissionAssembly,31,High Voltage Bay,94,Transformer
electric,Electric_Transmission_Utility_Network_Essentials,ElectricTransmissionAssembly,31,High Voltage Bay,0,Unknown
electric,Electric_Transmission_Utility_Network_Essentials,ElectricTransmissionAssembly,0,Unknown,0,Unknown
electric,Electric_Transmission_Utility_Network_Essentials,ElectricTransmissionDevice,4,High Voltage Generation,61,Battery HV
electric,Electric_Transmission_Utility_Network_Essentials,ElectricTransmissionDevice,4,High Voltage Generation,63,Coal HV
electric,Electric_Transmission_Utility_Network_Essentials,ElectricTransmissionDevice,4,High Voltage Generation,64,Gas Turbine HV
electric,Electric_Transmission_Utility_Network_Essentials,ElectricTransmissionDevice,4,High Voltage Generation,72,Generator HV
electric,Electric_Transmission_Utility_Network_Essentials,ElectricTransmissionDevice,4,High Voltage Generation,66,Hydro HV
electric,Electric_Transmission_Utility_Network_Essentials,ElectricTransmissionDevice,4,High Voltage Generation,73,Interconnect HV
electric,Electric_Transmission_Utility_Network_Essentials,ElectricTransmissionDevice,4,High Voltage Generation,67,Nuclear HV
electric,Electric_Transmission_Utility_Network_Essentials,ElectricTransmissionDevice,4,High Voltage Generation,68,Photovoltaic Solar HV
electric,Electric_Transmission_Utility_Network_Essentials,ElectricTransmissionDevice,4,High Voltage Generation,69,Thermal Solar HV
electric,Electric_Transmission_Utility_Network_Essentials,ElectricTransmissionDevice,4,High Voltage Generation,0,Unknown
electric,Electric_Transmission_Utility_Network_Essentials,ElectricTransmissionDevice,4,High Voltage Generation,70,Wind HV
electric,Electric_Transmission_Utility_Network_Essentials,ElectricTransmissionDevice,12,High Voltage Section Head,221,AC Section Head HV
electric,Electric_Transmission_Utility_Network_Essentials,ElectricTransmissionDevice,12,High Voltage Section Head,223,AC Tap HV
electric,Electric_Transmission_Utility_Network_Essentials,ElectricTransmissionDevice,12,High Voltage Section Head,222,DC Section Head HV
electric,Electric_Transmission_Utility_Network_Essentials,ElectricTransmissionDevice,12,High Voltage Section Head,224,DC Tap HV
electric,Electric_Transmission_Utility_Network_Essentials,ElectricTransmissionDevice,12,High Voltage Section Head,0,Unknown
electric,Electric_Transmission_Utility_Network_Essentials,ElectricTransmissionDevice,9,High Voltage Service,161,AC Metering HV
electric,Electric_Transmission_Utility_Network_Essentials,ElectricTransmissionDevice,9,High Voltage Service,162,DC Metering HV
electric,Electric_Transmission_Utility_Network_Essentials,ElectricTransmissionDevice,9,High Voltage Service,0,Unknown
electric,Electric_Transmission_Utility_Network_Essentials,ElectricTransmissionDevice,10,High Voltage Switch,187,AC Bus Tie Breaker HV
electric,Electric_Transmission_Utility_Network_Essentials,ElectricTransmissionDevice,10,High Voltage Switch,181,AC Circuit Breaker HV
electric,Electric_Transmission_Utility_Network_Essentials,ElectricTransmissionDevice,10,High Voltage Switch,182,AC Disconnect HV
electric,Electric_Transmission_Utility_Network_Essentials,ElectricTransmissionDevice,10,High Voltage Switch,184,DC Circuit Breaker HV
electric,Electric_Transmission_Utility_Network_Essentials,ElectricTransmissionDevice,10,High Voltage Switch,0,Unknown
electric,Electric_Transmission_Utility_Network_Essentials,ElectricTransmissionDevice,11,Power Transformer,203,DC Power - HV->HV
electric,Electric_Transmission_Utility_Network_Essentials,ElectricTransmissionDevice,11,Power Transformer,205,Station - HV->MV
electric,Electric_Transmission_Utility_Network_Essentials,ElectricTransmissionDevice,11,Power Transformer,211,Station Step - HV->HV
electric,Electric_Transmission_Utility_Network_Essentials,ElectricTransmissionDevice,11,Power Transformer,210,Station Step Up - MV->HV
electric,Electric_Transmission_Utility_Network_Essentials,ElectricTransmissionDevice,11,Power Transformer,206,Station Three Winding - HV->HV-HV
electric,Electric_Transmission_Utility_Network_Essentials,ElectricTransmissionDevice,11,Power Transformer,209,Station Three Winding - HV->HV-LV
electric,Electric_Transmission_Utility_Network_Essentials,ElectricTransmissionDevice,11,Power Transformer,207,Station Three Winding - HV->HV-MV
electric,Electric_Transmission_Utility_Network_Essentials,ElectricTransmissionDevice,11,Power Transformer,213,Station Three Winding - HV->MV-LV
electric,Electric_Transmission_Utility_Network_Essentials,ElectricTransmissionDevice,11,Power Transformer,212,Station Three Winding - HV->MV-MV
electric,Electric_Transmission_Utility_Network_Essentials,ElectricTransmissionDevice,11,Power Transformer,0,Unknown
electric,Electric_Transmission_Utility_Network_Essentials,ElectricTransmissionDevice,0,Unknown,0,Unknown
electric,Electric_Transmission_Utility_Network_Essentials,ElectricTransmissionEdgeObject,0,Unknown,0,Unknown
electric,Electric_Transmission_Utility_Network_Essentials,ElectricTransmissionJunction,1,High Voltage Attachment,1,AC Overhead HV
electric,Electric_Transmission_Utility_Network_Essentials,ElectricTransmissionJunction,1,High Voltage Attachment,7,AC Submersible HV
electric,Electric_Transmission_Utility_Network_Essentials,ElectricTransmissionJunction,1,High Voltage Attachment,2,AC Underground HV
electric,Electric_Transmission_Utility_Network_Essentials,ElectricTransmissionJunction,1,High Voltage Attachment,3,DC Overhead HV
electric,Electric_Transmission_Utility_Network_Essentials,ElectricTransmissionJunction,1,High Voltage Attachment,8,DC Submersible HV
electric,Electric_Transmission_Utility_Network_Essentials,ElectricTransmissionJunction,1,High Voltage Attachment,4,DC Underground HV
electric,Electric_Transmission_Utility_Network_Essentials,ElectricTransmissionJunction,1,High Voltage Attachment,0,Unknown
electric,Electric_Transmission_Utility_Network_Essentials,ElectricTransmissionJunction,2,High Voltage Connection Point,36,AC Bond Connection HV
electric,Electric_Transmission_Utility_Network_Essentials,ElectricTransmissionJunction,2,High Voltage Connection Point,45,AC Busbar Connection HV
electric,Electric_Transmission_Utility_Network_Essentials,ElectricTransmissionJunction,2,High Voltage Connection Point,24,AC Busbar Tap HV
electric,Electric_Transmission_Utility_Network_Essentials,ElectricTransmissionJunction,2,High Voltage Connection Point,21,AC Tap HV
electric,Electric_Transmission_Utility_Network_Essentials,ElectricTransmissionJunction,2,High Voltage Connection Point,37,DC Bond Connection HV
electric,Electric_Transmission_Utility_Network_Essentials,ElectricTransmissionJunction,2,High Voltage Connection Point,46,DC Busbar Connection HV
electric,Electric_Transmission_Utility_Network_Essentials,ElectricTransmissionJunction,2,High Voltage Connection Point,25,DC Busbar Tap HV
electric,Electric_Transmission_Utility_Network_Essentials,ElectricTransmissionJunction,2,High Voltage Connection Point,23,DC Tap HV
electric,Electric_Transmission_Utility_Network_Essentials,ElectricTransmissionJunction,2,High Voltage Connection Point,47,Transmission Station HV
electric,Electric_Transmission_Utility_Network_Essentials,ElectricTransmissionJunction,2,High Voltage Connection Point,0,Unknown
electric,Electric_Transmission_Utility_Network_Essentials,ElectricTransmissionJunction,0,Unknown,0,Unknown
electric,Electric_Transmission_Utility_Network_Essentials,ElectricTransmissionJunctionObject,0,Unknown,0,Unknown
electric,Electric_Transmission_Utility_Network_Essentials,ElectricTransmissionLine,1,High Voltage Busbar,1,AC Station Single Phase HV
electric,Electric_Transmission_Utility_Network_Essentials,ElectricTransmissionLine,1,High Voltage Busbar,2,AC Station Three Phase HV
electric,Electric_Transmission_Utility_Network_Essentials,ElectricTransmissionLine,1,High Voltage Busbar,3,DC Station HV
electric,Electric_Transmission_Utility_Network_Essentials,ElectricTransmissionLine,1,High Voltage Busbar,0,Unknown
electric,Electric_Transmission_Utility_Network_Essentials,ElectricTransmissionLine,3,High Voltage Connector,40,AC Connector HV
electric,Electric_Transmission_Utility_Network_Essentials,ElectricTransmissionLine,3,High Voltage Connector,41,DC Connector HV
electric,Electric_Transmission_Utility_Network_Essentials,ElectricTransmissionLine,3,High Voltage Connector,0,Unknown
electric,Electric_Transmission_Utility_Network_Essentials,ElectricTransmissionLine,2,High Voltage Overhead Conductor,20,AC Overhead HV
electric,Electric_Transmission_Utility_Network_Essentials,ElectricTransmissionLine,2,High Voltage Overhead Conductor,23,DC Overhead HV
electric,Electric_Transmission_Utility_Network_Essentials,ElectricTransmissionLine,2,High Voltage Overhead Conductor,0,Unknown
electric,Electric_Transmission_Utility_Network_Essentials,ElectricTransmissionLine,15,High Voltage Service,260,AC Overhead Service HV
electric,Electric_Transmission_Utility_Network_Essentials,ElectricTransmissionLine,15,High Voltage Service,264,AC Submersible Service HV
electric,Electric_Transmission_Utility_Network_Essentials,ElectricTransmissionLine,15,High Voltage Service,261,AC Underground Service HV
electric,Electric_Transmission_Utility_Network_Essentials,ElectricTransmissionLine,15,High Voltage Service,262,DC Overhead Service HV
electric,Electric_Transmission_Utility_Network_Essentials,ElectricTransmissionLine,15,High Voltage Service,265,DC Submersible Service HV
electric,Electric_Transmission_Utility_Network_Essentials,ElectricTransmissionLine,15,High Voltage Service,263,DC Underground Service HV
electric,Electric_Transmission_Utility_Network_Essentials,ElectricTransmissionLine,15,High Voltage Service,0,Unknown
electric,Electric_Transmission_Utility_Network_Essentials,ElectricTransmissionLine,32,High Voltage Submersible Conductor,21,AC Submersible HV
electric,Electric_Transmission_Utility_Network_Essentials,ElectricTransmissionLine,32,High Voltage Submersible Conductor,24,DC Submersible HV
electric,Electric_Transmission_Utility_Network_Essentials,ElectricTransmissionLine,32,High Voltage Submersible Conductor,0,Unknown
electric,Electric_Transmission_Utility_Network_Essentials,ElectricTransmissionLine,31,High Voltage Underground Conductor,22,AC Underground HV
electric,Electric_Transmission_Utility_Network_Essentials,ElectricTransmissionLine,31,High Voltage Underground Conductor,25,DC Underground HV
electric,Electric_Transmission_Utility_Network_Essentials,ElectricTransmissionLine,31,High Voltage Underground Conductor,0,Unknown
electric,Electric_Transmission_Utility_Network_Essentials,ElectricTransmissionLine,0,Unknown,0,Unknown
electric,Electric_Balanced_Distribution_Utility_Network_Essentials,StructureBoundary,801,Building,801,Building
electric,Electric_Balanced_Distribution_Utility_Network_Essentials,StructureBoundary,801,Building,805,Generation Control Center
electric,Electric_Balanced_Distribution_Utility_Network_Essentials,StructureBoundary,801,Building,804,Generation Power House
electric,Electric_Balanced_Distribution_Utility_Network_Essentials,StructureBoundary,801,Building,803,Roof Covering
electric,Electric_Balanced_Distribution_Utility_Network_Essentials,StructureBoundary,801,Building,802,Room
electric,Electric_Balanced_Distribution_Utility_Network_Essentials,StructureBoundary,801,Building,0,Unknown
electric,Electric_Balanced_Distribution_Utility_Network_Essentials,StructureBoundary,106,Electric Bay Boundary,202,Substation Bay
electric,Electric_Balanced_Distribution_Utility_Network_Essentials,StructureBoundary,106,Electric Bay Boundary,201,Switchgear Bay
electric,Electric_Balanced_Distribution_Utility_Network_Essentials,StructureBoundary,106,Electric Bay Boundary,0,Unknown
electric,Electric_Utility_Network_Expanded,StructureBoundary,107,Electric Centralized Generation,21,Battery
electric,Electric_Utility_Network_Expanded,StructureBoundary,107,Electric Centralized Generation,22,Biomass
electric,Electric_Utility_Network_Expanded,StructureBoundary,107,Electric Centralized Generation,23,Coal
electric,Electric_Utility_Network_Expanded,StructureBoundary,107,Electric Centralized Generation,24,Gas Turbine
electric,Electric_Utility_Network_Expanded,StructureBoundary,107,Electric Centralized Generation,25,Geothermal
electric,Electric_Utility_Network_Expanded,StructureBoundary,107,Electric Centralized Generation,26,Hydro
electric,Electric_Utility_Network_Expanded,StructureBoundary,107,Electric Centralized Generation,27,Nuclear
electric,Electric_Utility_Network_Expanded,StructureBoundary,107,Electric Centralized Generation,28,Photovoltaic Solar
electric,Electric_Utility_Network_Expanded,StructureBoundary,107,Electric Centralized Generation,29,Thermal Solar
electric,Electric_Utility_Network_Expanded,StructureBoundary,107,Electric Centralized Generation,0,Unknown
electric,Electric_Utility_Network_Expanded,StructureBoundary,107,Electric Centralized Generation,30,Wind
electric,Electric_Balanced_Distribution_Utility_Network_Essentials,StructureBoundary,108,Electric Distributed Generation,21,Battery
electric,Electric_Balanced_Distribution_Utility_Network_Essentials,StructureBoundary,108,Electric Distributed Generation,22,Biomass
electric,Electric_Balanced_Distribution_Utility_Network_Essentials,StructureBoundary,108,Electric Distributed Generation,24,Gas Turbine
electric,Electric_Balanced_Distribution_Utility_Network_Essentials,StructureBoundary,108,Electric Distributed Generation,25,Geothermal
electric,Electric_Balanced_Distribution_Utility_Network_Essentials,StructureBoundary,108,Electric Distributed Generation,26,Hydro
electric,Electric_Balanced_Distribution_Utility_Network_Essentials,StructureBoundary,108,Electric Distributed Generation,28,Photovoltaic Solar
electric,Electric_Balanced_Distribution_Utility_Network_Essentials,StructureBoundary,108,Electric Distributed Generation,29,Thermal Solar
electric,Electric_Balanced_Distribution_Utility_Network_Essentials,StructureBoundary,108,Electric Distributed Generation,0,Unknown
electric,Electric_Balanced_Distribution_Utility_Network_Essentials,StructureBoundary,108,Electric Distributed Generation,30,Wind
electric,Electric_Balanced_Distribution_Utility_Network_Essentials,StructureBoundary,103,Electric Storage Facility Boundary,0,Unknown
electric,Electric_Balanced_Distribution_Utility_Network_Essentials,StructureBoundary,103,Electric Storage Facility Boundary,121,Warehouse
electric,Electric_Balanced_Distribution_Utility_Network_Essentials,StructureBoundary,103,Electric Storage Facility Boundary,122,Yard
electric,Electric_Balanced_Distribution_Utility_Network_Essentials,StructureBoundary,102,Electric Substation Boundary,82,Distribution Substation
electric,Electric_Utility_Network_Expanded,StructureBoundary,102,Electric Substation Boundary,85,Distribution Switching Station
electric,Electric_Utility_Network_Expanded,StructureBoundary,102,Electric Substation Boundary,86,Secondary Station
electric,Electric_Balanced_Distribution_Utility_Network_Essentials,StructureBoundary,102,Electric Substation Boundary,87,Subtransmission Substation
electric,Electric_Transmission_Utility_Network_Essentials,StructureBoundary,102,Electric Substation Boundary,88,Transmission Metering Station
electric,Electric_Balanced_Distribution_Utility_Network_Essentials,StructureBoundary,102,Electric Substation Boundary,83,Transmission Substation
electric,Electric_Transmission_Utility_Network_Essentials,StructureBoundary,102,Electric Substation Boundary,84,Transmission Switching Station
electric,Electric_Transmission_Utility_Network_Essentials,StructureBoundary,102,Electric Substation Boundary,89,Transmission Terminal Station
electric,Electric_Balanced_Distribution_Utility_Network_Essentials,StructureBoundary,102,Electric Substation Boundary,0,Unknown
electric,Electric_Utility_Network_Expanded,StructureBoundary,105,Electric Switchgear Boundary,162,High Voltage Switchgear
electric,Electric_Utility_Network_Expanded,StructureBoundary,105,Electric Switchgear Boundary,161,Medium Voltage Switchgear
electric,Electric_Utility_Network_Expanded,StructureBoundary,105,Electric Switchgear Boundary,0,Unknown
electric,Electric_Balanced_Distribution_Utility_Network_Essentials,StructureBoundary,110,Electric Zone,561,Protection Zone
electric,Electric_Balanced_Distribution_Utility_Network_Essentials,StructureBoundary,110,Electric Zone,562,Switching Zone
electric,Electric_Balanced_Distribution_Utility_Network_Essentials,StructureBoundary,110,Electric Zone,0,Unknown
electric,Electric_Balanced_Distribution_Utility_Network_Essentials,StructureBoundary,803,Support,815,Bridge
electric,Electric_Balanced_Distribution_Utility_Network_Essentials,StructureBoundary,803,Support,816,Casing
electric,Electric_Balanced_Distribution_Utility_Network_Essentials,StructureBoundary,803,Support,817,Culvert
electric,Electric_Balanced_Distribution_Utility_Network_Essentials,StructureBoundary,803,Support,818,Duct
electric,Electric_Balanced_Distribution_Utility_Network_Essentials,StructureBoundary,803,Support,819,Foundation
electric,Electric_Utility_Network_Expanded,StructureBoundary,803,Support,820,Pad
electric,Electric_Balanced_Distribution_Utility_Network_Essentials,StructureBoundary,803,Support,821,Path - Marine
electric,Electric_Balanced_Distribution_Utility_Network_Essentials,StructureBoundary,803,Support,822,Path - On Ground
electric,Electric_Balanced_Distribution_Utility_Network_Essentials,StructureBoundary,803,Support,823,Path - Overhead
electric,Electric_Balanced_Distribution_Utility_Network_Essentials,StructureBoundary,803,Support,824,Path - Trench
electric,Electric_Balanced_Distribution_Utility_Network_Essentials,StructureBoundary,803,Support,0,Unknown
electric,Electric_Balanced_Distribution_Utility_Network_Essentials,StructureBoundary,0,Unknown,0,Unknown
electric,Electric_Balanced_Distribution_Utility_Network_Essentials,StructureBoundary,101,Wire Cabinet Boundary,40,Cabinet Boundary
electric,Electric_Balanced_Distribution_Utility_Network_Essentials,StructureBoundary,101,Wire Cabinet Boundary,0,Unknown
electric,Electric_Balanced_Distribution_Utility_Network_Essentials,StructureBoundary,104,Wire Vault Boundary,6,Manhole
electric,Electric_Balanced_Distribution_Utility_Network_Essentials,StructureBoundary,104,Wire Vault Boundary,0,Unknown
electric,Electric_Balanced_Distribution_Utility_Network_Essentials,StructureBoundary,104,Wire Vault Boundary,1,Vault Boundary
electric,Electric_Utility_Network_Expanded,StructureBoundary,104,Wire Vault Boundary,4,Vault Floor
electric,Electric_Utility_Network_Expanded,StructureBoundary,104,Wire Vault Boundary,5,Vault Knockout
electric,Electric_Utility_Network_Expanded,StructureBoundary,104,Wire Vault Boundary,3,Vault Wall
electric,Electric_Utility_Network_Expanded,StructureEdgeObject,111,Conduit,111,Conduit
electric,Electric_Utility_Network_Expanded,StructureEdgeObject,111,Conduit,0,Unknown
electric,Electric_Utility_Network_Expanded,StructureEdgeObject,803,Ground Wire,801,Bare Ground
electric,Electric_Utility_Network_Expanded,StructureEdgeObject,803,Ground Wire,802,Covered Ground
electric,Electric_Utility_Network_Expanded,StructureEdgeObject,803,Ground Wire,0,Unknown
electric,Electric_Balanced_Distribution_Utility_Network_Essentials,StructureEdgeObject,0,Unknown,0,Unknown
electric,Electric_Utility_Network_Expanded,StructureEdgeObject,103,Wire Aerial Support,128,Guy Wire
electric,Electric_Utility_Network_Expanded,StructureEdgeObject,103,Wire Aerial Support,129,Static Wire
electric,Electric_Utility_Network_Expanded,StructureEdgeObject,103,Wire Aerial Support,0,Unknown
electric,Electric_Balanced_Distribution_Utility_Network_Essentials,StructureEdgeObject,101,Wire Duct,41,Duct
electric,Electric_Balanced_Distribution_Utility_Network_Essentials,StructureEdgeObject,101,Wire Duct,44,Innerduct
electric,Electric_Balanced_Distribution_Utility_Network_Essentials,StructureEdgeObject,101,Wire Duct,43,Microduct
electric,Electric_Balanced_Distribution_Utility_Network_Essentials,StructureEdgeObject,101,Wire Duct,42,Microduct Casing
electric,Electric_Balanced_Distribution_Utility_Network_Essentials,StructureEdgeObject,101,Wire Duct,0,Unknown
electric,Electric_Balanced_Distribution_Utility_Network_Essentials,StructureJunction,802,Building,801,Building
electric,Electric_Balanced_Distribution_Utility_Network_Essentials,StructureJunction,802,Building,803,Roof Covering
electric,Electric_Balanced_Distribution_Utility_Network_Essentials,StructureJunction,802,Building,802,Room
electric,Electric_Balanced_Distribution_Utility_Network_Essentials,StructureJunction,802,Building,0,Unknown
electric,Electric_Utility_Network_Expanded,StructureJunction,137,Building Riser,396,Building Riser
electric,Electric_Utility_Network_Expanded,StructureJunction,137,Building Riser,0,Unknown
electric,Electric_Utility_Network_Expanded,StructureJunction,125,Communications Pole,581,Pole
electric,Electric_Utility_Network_Expanded,StructureJunction,125,Communications Pole,582,Pole with Riser
electric,Electric_Utility_Network_Expanded,StructureJunction,125,Communications Pole,0,Unknown
electric,Electric_Utility_Network_Expanded,StructureJunction,111,Communications Tower,223,Combined Tower
electric,Electric_Utility_Network_Expanded,StructureJunction,111,Communications Tower,221,Microwave Tower
electric,Electric_Utility_Network_Expanded,StructureJunction,111,Communications Tower,224,Stealth Cell Tower
electric,Electric_Utility_Network_Expanded,StructureJunction,111,Communications Tower,0,Unknown
electric,Electric_Utility_Network_Expanded,StructureJunction,111,Communications Tower,222,Wireless Tower
electric,Electric_Utility_Network_Expanded,StructureJunction,134,Duct Junctions,162,Aerial Microduct Branch Off Point
electric,Electric_Utility_Network_Expanded,StructureJunction,134,Duct Junctions,164,Duct Bank Tap
electric,Electric_Utility_Network_Expanded,StructureJunction,134,Duct Junctions,163,Underground Microduct Branch Off Point
electric,Electric_Utility_Network_Expanded,StructureJunction,134,Duct Junctions,0,Unknown
electric,Electric_Balanced_Distribution_Utility_Network_Essentials,StructureJunction,112,Electric Bay,441,Cabinet Bay
electric,Electric_Balanced_Distribution_Utility_Network_Essentials,StructureJunction,112,Electric Bay,442,Substation Bay
electric,Electric_Balanced_Distribution_Utility_Network_Essentials,StructureJunction,112,Electric Bay,0,Unknown
electric,Electric_Transmission_Utility_Network_Essentials,StructureJunction,120,Electric High Voltage Pole,331,Dual Circuit Lattice HV
electric,Electric_Transmission_Utility_Network_Essentials,StructureJunction,120,Electric High Voltage Pole,334,Gantry HV
electric,Electric_Transmission_Utility_Network_Essentials,StructureJunction,120,Electric High Voltage Pole,335,H-Frame HV
electric,Electric_Transmission_Utility_Network_Essentials,StructureJunction,120,Electric High Voltage Pole,337,Pole HV
electric,Electric_Utility_Network_Expanded,StructureJunction,120,Electric High Voltage Pole,336,Pole with Riser HV
electric,Electric_Transmission_Utility_Network_Essentials,StructureJunction,120,Electric High Voltage Pole,333,Quadruple Circuit Lattice HV
electric,Electric_Transmission_Utility_Network_Essentials,StructureJunction,120,Electric High Voltage Pole,330,Single Circuit Lattice HV
electric,Electric_Transmission_Utility_Network_Essentials,StructureJunction,120,Electric High Voltage Pole,332,Triple Circuit Lattice HV
electric,Electric_Transmission_Utility_Network_Essentials,StructureJunction,120,Electric High Voltage Pole,0,Unknown
electric,Electric_Utility_Network_Expanded,StructureJunction,122,Electric Low Voltage Pole,319,Lattice LV
electric,Electric_Balanced_Distribution_Utility_Network_Essentials,StructureJunction,122,Electric Low Voltage Pole,315,Ornamental LV
electric,Electric_Balanced_Distribution_Utility_Network_Essentials,StructureJunction,122,Electric Low Voltage Pole,314,Pole LV
electric,Electric_Utility_Network_Expanded,StructureJunction,122,Electric Low Voltage Pole,313,Pole with Riser LV
electric,Electric_Balanced_Distribution_Utility_Network_Essentials,StructureJunction,122,Electric Low Voltage Pole,0,Unknown
electric,Electric_Balanced_Distribution_Utility_Network_Essentials,StructureJunction,121,Electric Medium Voltage Pole,321,H-Frame MV
electric,Electric_Unbalanced_Distribution_Utility_Network_Essentials,StructureJunction,121,Electric Medium Voltage Pole,329,Lattice MV
electric,Electric_Balanced_Distribution_Utility_Network_Essentials,StructureJunction,121,Electric Medium Voltage Pole,324,Pole
electric,Electric_Utility_Network_Expanded,StructureJunction,121,Electric Medium Voltage Pole,324,Pole MV
electric,Electric_Utility_Network_Expanded,StructureJunction,121,Electric Medium Voltage Pole,323,Pole with Riser MV
electric,Electric_Unbalanced_Distribution_Utility_Network_Essentials,StructureJunction,121,Electric Medium Voltage Pole,324,Primary Pole
electric,Electric_Balanced_Distribution_Utility_Network_Essentials,StructureJunction,121,Electric Medium Voltage Pole,0,Unknown
electric,Electric_Balanced_Distribution_Utility_Network_Essentials,StructureJunction,106,Electric Pad,201,Pad
electric,Electric_Balanced_Distribution_Utility_Network_Essentials,StructureJunction,106,Electric Pad,0,Unknown
electric,Electric_Utility_Network_Expanded,StructureJunction,108,Electric Platform,281,Platform
electric,Electric_Utility_Network_Expanded,StructureJunction,108,Electric Platform,0,Unknown
electric,Electric_Balanced_Distribution_Utility_Network_Essentials,StructureJunction,135,Electric Station,82,Distribution Substation
electric,Electric_Utility_Network_Expanded,StructureJunction,135,Electric Station,85,Distribution Switching Station
electric,Electric_Unbalanced_Distribution_Utility_Network_Essentials,StructureJunction,135,Electric Station,86,Secondary Station
electric,Electric_Balanced_Distribution_Utility_Network_Essentials,StructureJunction,135,Electric Station,87,Subtransmission Substation
electric,Electric_Utility_Network_Expanded,StructureJunction,135,Electric Station,88,Transmission Metering Station
electric,Electric_Balanced_Distribution_Utility_Network_Essentials,StructureJunction,135,Electric Station,83,Transmission Substation
electric,Electric_Utility_Network_Expanded,StructureJunction,135,Electric Station,84,Transmission Switching Station
electric,Electric_Utility_Network_Expanded,StructureJunction,135,Electric Station,89,Transmission Terminal Station
electric,Electric_Balanced_Distribution_Utility_Network_Essentials,StructureJunction,135,Electric Station,0,Unknown
electric,Electric_Balanced_Distribution_Utility_Network_Essentials,StructureJunction,120,Electric Subtransmission Pole,337,Pole HV
electric,Electric_Balanced_Distribution_Utility_Network_Essentials,StructureJunction,120,Electric Subtransmission Pole,330,Single Circuit Lattice HV
electric,Electric_Balanced_Distribution_Utility_Network_Essentials,StructureJunction,120,Electric Subtransmission Pole,0,Unknown
electric,Electric_Balanced_Distribution_Utility_Network_Essentials,StructureJunction,804,Foundation,841,Foundation
electric,Electric_Balanced_Distribution_Utility_Network_Essentials,StructureJunction,804,Foundation,0,Unknown
electric,Electric_Utility_Network_Expanded,StructureJunction,801,Ground,811,Joint
electric,Electric_Utility_Network_Expanded,StructureJunction,801,Ground,814,Lightning Pole
electric,Electric_Utility_Network_Expanded,StructureJunction,801,Ground,815,Lightning Rod
electric,Electric_Utility_Network_Expanded,StructureJunction,801,Ground,812,Plate
electric,Electric_Utility_Network_Expanded,StructureJunction,801,Ground,813,Rod
electric,Electric_Utility_Network_Expanded,StructureJunction,801,Ground,0,Unknown
electric,Electric_Balanced_Distribution_Utility_Network_Essentials,StructureJunction,124,Marker,461,Aerial Marker
electric,Electric_Balanced_Distribution_Utility_Network_Essentials,StructureJunction,124,Marker,462,Buried Cable Marker
electric,Electric_Balanced_Distribution_Utility_Network_Essentials,StructureJunction,124,Marker,465,Covered Marker
electric,Electric_Balanced_Distribution_Utility_Network_Essentials,StructureJunction,124,Marker,463,Overhead Water Crossing
electric,Electric_Balanced_Distribution_Utility_Network_Essentials,StructureJunction,124,Marker,464,Submerged Cable Marker
electric,Electric_Balanced_Distribution_Utility_Network_Essentials,StructureJunction,124,Marker,466,Terrain Marker
electric,Electric_Balanced_Distribution_Utility_Network_Essentials,StructureJunction,124,Marker,0,Unknown
electric,Electric_Utility_Network_Expanded,StructureJunction,133,Structure Attachment Point,391,Conduit To Knockout Port
electric,Electric_Utility_Network_Expanded,StructureJunction,133,Structure Attachment Point,0,Unknown
electric,Electric_Utility_Network_Expanded,StructureJunction,803,Support,823,Brace
electric,Electric_Utility_Network_Expanded,StructureJunction,803,Support,825,Bracket
electric,Electric_Utility_Network_Expanded,StructureJunction,803,Support,826,Hanger
electric,Electric_Utility_Network_Expanded,StructureJunction,803,Support,212,Rack
electric,Electric_Utility_Network_Expanded,StructureJunction,803,Support,821,Shelf
electric,Electric_Utility_Network_Expanded,StructureJunction,803,Support,211,Tray
electric,Electric_Utility_Network_Expanded,StructureJunction,803,Support,0,Unknown
electric,Electric_Utility_Network_Expanded,StructureJunction,114,Transition Point,168,Transition Point
electric,Electric_Utility_Network_Expanded,StructureJunction,114,Transition Point,0,Unknown
electric,Electric_Balanced_Distribution_Utility_Network_Essentials,StructureJunction,0,Unknown,0,Unknown
electric,Electric_Utility_Network_Expanded,StructureJunction,101,Wire Cabinet,102,Communication Cabinet
electric,Electric_Balanced_Distribution_Utility_Network_Essentials,StructureJunction,101,Wire Cabinet,101,Electric Cabinet
electric,Electric_Balanced_Distribution_Utility_Network_Essentials,StructureJunction,101,Wire Cabinet,0,Unknown
electric,Electric_Utility_Network_Expanded,StructureJunction,126,Wire Conduit Fittings,141,Elbow
electric,Electric_Utility_Network_Expanded,StructureJunction,126,Wire Conduit Fittings,142,Sweep Tee
electric,Electric_Utility_Network_Expanded,StructureJunction,126,Wire Conduit Fittings,0,Unknown
electric,Electric_Utility_Network_Expanded,StructureJunction,126,Wire Conduit Fittings,143,Y Splitter
electric,Electric_Utility_Network_Expanded,StructureJunction,145,Wire Crossarm,1,Dead End
electric,Electric_Utility_Network_Expanded,StructureJunction,145,Wire Crossarm,2,Tangent
electric,Electric_Utility_Network_Expanded,StructureJunction,145,Wire Crossarm,0,Unknown
electric,Electric_Utility_Network_Expanded,StructureJunction,113,Wire Customer Attachment,242,Service Entrance
electric,Electric_Utility_Network_Expanded,StructureJunction,113,Wire Customer Attachment,0,Unknown
electric,Electric_Balanced_Distribution_Utility_Network_Essentials,StructureJunction,103,Wire Handhole,81,Handhole
electric,Electric_Balanced_Distribution_Utility_Network_Essentials,StructureJunction,103,Wire Handhole,0,Unknown
electric,Electric_Balanced_Distribution_Utility_Network_Essentials,StructureJunction,104,Wire Junction Box,121,Junction Box
electric,Electric_Balanced_Distribution_Utility_Network_Essentials,StructureJunction,104,Wire Junction Box,0,Unknown
electric,Electric_Balanced_Distribution_Utility_Network_Essentials,StructureJunction,107,Wire Pedestal,241,Pedestal
electric,Electric_Balanced_Distribution_Utility_Network_Essentials,StructureJunction,107,Wire Pedestal,0,Unknown
electric,Electric_Balanced_Distribution_Utility_Network_Essentials,StructureJunction,136,Wire Stock Sites,261,Central Stock Site
electric,Electric_Balanced_Distribution_Utility_Network_Essentials,StructureJunction,136,Wire Stock Sites,263,Crew Quarter Stock Site
electric,Electric_Balanced_Distribution_Utility_Network_Essentials,StructureJunction,136,Wire Stock Sites,262,District Stock Site
electric,Electric_Balanced_Distribution_Utility_Network_Essentials,StructureJunction,136,Wire Stock Sites,264,Mobile Stock Site
electric,Electric_Balanced_Distribution_Utility_Network_Essentials,StructureJunction,136,Wire Stock Sites,0,Unknown
electric,Electric_Balanced_Distribution_Utility_Network_Essentials,StructureJunction,102,Wire Structure Guy,41,Anchor Guy
electric,Electric_Balanced_Distribution_Utility_Network_Essentials,StructureJunction,102,Wire Structure Guy,0,Unknown
electric,Electric_Utility_Network_Expanded,StructureJunction,132,Wire Structure Representation,375,Butterfly Diagram
electric,Electric_Utility_Network_Expanded,StructureJunction,132,Wire Structure Representation,376,Cross Section
electric,Electric_Utility_Network_Expanded,StructureJunction,132,Wire Structure Representation,0,Unknown
electric,Electric_Balanced_Distribution_Utility_Network_Essentials,StructureJunction,123,Wire Support Pole,327,Push Brace
electric,Electric_Balanced_Distribution_Utility_Network_Essentials,StructureJunction,123,Wire Support Pole,326,Stub
electric,Electric_Balanced_Distribution_Utility_Network_Essentials,StructureJunction,123,Wire Support Pole,328,Support Column
electric,Electric_Balanced_Distribution_Utility_Network_Essentials,StructureJunction,123,Wire Support Pole,0,Unknown
electric,Electric_Balanced_Distribution_Utility_Network_Essentials,StructureJunction,110,Wire Vault,362,Manhole
electric,Electric_Balanced_Distribution_Utility_Network_Essentials,StructureJunction,110,Wire Vault,0,Unknown
electric,Electric_Balanced_Distribution_Utility_Network_Essentials,StructureJunction,110,Wire Vault,361,Vault
electric,Electric_Utility_Network_Expanded,StructureJunction,105,Wire Vault Access Point,161,Manhole Cover
electric,Electric_Utility_Network_Expanded,StructureJunction,105,Wire Vault Access Point,0,Unknown
electric,Electric_Utility_Network_Expanded,StructureJunction,130,Wire Vault Knockouts,373,Cross Section Position
electric,Electric_Utility_Network_Expanded,StructureJunction,130,Wire Vault Knockouts,371,Knockout
electric,Electric_Utility_Network_Expanded,StructureJunction,130,Wire Vault Knockouts,372,Knockout Port
electric,Electric_Utility_Network_Expanded,StructureJunction,130,Wire Vault Knockouts,0,Unknown
electric,Electric_Utility_Network_Expanded,StructureJunctionObject,121,Aerial Support Hardware,118,Aerial Lighting
electric,Electric_Utility_Network_Expanded,StructureJunctionObject,121,Aerial Support Hardware,110,Brace
electric,Electric_Utility_Network_Expanded,StructureJunctionObject,121,Aerial Support Hardware,109,Cable Guards
electric,Electric_Utility_Network_Expanded,StructureJunctionObject,121,Aerial Support Hardware,111,Down Guy
electric,Electric_Utility_Network_Expanded,StructureJunctionObject,121,Aerial Support Hardware,112,Guy Strain
electric,Electric_Utility_Network_Expanded,StructureJunctionObject,121,Aerial Support Hardware,113,Messenger Hanger
electric,Electric_Utility_Network_Expanded,StructureJunctionObject,121,Aerial Support Hardware,114,Platform
electric,Electric_Utility_Network_Expanded,StructureJunctionObject,121,Aerial Support Hardware,116,Pole Top Cap
electric,Electric_Utility_Network_Expanded,StructureJunctionObject,121,Aerial Support Hardware,115,Push Pole Brace
electric,Electric_Utility_Network_Expanded,StructureJunctionObject,121,Aerial Support Hardware,103,Tower Base
electric,Electric_Utility_Network_Expanded,StructureJunctionObject,121,Aerial Support Hardware,104,Tower Beam
electric,Electric_Utility_Network_Expanded,StructureJunctionObject,121,Aerial Support Hardware,105,Tower Diagonal
electric,Electric_Utility_Network_Expanded,StructureJunctionObject,121,Aerial Support Hardware,106,Tower Ground Wire Peak
electric,Electric_Utility_Network_Expanded,StructureJunctionObject,121,Aerial Support Hardware,0,Unknown
electric,Electric_Utility_Network_Expanded,StructureJunctionObject,121,Aerial Support Hardware,117,Wildlife Protector
electric,Electric_Utility_Network_Expanded,StructureJunctionObject,137,Building Riser,396,Building Riser
electric,Electric_Utility_Network_Expanded,StructureJunctionObject,137,Building Riser,0,Unknown
electric,Electric_Utility_Network_Expanded,StructureJunctionObject,801,Ground,811,Joint
electric,Electric_Utility_Network_Expanded,StructureJunctionObject,801,Ground,814,Lightning Pole
electric,Electric_Utility_Network_Expanded,StructureJunctionObject,801,Ground,815,Lightning Rod
electric,Electric_Utility_Network_Expanded,StructureJunctionObject,801,Ground,812,Plate
electric,Electric_Utility_Network_Expanded,StructureJunctionObject,801,Ground,813,Rod
electric,Electric_Utility_Network_Expanded,StructureJunctionObject,801,Ground,0,Unknown
electric,Electric_Balanced_Distribution_Utility_Network_Essentials,StructureJunctionObject,120,Pole,102,Ornamental Pole
electric,Electric_Balanced_Distribution_Utility_Network_Essentials,StructureJunctionObject,120,Pole,101,Pole
electric,Electric_Balanced_Distribution_Utility_Network_Essentials,StructureJunctionObject,120,Pole,107,Tower Leg
electric,Electric_Balanced_Distribution_Utility_Network_Essentials,StructureJunctionObject,120,Pole,0,Unknown
electric,Electric_Balanced_Distribution_Utility_Network_Essentials,StructureJunctionObject,0,Unknown,0,Unknown
electric,Electric_Utility_Network_Expanded,StructureJunctionObject,126,Wire Conduit Fittings,141,Elbow
electric,Electric_Utility_Network_Expanded,StructureJunctionObject,126,Wire Conduit Fittings,142,Sweep Tee
electric,Electric_Utility_Network_Expanded,StructureJunctionObject,126,Wire Conduit Fittings,0,Unknown
electric,Electric_Utility_Network_Expanded,StructureJunctionObject,126,Wire Conduit Fittings,143,Y Splitter
electric,Electric_Utility_Network_Expanded,StructureJunctionObject,114,Wire Crossarm,1,Dead End
electric,Electric_Utility_Network_Expanded,StructureJunctionObject,114,Wire Crossarm,2,Tangent
electric,Electric_Utility_Network_Expanded,StructureJunctionObject,114,Wire Crossarm,0,Unknown
electric,Electric_Utility_Network_Expanded,StructureJunctionObject,135,Wire Microduct Connection Point,0,Unknown
electric,Electric_Utility_Network_Expanded,StructureJunctionObject,135,Wire Microduct Connection Point,378,Wire Microduct Connection Point
electric,Electric_Utility_Network_Expanded,StructureJunctionObject,134,Wire Microduct Fitting,602,Microduct Cap
electric,Electric_Utility_Network_Expanded,StructureJunctionObject,134,Wire Microduct Fitting,601,Microduct Connector
electric,Electric_Utility_Network_Expanded,StructureJunctionObject,134,Wire Microduct Fitting,0,Unknown
electric,Electric_Utility_Network_Expanded,StructureJunctionObject,132,Wire Microduct Fitting Group,602,Microduct Cap
electric,Electric_Utility_Network_Expanded,StructureJunctionObject,132,Wire Microduct Fitting Group,601,Microduct Connector
electric,Electric_Utility_Network_Expanded,StructureJunctionObject,132,Wire Microduct Fitting Group,0,Unknown
electric,Electric_Utility_Network_Expanded,StructureJunctionObject,130,Wire Vault Knockouts,373,Cross Section Position
electric,Electric_Utility_Network_Expanded,StructureJunctionObject,130,Wire Vault Knockouts,371,Knockout
electric,Electric_Utility_Network_Expanded,StructureJunctionObject,130,Wire Vault Knockouts,372,Knockout Port
electric,Electric_Utility_Network_Expanded,StructureJunctionObject,130,Wire Vault Knockouts,0,Unknown
electric,Electric_Utility_Network_Expanded,StructureLine,112,Access Tunnel,221,Tunnel
electric,Electric_Utility_Network_Expanded,StructureLine,112,Access Tunnel,0,Unknown
electric,Electric_Utility_Network_Expanded,StructureLine,109,Communications Conduit,111,Conduit
electric,Electric_Utility_Network_Expanded,StructureLine,109,Communications Conduit,0,Unknown
electric,Electric_Utility_Network_Expanded,StructureLine,111,Connector Line,182,Handhole Duct
electric,Electric_Utility_Network_Expanded,StructureLine,111,Connector Line,0,Unknown
electric,Electric_Utility_Network_Expanded,StructureLine,111,Connector Line,181,Vault Duct
electric,Electric_Utility_Network_Expanded,StructureLine,113,Electric High Voltage Cable Pathway,231,Overhead Pathway HV
electric,Electric_Utility_Network_Expanded,StructureLine,113,Electric High Voltage Cable Pathway,233,Submersible Pathway HV
electric,Electric_Utility_Network_Expanded,StructureLine,113,Electric High Voltage Cable Pathway,232,Underground Pathway HV
electric,Electric_Utility_Network_Expanded,StructureLine,113,Electric High Voltage Cable Pathway,0,Unknown
electric,Electric_Balanced_Distribution_Utility_Network_Essentials,StructureLine,105,Electric High Voltage Conduit,114,Conduit HV
electric,Electric_Balanced_Distribution_Utility_Network_Essentials,StructureLine,105,Electric High Voltage Conduit,0,Unknown
electric,Electric_Utility_Network_Expanded,StructureLine,115,Electric Low Voltage Cable Pathway,251,Overhead Pathway LV
electric,Electric_Utility_Network_Expanded,StructureLine,115,Electric Low Voltage Cable Pathway,253,Submersible Pathway LV
electric,Electric_Utility_Network_Expanded,StructureLine,115,Electric Low Voltage Cable Pathway,252,Underground Pathway LV
electric,Electric_Utility_Network_Expanded,StructureLine,115,Electric Low Voltage Cable Pathway,0,Unknown
electric,Electric_Balanced_Distribution_Utility_Network_Essentials,StructureLine,106,Electric Low Voltage Conduit,118,Conduit LV
electric,Electric_Balanced_Distribution_Utility_Network_Essentials,StructureLine,106,Electric Low Voltage Conduit,0,Unknown
electric,Electric_Utility_Network_Expanded,StructureLine,114,Electric Medium Voltage Cable Pathway,241,Overhead Pathway MV
electric,Electric_Utility_Network_Expanded,StructureLine,114,Electric Medium Voltage Cable Pathway,243,Submersible Pathway MV
electric,Electric_Utility_Network_Expanded,StructureLine,114,Electric Medium Voltage Cable Pathway,242,Underground Pathway MV
electric,Electric_Utility_Network_Expanded,StructureLine,114,Electric Medium Voltage Cable Pathway,0,Unknown
electric,Electric_Balanced_Distribution_Utility_Network_Essentials,StructureLine,107,Electric Medium Voltage Conduit,112,Conduit LV
electric,Electric_Utility_Network_Expanded,StructureLine,107,Electric Medium Voltage Conduit,112,Conduit MV
electric,Electric_Balanced_Distribution_Utility_Network_Essentials,StructureLine,107,Electric Medium Voltage Conduit,0,Unknown
electric,Electric_Utility_Network_Expanded,StructureLine,801,Ground,801,Bare Ground
electric,Electric_Utility_Network_Expanded,StructureLine,801,Ground,802,Covered Ground
electric,Electric_Utility_Network_Expanded,StructureLine,801,Ground,0,Unknown
electric,Electric_Balanced_Distribution_Utility_Network_Essentials,StructureLine,124,Linear Marker,462,Buried Cable Marker
electric,Electric_Balanced_Distribution_Utility_Network_Essentials,StructureLine,124,Linear Marker,465,Covered Marker
electric,Electric_Balanced_Distribution_Utility_Network_Essentials,StructureLine,124,Linear Marker,466,Terrain Marker
electric,Electric_Balanced_Distribution_Utility_Network_Essentials,StructureLine,124,Linear Marker,0,Unknown
electric,Electric_Unbalanced_Distribution_Utility_Network_Essentials,StructureLine,107,Primary Conduit,112,Conduit MV
electric,Electric_Unbalanced_Distribution_Utility_Network_Essentials,StructureLine,107,Primary Conduit,0,Unknown
electric,Electric_Unbalanced_Distribution_Utility_Network_Essentials,StructureLine,106,Secondary Conduit,118,Conduit LV
electric,Electric_Unbalanced_Distribution_Utility_Network_Essentials,StructureLine,106,Secondary Conduit,0,Unknown
electric,Electric_Balanced_Distribution_Utility_Network_Essentials,StructureLine,802,Static Wire,860,Double
electric,Electric_Balanced_Distribution_Utility_Network_Essentials,StructureLine,802,Static Wire,861,Single
electric,Electric_Balanced_Distribution_Utility_Network_Essentials,StructureLine,802,Static Wire,0,Unknown
electric,Electric_Balanced_Distribution_Utility_Network_Essentials,StructureLine,0,Unknown,0,Unknown
electric,Electric_Unbalanced_Distribution_Utility_Network_Essentials,StructureLine,103,Wire Aerial Support,125,Aerial Span
electric,Electric_Utility_Network_Expanded,StructureLine,103,Wire Aerial Support,121,Bridge Suspension
electric,Electric_Utility_Network_Expanded,StructureLine,103,Wire Aerial Support,126,Communications Support Guy
electric,Electric_Balanced_Distribution_Utility_Network_Essentials,StructureLine,103,Wire Aerial Support,128,Guy Wire
electric,Electric_Utility_Network_Expanded,StructureLine,103,Wire Aerial Support,127,Lashing Guy
electric,Electric_Utility_Network_Expanded,StructureLine,103,Wire Aerial Support,122,Other Suspension
electric,Electric_Balanced_Distribution_Utility_Network_Essentials,StructureLine,103,Wire Aerial Support,123,Spanguy
electric,Electric_Balanced_Distribution_Utility_Network_Essentials,StructureLine,103,Wire Aerial Support,0,Unknown
electric,Electric_Balanced_Distribution_Utility_Network_Essentials,StructureLine,101,Wire Casing,11,Casing
electric,Electric_Balanced_Distribution_Utility_Network_Essentials,StructureLine,101,Wire Casing,0,Unknown
electric,Electric_Balanced_Distribution_Utility_Network_Essentials,StructureLine,102,Wire Duct Bank,81,Duct Bank
electric,Electric_Balanced_Distribution_Utility_Network_Essentials,StructureLine,102,Wire Duct Bank,0,Unknown
electric,Electric_Utility_Network_Expanded,StructureLine,118,Wire Microduct Pathway,86,Multiple Microduct Casing
electric,Electric_Utility_Network_Expanded,StructureLine,118,Wire Microduct Pathway,85,Single Microduct Casing
electric,Electric_Utility_Network_Expanded,StructureLine,118,Wire Microduct Pathway,0,Unknown
electric,Electric_Balanced_Distribution_Utility_Network_Essentials,StructureLine,104,Wire Trench,101,Trench
electric,Electric_Balanced_Distribution_Utility_Network_Essentials,StructureLine,104,Wire Trench,0,Unknown
electric,Electric_Transmission_Utility_Network_Essentials,TransmissionConductorDetails,101,Aerial Bare,901,High Voltage AC
electric,Electric_Transmission_Utility_Network_Essentials,TransmissionConductorDetails,101,Aerial Bare,902,High Voltage DC
electric,Electric_Transmission_Utility_Network_Essentials,TransmissionConductorDetails,101,Aerial Bare,903,Meduim Voltage
electric,Electric_Transmission_Utility_Network_Essentials,TransmissionConductorDetails,101,Aerial Bare,906,Static Wire
electric,Electric_Transmission_Utility_Network_Essentials,TransmissionConductorDetails,101,Aerial Bare,0,Unknown
electric,Electric_Transmission_Utility_Network_Essentials,TransmissionConductorDetails,102,Aerial Covered,901,High Voltage AC
electric,Electric_Transmission_Utility_Network_Essentials,TransmissionConductorDetails,102,Aerial Covered,902,High Voltage DC
electric,Electric_Transmission_Utility_Network_Essentials,TransmissionConductorDetails,102,Aerial Covered,903,Meduim Voltage
electric,Electric_Transmission_Utility_Network_Essentials,TransmissionConductorDetails,102,Aerial Covered,0,Unknown
electric,Electric_Transmission_Utility_Network_Essentials,TransmissionConductorDetails,104,Busbar,901,High Voltage AC
electric,Electric_Transmission_Utility_Network_Essentials,TransmissionConductorDetails,104,Busbar,902,High Voltage DC
electric,Electric_Transmission_Utility_Network_Essentials,TransmissionConductorDetails,104,Busbar,904,Low Voltage AC
electric,Electric_Transmission_Utility_Network_Essentials,TransmissionConductorDetails,104,Busbar,905,Low Voltage DC
electric,Electric_Transmission_Utility_Network_Essentials,TransmissionConductorDetails,104,Busbar,903,Meduim Voltage
electric,Electric_Transmission_Utility_Network_Essentials,TransmissionConductorDetails,104,Busbar,0,Unknown
electric,Electric_Transmission_Utility_Network_Essentials,TransmissionConductorDetails,108,Submarine,901,High Voltage AC
electric,Electric_Transmission_Utility_Network_Essentials,TransmissionConductorDetails,108,Submarine,902,High Voltage DC
electric,Electric_Transmission_Utility_Network_Essentials,TransmissionConductorDetails,108,Submarine,904,Low Voltage AC
electric,Electric_Transmission_Utility_Network_Essentials,TransmissionConductorDetails,108,Submarine,905,Low Voltage DC
electric,Electric_Transmission_Utility_Network_Essentials,TransmissionConductorDetails,108,Submarine,903,Meduim Voltage
electric,Electric_Transmission_Utility_Network_Essentials,TransmissionConductorDetails,108,Submarine,0,Unknown
electric,Electric_Transmission_Utility_Network_Essentials,TransmissionConductorDetails,105,Underground,901,High Voltage AC
electric,Electric_Transmission_Utility_Network_Essentials,TransmissionConductorDetails,105,Underground,902,High Voltage DC
electric,Electric_Transmission_Utility_Network_Essentials,TransmissionConductorDetails,105,Underground,904,Low Voltage AC
electric,Electric_Transmission_Utility_Network_Essentials,TransmissionConductorDetails,105,Underground,905,Low Voltage DC
electric,Electric_Transmission_Utility_Network_Essentials,TransmissionConductorDetails,105,Underground,903,Meduim Voltage
electric,Electric_Transmission_Utility_Network_Essentials,TransmissionConductorDetails,105,Underground,0,Unknown
electric,Electric_Transmission_Utility_Network_Essentials,TransmissionConductorDetails,0,Unknown,,
gas,GasPipelineReferencingUtilityNetworkFoundation,PipelineAssembly,11,Cathodic Assembly,361,Groundbed Assembly
gas,GasPipelineReferencingUtilityNetworkFoundation,PipelineAssembly,11,Cathodic Assembly,362,Junction Box
gas,GasPipelineReferencingUtilityNetworkFoundation,PipelineAssembly,11,Cathodic Assembly,0,Unknown
gas,GasPipelineReferencingUtilityNetworkFoundation,PipelineAssembly,1,Compressor Station,1,Compressor Station
gas,GasPipelineReferencingUtilityNetworkFoundation,PipelineAssembly,1,Compressor Station,0,Unknown
gas,GasPipelineReferencingUtilityNetworkFoundation,PipelineAssembly,8,Fitting Assembly,281,Service Tap
gas,GasPipelineReferencingUtilityNetworkFoundation,PipelineAssembly,8,Fitting Assembly,0,Unknown
gas,GasPipelineReferencingUtilityNetworkFoundation,PipelineAssembly,2,Meter Setting,41,Meter Set
gas,GasPipelineReferencingUtilityNetworkFoundation,PipelineAssembly,2,Meter Setting,0,Unknown
gas,GasPipelineReferencingUtilityNetworkFoundation,PipelineAssembly,7,Pigging Structure,241,Launcher
gas,GasPipelineReferencingUtilityNetworkFoundation,PipelineAssembly,7,Pigging Structure,242,Receiver
gas,GasPipelineReferencingUtilityNetworkFoundation,PipelineAssembly,7,Pigging Structure,0,Unknown
gas,GasPipelineReferencingUtilityNetworkFoundation,PipelineAssembly,9,Pump Station,321,Pump Station
gas,GasPipelineReferencingUtilityNetworkFoundation,PipelineAssembly,9,Pump Station,0,Unknown
gas,GasPipelineReferencingUtilityNetworkFoundation,PipelineAssembly,3,Regulator Station,81,Regulator Station
gas,GasPipelineReferencingUtilityNetworkFoundation,PipelineAssembly,3,Regulator Station,0,Unknown
gas,GasPipelineReferencingUtilityNetworkFoundation,PipelineAssembly,4,Rural Tap,121,Rural Tap
gas,GasPipelineReferencingUtilityNetworkFoundation,PipelineAssembly,4,Rural Tap,0,Unknown
gas,GasPipelineReferencingUtilityNetworkFoundation,PipelineAssembly,12,Storage Facility,32,Tank Farm
gas,GasPipelineReferencingUtilityNetworkFoundation,PipelineAssembly,12,Storage Facility,31,Underground
gas,GasPipelineReferencingUtilityNetworkFoundation,PipelineAssembly,12,Storage Facility,0,Unknown
gas,GasPipelineReferencingUtilityNetworkFoundation,PipelineAssembly,5,Town Border Station,161,Town Border Station
gas,GasPipelineReferencingUtilityNetworkFoundation,PipelineAssembly,5,Town Border Station,0,Unknown
gas,GasPipelineReferencingUtilityNetworkFoundation,PipelineAssembly,0,Unknown,0,Unknown
gas,GasPipelineReferencingUtilityNetworkFoundation,PipelineAssembly,10,Valve Assembly,0,Unknown
gas,GasPipelineReferencingUtilityNetworkFoundation,PipelineAssembly,10,Valve Assembly,61,Valve Assembly
gas,GasPipelineReferencingUtilityNetworkFoundation,PipelineAssembly,6,Wellhead,201,Mudline
gas,GasPipelineReferencingUtilityNetworkFoundation,PipelineAssembly,6,Wellhead,202,Subsea
gas,GasPipelineReferencingUtilityNetworkFoundation,PipelineAssembly,6,Wellhead,203,Surface
gas,GasPipelineReferencingUtilityNetworkFoundation,PipelineAssembly,6,Wellhead,0,Unknown
gas,GasPipelineReferencingUtilityNetworkFoundation,PipelineDevice,50,Anode,902,Galvanic
gas,GasPipelineReferencingUtilityNetworkFoundation,PipelineDevice,50,Anode,901,ICCP
gas,GasPipelineReferencingUtilityNetworkFoundation,PipelineDevice,50,Anode,0,Unknown
gas,GasPipelineReferencingUtilityNetworkFoundation,PipelineDevice,10,Compressor,161,Electric Motor
gas,GasPipelineReferencingUtilityNetworkFoundation,PipelineDevice,10,Compressor,162,Reciprocating Engine
gas,GasPipelineReferencingUtilityNetworkFoundation,PipelineDevice,10,Compressor,163,Turbine
gas,GasPipelineReferencingUtilityNetworkFoundation,PipelineDevice,10,Compressor,0,Unknown
gas,GasPipelineReferencingUtilityNetworkFoundation,PipelineDevice,12,Controllable Tee,241,Controllable Tee
gas,GasPipelineReferencingUtilityNetworkFoundation,PipelineDevice,12,Controllable Tee,0,Unknown
gas,GasPipelineReferencingUtilityNetworkFoundation,PipelineDevice,3,Controllable Valve,482,Bypass
gas,GasPipelineReferencingUtilityNetworkFoundation,PipelineDevice,3,Controllable Valve,483,Emergency
gas,GasPipelineReferencingUtilityNetworkFoundation,PipelineDevice,3,Controllable Valve,486,Meter
gas,GasPipelineReferencingUtilityNetworkFoundation,PipelineDevice,3,Controllable Valve,485,System
gas,GasPipelineReferencingUtilityNetworkFoundation,PipelineDevice,3,Controllable Valve,0,Unknown
gas,GasPipelineReferencingUtilityNetworkFoundation,PipelineDevice,53,Decoupler,921,AC Decoupler
gas,GasPipelineReferencingUtilityNetworkFoundation,PipelineDevice,53,Decoupler,922,DC Decoupler
gas,GasPipelineReferencingUtilityNetworkFoundation,PipelineDevice,53,Decoupler,0,Unknown
gas,GasPipelineReferencingUtilityNetworkFoundation,PipelineDevice,1,Excess Flow Valve,1,Automatic Reset
gas,GasPipelineReferencingUtilityNetworkFoundation,PipelineDevice,1,Excess Flow Valve,3,Breakaway Fitting
gas,GasPipelineReferencingUtilityNetworkFoundation,PipelineDevice,1,Excess Flow Valve,2,Manual Reset
gas,GasPipelineReferencingUtilityNetworkFoundation,PipelineDevice,1,Excess Flow Valve,0,Unknown
gas,GasPipelineReferencingUtilityNetworkFoundation,PipelineDevice,4,Flow Valve,261,Check
gas,GasPipelineReferencingUtilityNetworkFoundation,PipelineDevice,4,Flow Valve,262,Slam-shut
gas,GasPipelineReferencingUtilityNetworkFoundation,PipelineDevice,4,Flow Valve,0,Unknown
gas,GasPipelineReferencingUtilityNetworkFoundation,PipelineDevice,54,Grounding Point,961,Grounding Point
gas,GasPipelineReferencingUtilityNetworkFoundation,PipelineDevice,54,Grounding Point,0,Unknown
gas,GasPipelineReferencingUtilityNetworkFoundation,PipelineDevice,9,Lamp,121,Lamp
gas,GasPipelineReferencingUtilityNetworkFoundation,PipelineDevice,9,Lamp,0,Unknown
gas,GasPipelineReferencingUtilityNetworkFoundation,PipelineDevice,13,Line Stopper,461,Line Stopper
gas,GasPipelineReferencingUtilityNetworkFoundation,PipelineDevice,13,Line Stopper,0,Unknown
gas,GasPipelineReferencingUtilityNetworkFoundation,PipelineDevice,2,Meter,41,Custody Transfer
gas,GasPipelineReferencingUtilityNetworkFoundation,PipelineDevice,2,Meter,42,Customer
gas,GasPipelineReferencingUtilityNetworkFoundation,PipelineDevice,2,Meter,0,Unknown
gas,GasPipelineReferencingUtilityNetworkFoundation,PipelineDevice,2,Meter,43,Utility
gas,GasPipelineReferencingUtilityNetworkFoundation,PipelineDevice,8,Pressure Monitoring Device,81,Pressure Monitoring Device
gas,GasPipelineReferencingUtilityNetworkFoundation,PipelineDevice,8,Pressure Monitoring Device,0,Unknown
gas,GasPipelineReferencingUtilityNetworkFoundation,PipelineDevice,18,Pump,401,Booster
gas,GasPipelineReferencingUtilityNetworkFoundation,PipelineDevice,18,Pump,402,Primary
gas,GasPipelineReferencingUtilityNetworkFoundation,PipelineDevice,18,Pump,0,Unknown
gas,GasPipelineReferencingUtilityNetworkFoundation,PipelineDevice,51,Rectifier,941,Rectifier
gas,GasPipelineReferencingUtilityNetworkFoundation,PipelineDevice,51,Rectifier,0,Unknown
gas,GasPipelineReferencingUtilityNetworkFoundation,PipelineDevice,19,Regulator,522,Customer Regulator
gas,GasPipelineReferencingUtilityNetworkFoundation,PipelineDevice,19,Regulator,521,Regulator
gas,GasPipelineReferencingUtilityNetworkFoundation,PipelineDevice,19,Regulator,0,Unknown
gas,GasPipelineReferencingUtilityNetworkFoundation,PipelineDevice,5,Relief Valve,21,Blow Off
gas,GasPipelineReferencingUtilityNetworkFoundation,PipelineDevice,5,Relief Valve,22,Flare
gas,GasPipelineReferencingUtilityNetworkFoundation,PipelineDevice,5,Relief Valve,25,Over Pressure and Vacuum Pressure Protection
gas,GasPipelineReferencingUtilityNetworkFoundation,PipelineDevice,5,Relief Valve,23,Over Pressure Protection
gas,GasPipelineReferencingUtilityNetworkFoundation,PipelineDevice,5,Relief Valve,0,Unknown
gas,GasPipelineReferencingUtilityNetworkFoundation,PipelineDevice,5,Relief Valve,24,Vacuum Pressure Protection
gas,GasPipelineReferencingUtilityNetworkFoundation,PipelineDevice,20,Scrubber,561,Scrubber
gas,GasPipelineReferencingUtilityNetworkFoundation,PipelineDevice,20,Scrubber,0,Unknown
gas,GasPipelineReferencingUtilityNetworkFoundation,PipelineDevice,21,Service Station,31,Metered
gas,GasPipelineReferencingUtilityNetworkFoundation,PipelineDevice,21,Service Station,32,Metered and Regulated
gas,GasPipelineReferencingUtilityNetworkFoundation,PipelineDevice,21,Service Station,0,Unknown
gas,GasPipelineReferencingUtilityNetworkFoundation,PipelineDevice,6,Strainer,442,Strainer
gas,GasPipelineReferencingUtilityNetworkFoundation,PipelineDevice,6,Strainer,0,Unknown
gas,GasPipelineReferencingUtilityNetworkFoundation,PipelineDevice,52,Test Point,981,Above Ground
gas,GasPipelineReferencingUtilityNetworkFoundation,PipelineDevice,52,Test Point,982,Buried
gas,GasPipelineReferencingUtilityNetworkFoundation,PipelineDevice,52,Test Point,983,On Post
gas,GasPipelineReferencingUtilityNetworkFoundation,PipelineDevice,52,Test Point,984,Pipeline Marker
gas,GasPipelineReferencingUtilityNetworkFoundation,PipelineDevice,52,Test Point,985,Service Line
gas,GasPipelineReferencingUtilityNetworkFoundation,PipelineDevice,52,Test Point,0,Unknown
gas,GasPipelineReferencingUtilityNetworkFoundation,PipelineDevice,0,Unknown,0,Unknown
gas,GasPipelineReferencingUtilityNetworkFoundation,PipelineDevice,11,Wellhead Source Flange,201,Flange
gas,GasPipelineReferencingUtilityNetworkFoundation,PipelineDevice,11,Wellhead Source Flange,0,Unknown
gas,GasPipelineReferencingUtilityNetworkFoundation,PipelineEdgeObject,0,Unknown,0,Unknown
gas,GasPipelineReferencingUtilityNetworkFoundation,PipelineJunction,21,Connection Point,801,Connection Point
gas,GasPipelineReferencingUtilityNetworkFoundation,PipelineJunction,21,Connection Point,0,Unknown
gas,GasPipelineReferencingUtilityNetworkFoundation,PipelineJunction,16,Cooling System,601,Cooling System
gas,GasPipelineReferencingUtilityNetworkFoundation,PipelineJunction,16,Cooling System,0,Unknown
gas,GasPipelineReferencingUtilityNetworkFoundation,PipelineJunction,1,Coupling,1,Metal Coupling
gas,GasPipelineReferencingUtilityNetworkFoundation,PipelineJunction,1,Coupling,2,Plastic Coupling
gas,GasPipelineReferencingUtilityNetworkFoundation,PipelineJunction,1,Coupling,0,Unknown
gas,GasPipelineReferencingUtilityNetworkFoundation,PipelineJunction,18,Coupon,681,Coupon
gas,GasPipelineReferencingUtilityNetworkFoundation,PipelineJunction,18,Coupon,0,Unknown
gas,GasPipelineReferencingUtilityNetworkFoundation,PipelineJunction,19,Dehydration Equipment,721,Glycol Dehydration
gas,GasPipelineReferencingUtilityNetworkFoundation,PipelineJunction,19,Dehydration Equipment,722,Methanol Dehydration
gas,GasPipelineReferencingUtilityNetworkFoundation,PipelineJunction,19,Dehydration Equipment,723,Solid Absorption
gas,GasPipelineReferencingUtilityNetworkFoundation,PipelineJunction,19,Dehydration Equipment,0,Unknown
gas,GasPipelineReferencingUtilityNetworkFoundation,PipelineJunction,20,Drip,761,Drip
gas,GasPipelineReferencingUtilityNetworkFoundation,PipelineJunction,20,Drip,0,Unknown
gas,GasPipelineReferencingUtilityNetworkFoundation,PipelineJunction,2,Elbow,41,Metal Elbow
gas,GasPipelineReferencingUtilityNetworkFoundation,PipelineJunction,2,Elbow,42,Plastic Elbow
gas,GasPipelineReferencingUtilityNetworkFoundation,PipelineJunction,2,Elbow,0,Unknown
gas,GasPipelineReferencingUtilityNetworkFoundation,PipelineJunction,11,Electro Stop,401,Electro Stop
gas,GasPipelineReferencingUtilityNetworkFoundation,PipelineJunction,11,Electro Stop,0,Unknown
gas,GasPipelineReferencingUtilityNetworkFoundation,PipelineJunction,3,End Cap,81,Metal End Cap
gas,GasPipelineReferencingUtilityNetworkFoundation,PipelineJunction,3,End Cap,82,Plastic End Cap
gas,GasPipelineReferencingUtilityNetworkFoundation,PipelineJunction,3,End Cap,0,Unknown
gas,GasPipelineReferencingUtilityNetworkFoundation,PipelineJunction,4,Expansion Joint,121,Expansion Joint
gas,GasPipelineReferencingUtilityNetworkFoundation,PipelineJunction,4,Expansion Joint,0,Unknown
gas,GasPipelineReferencingUtilityNetworkFoundation,PipelineJunction,5,Flange,161,Metal Flange
gas,GasPipelineReferencingUtilityNetworkFoundation,PipelineJunction,5,Flange,0,Unknown
gas,GasPipelineReferencingUtilityNetworkFoundation,PipelineJunction,51,Insulation Junction,941,Flange Insert
gas,GasPipelineReferencingUtilityNetworkFoundation,PipelineJunction,51,Insulation Junction,0,Unknown
gas,GasPipelineReferencingUtilityNetworkFoundation,PipelineJunction,15,Line Heater,561,Line Heater
gas,GasPipelineReferencingUtilityNetworkFoundation,PipelineJunction,15,Line Heater,0,Unknown
gas,GasPipelineReferencingUtilityNetworkFoundation,PipelineJunction,17,Odorizer,641,Absorption Bypass
gas,GasPipelineReferencingUtilityNetworkFoundation,PipelineJunction,17,Odorizer,642,Injection Pump
gas,GasPipelineReferencingUtilityNetworkFoundation,PipelineJunction,17,Odorizer,643,Pulse
gas,GasPipelineReferencingUtilityNetworkFoundation,PipelineJunction,17,Odorizer,644,Rural Tap Odorizer
gas,GasPipelineReferencingUtilityNetworkFoundation,PipelineJunction,17,Odorizer,0,Unknown
gas,GasPipelineReferencingUtilityNetworkFoundation,PipelineJunction,17,Odorizer,645,Wick
gas,GasPipelineReferencingUtilityNetworkFoundation,PipelineJunction,26,Olet,33,Sockolet
gas,GasPipelineReferencingUtilityNetworkFoundation,PipelineJunction,26,Olet,32,Threadolet
gas,GasPipelineReferencingUtilityNetworkFoundation,PipelineJunction,26,Olet,0,Unknown
gas,GasPipelineReferencingUtilityNetworkFoundation,PipelineJunction,26,Olet,31,Weldolet
gas,GasPipelineReferencingUtilityNetworkFoundation,PipelineJunction,30,Pipe Bend,52,Cold Bend
gas,GasPipelineReferencingUtilityNetworkFoundation,PipelineJunction,30,Pipe Bend,56,Factory Bend
gas,GasPipelineReferencingUtilityNetworkFoundation,PipelineJunction,30,Pipe Bend,54,Field Bend
gas,GasPipelineReferencingUtilityNetworkFoundation,PipelineJunction,30,Pipe Bend,51,Hot Bend
gas,GasPipelineReferencingUtilityNetworkFoundation,PipelineJunction,30,Pipe Bend,53,Miter Bend
gas,GasPipelineReferencingUtilityNetworkFoundation,PipelineJunction,30,Pipe Bend,0,Unknown
gas,GasPipelineReferencingUtilityNetworkFoundation,PipelineJunction,30,Pipe Bend,55,Wrinkle Bend
gas,GasPipelineReferencingUtilityNetworkFoundation,PipelineJunction,12,Plastic Fusion,441,Plastic Fusion
gas,GasPipelineReferencingUtilityNetworkFoundation,PipelineJunction,12,Plastic Fusion,0,Unknown
gas,GasPipelineReferencingUtilityNetworkFoundation,PipelineJunction,24,Plug,181,Test Plug
gas,GasPipelineReferencingUtilityNetworkFoundation,PipelineJunction,24,Plug,0,Unknown
gas,GasPipelineReferencingUtilityNetworkFoundation,PipelineJunction,6,Reducer,201,Metal Reducer
gas,GasPipelineReferencingUtilityNetworkFoundation,PipelineJunction,6,Reducer,202,Plastic Reducer
gas,GasPipelineReferencingUtilityNetworkFoundation,PipelineJunction,6,Reducer,0,Unknown
gas,GasPipelineReferencingUtilityNetworkFoundation,PipelineJunction,13,Saddle,481,Metal Saddle
gas,GasPipelineReferencingUtilityNetworkFoundation,PipelineJunction,13,Saddle,482,Plastic Saddle
gas,GasPipelineReferencingUtilityNetworkFoundation,PipelineJunction,13,Saddle,0,Unknown
gas,GasPipelineReferencingUtilityNetworkFoundation,PipelineJunction,10,Screw,361,Screw
gas,GasPipelineReferencingUtilityNetworkFoundation,PipelineJunction,10,Screw,0,Unknown
gas,GasPipelineReferencingUtilityNetworkFoundation,PipelineJunction,14,Tank,521,Tank
gas,GasPipelineReferencingUtilityNetworkFoundation,PipelineJunction,14,Tank,0,Unknown
gas,GasPipelineReferencingUtilityNetworkFoundation,PipelineJunction,25,Tap,841,Cold Tap
gas,GasPipelineReferencingUtilityNetworkFoundation,PipelineJunction,25,Tap,843,Full Encirclement
gas,GasPipelineReferencingUtilityNetworkFoundation,PipelineJunction,25,Tap,842,Hot Tap
gas,GasPipelineReferencingUtilityNetworkFoundation,PipelineJunction,25,Tap,0,Unknown
gas,GasPipelineReferencingUtilityNetworkFoundation,PipelineJunction,7,Tee,241,Metal 3-Way
gas,GasPipelineReferencingUtilityNetworkFoundation,PipelineJunction,7,Tee,242,Metal 4-Way
gas,GasPipelineReferencingUtilityNetworkFoundation,PipelineJunction,7,Tee,243,Plastic 3-Way
gas,GasPipelineReferencingUtilityNetworkFoundation,PipelineJunction,7,Tee,244,Plastic 4-Way
gas,GasPipelineReferencingUtilityNetworkFoundation,PipelineJunction,7,Tee,0,Unknown
gas,GasPipelineReferencingUtilityNetworkFoundation,PipelineJunction,8,Transition,281,Transition
gas,GasPipelineReferencingUtilityNetworkFoundation,PipelineJunction,8,Transition,0,Unknown
gas,GasPipelineReferencingUtilityNetworkFoundation,PipelineJunction,23,Union,341,Metal Union
gas,GasPipelineReferencingUtilityNetworkFoundation,PipelineJunction,23,Union,0,Unknown
gas,GasPipelineReferencingUtilityNetworkFoundation,PipelineJunction,0,Unknown,0,Unknown
gas,GasPipelineReferencingUtilityNetworkFoundation,PipelineJunction,9,Weld,0,Unknown
gas,GasPipelineReferencingUtilityNetworkFoundation,PipelineJunction,9,Weld,321,Weld
gas,GasPipelineReferencingUtilityNetworkFoundation,PipelineJunction,50,Wire Junction,901,Bond Junction
gas,GasPipelineReferencingUtilityNetworkFoundation,PipelineJunction,50,Wire Junction,902,Test Lead
gas,GasPipelineReferencingUtilityNetworkFoundation,PipelineJunction,50,Wire Junction,0,Unknown
gas,GasPipelineReferencingUtilityNetworkFoundation,PipelineJunctionObject,0,Unknown,0,Unknown
gas,GasPipelineReferencingUtilityNetworkFoundation,PipelineLine,54,AC Mitigation Wire,921,Mitigation Wire
gas,GasPipelineReferencingUtilityNetworkFoundation,PipelineLine,54,AC Mitigation Wire,0,Unknown
gas,GasPipelineReferencingUtilityNetworkFoundation,PipelineLine,50,Bonding Line,962,Strap
gas,GasPipelineReferencingUtilityNetworkFoundation,PipelineLine,50,Bonding Line,0,Unknown
gas,GasPipelineReferencingUtilityNetworkFoundation,PipelineLine,50,Bonding Line,961,Wire
gas,GasPipelineReferencingUtilityNetworkFoundation,PipelineLine,52,CP Cable,942,Decoupler Cable
gas,GasPipelineReferencingUtilityNetworkFoundation,PipelineLine,52,CP Cable,941,Rectifier Cable
gas,GasPipelineReferencingUtilityNetworkFoundation,PipelineLine,52,CP Cable,0,Unknown
gas,GasPipelineReferencingUtilityNetworkFoundation,PipelineLine,6,Customer Pipe,1,Bare Steel
gas,GasPipelineReferencingUtilityNetworkFoundation,PipelineLine,6,Customer Pipe,2,Cast Iron
gas,GasPipelineReferencingUtilityNetworkFoundation,PipelineLine,6,Customer Pipe,3,Coated Steel
gas,GasPipelineReferencingUtilityNetworkFoundation,PipelineLine,6,Customer Pipe,4,Composite
gas,GasPipelineReferencingUtilityNetworkFoundation,PipelineLine,6,Customer Pipe,6,Ductile Iron
gas,GasPipelineReferencingUtilityNetworkFoundation,PipelineLine,6,Customer Pipe,7,Plastic ABS
gas,GasPipelineReferencingUtilityNetworkFoundation,PipelineLine,6,Customer Pipe,8,Plastic Other
gas,GasPipelineReferencingUtilityNetworkFoundation,PipelineLine,6,Customer Pipe,9,Plastic PE
gas,GasPipelineReferencingUtilityNetworkFoundation,PipelineLine,6,Customer Pipe,10,Plastic PVC
gas,GasPipelineReferencingUtilityNetworkFoundation,PipelineLine,6,Customer Pipe,11,Reconditioned Cast Iron
gas,GasPipelineReferencingUtilityNetworkFoundation,PipelineLine,6,Customer Pipe,0,Unknown
gas,GasPipelineReferencingUtilityNetworkFoundation,PipelineLine,6,Customer Pipe,12,Wrought Iron
gas,GasPipelineReferencingUtilityNetworkFoundation,PipelineLine,2,Distribution Pipe,1,Bare Steel
gas,GasPipelineReferencingUtilityNetworkFoundation,PipelineLine,2,Distribution Pipe,2,Cast Iron
gas,GasPipelineReferencingUtilityNetworkFoundation,PipelineLine,2,Distribution Pipe,3,Coated Steel
gas,GasPipelineReferencingUtilityNetworkFoundation,PipelineLine,2,Distribution Pipe,4,Composite
gas,GasPipelineReferencingUtilityNetworkFoundation,PipelineLine,2,Distribution Pipe,5,Copper
gas,GasPipelineReferencingUtilityNetworkFoundation,PipelineLine,2,Distribution Pipe,6,Ductile Iron
gas,GasPipelineReferencingUtilityNetworkFoundation,PipelineLine,2,Distribution Pipe,7,Plastic ABS
gas,GasPipelineReferencingUtilityNetworkFoundation,PipelineLine,2,Distribution Pipe,8,Plastic Other
gas,GasPipelineReferencingUtilityNetworkFoundation,PipelineLine,2,Distribution Pipe,9,Plastic PE
gas,GasPipelineReferencingUtilityNetworkFoundation,PipelineLine,2,Distribution Pipe,10,Plastic PVC
gas,GasPipelineReferencingUtilityNetworkFoundation,PipelineLine,2,Distribution Pipe,11,Reconditioned Cast Iron
gas,GasPipelineReferencingUtilityNetworkFoundation,PipelineLine,2,Distribution Pipe,0,Unknown
gas,GasPipelineReferencingUtilityNetworkFoundation,PipelineLine,2,Distribution Pipe,12,Wrought Iron
gas,GasPipelineReferencingUtilityNetworkFoundation,PipelineLine,4,Gathering Pipe,1,Bare Steel
gas,GasPipelineReferencingUtilityNetworkFoundation,PipelineLine,4,Gathering Pipe,2,Cast Iron
gas,GasPipelineReferencingUtilityNetworkFoundation,PipelineLine,4,Gathering Pipe,3,Coated Steel
gas,GasPipelineReferencingUtilityNetworkFoundation,PipelineLine,4,Gathering Pipe,4,Composite
gas,GasPipelineReferencingUtilityNetworkFoundation,PipelineLine,4,Gathering Pipe,6,Ductile Iron
gas,GasPipelineReferencingUtilityNetworkFoundation,PipelineLine,4,Gathering Pipe,7,Plastic ABS
gas,GasPipelineReferencingUtilityNetworkFoundation,PipelineLine,4,Gathering Pipe,8,Plastic Other
gas,GasPipelineReferencingUtilityNetworkFoundation,PipelineLine,4,Gathering Pipe,9,Plastic PE
gas,GasPipelineReferencingUtilityNetworkFoundation,PipelineLine,4,Gathering Pipe,10,Plastic PVC
gas,GasPipelineReferencingUtilityNetworkFoundation,PipelineLine,4,Gathering Pipe,11,Reconditioned Cast Iron
gas,GasPipelineReferencingUtilityNetworkFoundation,PipelineLine,4,Gathering Pipe,0,Unknown
gas,GasPipelineReferencingUtilityNetworkFoundation,PipelineLine,4,Gathering Pipe,12,Wrought Iron
gas,GasPipelineReferencingUtilityNetworkFoundation,PipelineLine,53,Linear Anode,981,Horizontal Anode
gas,GasPipelineReferencingUtilityNetworkFoundation,PipelineLine,53,Linear Anode,982,Ribbon
gas,GasPipelineReferencingUtilityNetworkFoundation,PipelineLine,53,Linear Anode,0,Unknown
gas,GasPipelineReferencingUtilityNetworkFoundation,PipelineLine,15,Pressure Sensor Pipe,1,Bare Steel
gas,GasPipelineReferencingUtilityNetworkFoundation,PipelineLine,15,Pressure Sensor Pipe,2,Cast Iron
gas,GasPipelineReferencingUtilityNetworkFoundation,PipelineLine,15,Pressure Sensor Pipe,3,Coated Steel
gas,GasPipelineReferencingUtilityNetworkFoundation,PipelineLine,15,Pressure Sensor Pipe,6,Ductile Iron
gas,GasPipelineReferencingUtilityNetworkFoundation,PipelineLine,15,Pressure Sensor Pipe,0,Unknown
gas,GasPipelineReferencingUtilityNetworkFoundation,PipelineLine,15,Pressure Sensor Pipe,12,Wrought Iron
gas,GasPipelineReferencingUtilityNetworkFoundation,PipelineLine,7,Riser Pipe,1,Bare Steel
gas,GasPipelineReferencingUtilityNetworkFoundation,PipelineLine,7,Riser Pipe,2,Cast Iron
gas,GasPipelineReferencingUtilityNetworkFoundation,PipelineLine,7,Riser Pipe,3,Coated Steel
gas,GasPipelineReferencingUtilityNetworkFoundation,PipelineLine,7,Riser Pipe,4,Composite
gas,GasPipelineReferencingUtilityNetworkFoundation,PipelineLine,7,Riser Pipe,6,Ductile Iron
gas,GasPipelineReferencingUtilityNetworkFoundation,PipelineLine,7,Riser Pipe,11,Reconditioned Cast Iron
gas,GasPipelineReferencingUtilityNetworkFoundation,PipelineLine,7,Riser Pipe,0,Unknown
gas,GasPipelineReferencingUtilityNetworkFoundation,PipelineLine,7,Riser Pipe,12,Wrought Iron
gas,GasPipelineReferencingUtilityNetworkFoundation,PipelineLine,1,Service Pipe,1,Bare Steel
gas,GasPipelineReferencingUtilityNetworkFoundation,PipelineLine,1,Service Pipe,2,Cast Iron
gas,GasPipelineReferencingUtilityNetworkFoundation,PipelineLine,1,Service Pipe,3,Coated Steel
gas,GasPipelineReferencingUtilityNetworkFoundation,PipelineLine,1,Service Pipe,4,Composite
gas,GasPipelineReferencingUtilityNetworkFoundation,PipelineLine,1,Service Pipe,5,Copper
gas,GasPipelineReferencingUtilityNetworkFoundation,PipelineLine,1,Service Pipe,6,Ductile Iron
gas,GasPipelineReferencingUtilityNetworkFoundation,PipelineLine,1,Service Pipe,7,Plastic ABS
gas,GasPipelineReferencingUtilityNetworkFoundation,PipelineLine,1,Service Pipe,8,Plastic Other
gas,GasPipelineReferencingUtilityNetworkFoundation,PipelineLine,1,Service Pipe,9,Plastic PE
gas,GasPipelineReferencingUtilityNetworkFoundation,PipelineLine,1,Service Pipe,10,Plastic PVC
gas,GasPipelineReferencingUtilityNetworkFoundation,PipelineLine,1,Service Pipe,11,Reconditioned Cast Iron
gas,GasPipelineReferencingUtilityNetworkFoundation,PipelineLine,1,Service Pipe,0,Unknown
gas,GasPipelineReferencingUtilityNetworkFoundation,PipelineLine,1,Service Pipe,12,Wrought Iron
gas,GasPipelineReferencingUtilityNetworkFoundation,PipelineLine,5,Station Pipe,1,Bare Steel
gas,GasPipelineReferencingUtilityNetworkFoundation,PipelineLine,5,Station Pipe,2,Cast Iron
gas,GasPipelineReferencingUtilityNetworkFoundation,PipelineLine,5,Station Pipe,3,Coated Steel
gas,GasPipelineReferencingUtilityNetworkFoundation,PipelineLine,5,Station Pipe,4,Composite
gas,GasPipelineReferencingUtilityNetworkFoundation,PipelineLine,5,Station Pipe,6,Ductile Iron
gas,GasPipelineReferencingUtilityNetworkFoundation,PipelineLine,5,Station Pipe,11,Reconditioned Cast Iron
gas,GasPipelineReferencingUtilityNetworkFoundation,PipelineLine,5,Station Pipe,0,Unknown
gas,GasPipelineReferencingUtilityNetworkFoundation,PipelineLine,5,Station Pipe,12,Wrought Iron
gas,GasPipelineReferencingUtilityNetworkFoundation,PipelineLine,8,Storage Pipe,1,Bare Steel
gas,GasPipelineReferencingUtilityNetworkFoundation,PipelineLine,8,Storage Pipe,2,Cast Iron
gas,GasPipelineReferencingUtilityNetworkFoundation,PipelineLine,8,Storage Pipe,3,Coated Steel
gas,GasPipelineReferencingUtilityNetworkFoundation,PipelineLine,8,Storage Pipe,4,Composite
gas,GasPipelineReferencingUtilityNetworkFoundation,PipelineLine,8,Storage Pipe,5,Copper
gas,GasPipelineReferencingUtilityNetworkFoundation,PipelineLine,8,Storage Pipe,6,Ductile Iron
gas,GasPipelineReferencingUtilityNetworkFoundation,PipelineLine,8,Storage Pipe,7,Plastic ABS
gas,GasPipelineReferencingUtilityNetworkFoundation,PipelineLine,8,Storage Pipe,8,Plastic Other
gas,GasPipelineReferencingUtilityNetworkFoundation,PipelineLine,8,Storage Pipe,9,Plastic PE
gas,GasPipelineReferencingUtilityNetworkFoundation,PipelineLine,8,Storage Pipe,10,Plastic PVC
gas,GasPipelineReferencingUtilityNetworkFoundation,PipelineLine,8,Storage Pipe,11,Reconditioned Cast Iron
gas,GasPipelineReferencingUtilityNetworkFoundation,PipelineLine,8,Storage Pipe,0,Unknown
gas,GasPipelineReferencingUtilityNetworkFoundation,PipelineLine,8,Storage Pipe,12,Wrought Iron
gas,GasPipelineReferencingUtilityNetworkFoundation,PipelineLine,51,Test Lead Wire,901,Aqua
gas,GasPipelineReferencingUtilityNetworkFoundation,PipelineLine,51,Test Lead Wire,902,Blue
gas,GasPipelineReferencingUtilityNetworkFoundation,PipelineLine,51,Test Lead Wire,903,Forest
gas,GasPipelineReferencingUtilityNetworkFoundation,PipelineLine,51,Test Lead Wire,904,Green
gas,GasPipelineReferencingUtilityNetworkFoundation,PipelineLine,51,Test Lead Wire,905,Lavender
gas,GasPipelineReferencingUtilityNetworkFoundation,PipelineLine,51,Test Lead Wire,906,Orange
gas,GasPipelineReferencingUtilityNetworkFoundation,PipelineLine,51,Test Lead Wire,907,Pink
gas,GasPipelineReferencingUtilityNetworkFoundation,PipelineLine,51,Test Lead Wire,910,Purple
gas,GasPipelineReferencingUtilityNetworkFoundation,PipelineLine,51,Test Lead Wire,908,Red
gas,GasPipelineReferencingUtilityNetworkFoundation,PipelineLine,51,Test Lead Wire,0,Unknown
gas,GasPipelineReferencingUtilityNetworkFoundation,PipelineLine,51,Test Lead Wire,909,Yellow
gas,GasPipelineReferencingUtilityNetworkFoundation,PipelineLine,3,Transmission Pipe,1,Bare Steel
gas,GasPipelineReferencingUtilityNetworkFoundation,PipelineLine,3,Transmission Pipe,2,Cast Iron
gas,GasPipelineReferencingUtilityNetworkFoundation,PipelineLine,3,Transmission Pipe,3,Coated Steel
gas,GasPipelineReferencingUtilityNetworkFoundation,PipelineLine,3,Transmission Pipe,4,Composite
gas,GasPipelineReferencingUtilityNetworkFoundation,PipelineLine,3,Transmission Pipe,6,Ductile Iron
gas,GasPipelineReferencingUtilityNetworkFoundation,PipelineLine,3,Transmission Pipe,11,Reconditioned Cast Iron
gas,GasPipelineReferencingUtilityNetworkFoundation,PipelineLine,3,Transmission Pipe,0,Unknown
gas,GasPipelineReferencingUtilityNetworkFoundation,PipelineLine,3,Transmission Pipe,12,Wrought Iron
gas,GasPipelineReferencingUtilityNetworkFoundation,PipelineLine,0,Unknown,0,Unknown
gas,GasPipelineReferencingUtilityNetworkFoundation,StructureBoundary,4,Cathodic,101,Grounding Mat
gas,GasPipelineReferencingUtilityNetworkFoundation,StructureBoundary,4,Cathodic,0,Unknown
gas,GasPipelineReferencingUtilityNetworkFoundation,StructureBoundary,3,Pipe Processing Facility,41,Processing Facility
gas,GasPipelineReferencingUtilityNetworkFoundation,StructureBoundary,3,Pipe Processing Facility,42,Storage Facility
gas,GasPipelineReferencingUtilityNetworkFoundation,StructureBoundary,3,Pipe Processing Facility,0,Unknown
gas,GasPipelineReferencingUtilityNetworkFoundation,StructureBoundary,1,Pipe Station,4,Commercial Regulator Station
gas,GasPipelineReferencingUtilityNetworkFoundation,StructureBoundary,1,Pipe Station,5,Compressor Station
gas,GasPipelineReferencingUtilityNetworkFoundation,StructureBoundary,1,Pipe Station,3,District Regulator Station
gas,GasPipelineReferencingUtilityNetworkFoundation,StructureBoundary,1,Pipe Station,1,Station Structure
gas,GasPipelineReferencingUtilityNetworkFoundation,StructureBoundary,1,Pipe Station,2,Town Border Station
gas,GasPipelineReferencingUtilityNetworkFoundation,StructureBoundary,1,Pipe Station,0,Unknown
gas,GasPipelineReferencingUtilityNetworkFoundation,StructureBoundary,2,Pipe Vault,0,Unknown
gas,GasPipelineReferencingUtilityNetworkFoundation,StructureBoundary,2,Pipe Vault,81,Vault Boundary
gas,GasPipelineReferencingUtilityNetworkFoundation,StructureBoundary,0,Unknown,0,Unknown
gas,GasPipelineReferencingUtilityNetworkFoundation,StructureEdgeObject,0,Unknown,0,Unknown
gas,GasPipelineReferencingUtilityNetworkFoundation,StructureJunction,10,Pipe Access Point,232,Door
gas,GasPipelineReferencingUtilityNetworkFoundation,StructureJunction,10,Pipe Access Point,233,Grate
gas,GasPipelineReferencingUtilityNetworkFoundation,StructureJunction,10,Pipe Access Point,234,Hand Hole
gas,GasPipelineReferencingUtilityNetworkFoundation,StructureJunction,10,Pipe Access Point,235,Lid
gas,GasPipelineReferencingUtilityNetworkFoundation,StructureJunction,10,Pipe Access Point,231,Manhole Cover
gas,GasPipelineReferencingUtilityNetworkFoundation,StructureJunction,10,Pipe Access Point,0,Unknown
gas,GasPipelineReferencingUtilityNetworkFoundation,StructureJunction,2,Pipe Anchor,41,Anchor
gas,GasPipelineReferencingUtilityNetworkFoundation,StructureJunction,2,Pipe Anchor,0,Unknown
gas,GasPipelineReferencingUtilityNetworkFoundation,StructureJunction,7,Pipe Box,61,Curb Box
gas,GasPipelineReferencingUtilityNetworkFoundation,StructureJunction,7,Pipe Box,62,Curb Box with Stationary Rod
gas,GasPipelineReferencingUtilityNetworkFoundation,StructureJunction,7,Pipe Box,65,Meter Box
gas,GasPipelineReferencingUtilityNetworkFoundation,StructureJunction,7,Pipe Box,63,Roadway
gas,GasPipelineReferencingUtilityNetworkFoundation,StructureJunction,7,Pipe Box,0,Unknown
gas,GasPipelineReferencingUtilityNetworkFoundation,StructureJunction,7,Pipe Box,64,Valve Box
gas,GasPipelineReferencingUtilityNetworkFoundation,StructureJunction,5,Pipe End Connection,161,End Seals
gas,GasPipelineReferencingUtilityNetworkFoundation,StructureJunction,5,Pipe End Connection,162,Skids & Straps
gas,GasPipelineReferencingUtilityNetworkFoundation,StructureJunction,5,Pipe End Connection,163,Spacers
gas,GasPipelineReferencingUtilityNetworkFoundation,StructureJunction,5,Pipe End Connection,0,Unknown
gas,GasPipelineReferencingUtilityNetworkFoundation,StructureJunction,4,Pipe Hanger,121,Constant Spring
gas,GasPipelineReferencingUtilityNetworkFoundation,StructureJunction,4,Pipe Hanger,122,Rigid
gas,GasPipelineReferencingUtilityNetworkFoundation,StructureJunction,4,Pipe Hanger,0,Unknown
gas,GasPipelineReferencingUtilityNetworkFoundation,StructureJunction,4,Pipe Hanger,123,Variable Spring
gas,GasPipelineReferencingUtilityNetworkFoundation,StructureJunction,1,Pipe Muffler,1,Muffler
gas,GasPipelineReferencingUtilityNetworkFoundation,StructureJunction,1,Pipe Muffler,0,Unknown
gas,GasPipelineReferencingUtilityNetworkFoundation,StructureJunction,8,Pipe Sleeve,131,Damage Repair
gas,GasPipelineReferencingUtilityNetworkFoundation,StructureJunction,8,Pipe Sleeve,132,Leak Repair
gas,GasPipelineReferencingUtilityNetworkFoundation,StructureJunction,8,Pipe Sleeve,0,Unknown
gas,GasPipelineReferencingUtilityNetworkFoundation,StructureJunction,3,Pipe Support,81,Pipe Stand
gas,GasPipelineReferencingUtilityNetworkFoundation,StructureJunction,3,Pipe Support,82,Roller
gas,GasPipelineReferencingUtilityNetworkFoundation,StructureJunction,3,Pipe Support,0,Unknown
gas,GasPipelineReferencingUtilityNetworkFoundation,StructureJunction,6,Pipe Vault,0,Unknown
gas,GasPipelineReferencingUtilityNetworkFoundation,StructureJunction,6,Pipe Vault,201,Vault
gas,GasPipelineReferencingUtilityNetworkFoundation,StructureJunction,0,Unknown,0,Unknown
gas,GasPipelineReferencingUtilityNetworkFoundation,StructureJunctionObject,0,Unknown,0,Unknown
gas,GasPipelineReferencingUtilityNetworkFoundation,StructureLine,1,Pipe Casing,1,Casing
gas,GasPipelineReferencingUtilityNetworkFoundation,StructureLine,1,Pipe Casing,0,Unknown
gas,GasPipelineReferencingUtilityNetworkFoundation,StructureLine,0,Unknown,0,Unknown
sewer,Combined_Sewer_Utility_Network_Essentials,SewerAssembly,0,Unknown,0,Unknown
sewer,Sewer_Utility_Network_Expanded,SewerDevice,50,Anode,902,Galvanic
sewer,Sewer_Utility_Network_Expanded,SewerDevice,50,Anode,901,ICCP
sewer,Sewer_Utility_Network_Expanded,SewerDevice,50,Anode,0,Unknown
sewer,Sewer_Utility_Network_Expanded,SewerDevice,31,Backflow Preventer,321,Backflow Preventer
sewer,Sewer_Utility_Network_Expanded,SewerDevice,31,Backflow Preventer,0,Unknown
sewer,Combined_Sewer_Utility_Network_Essentials,SewerDevice,28,Catch Basin,211,Catch Basin
sewer,Sewer_Utility_Network_Expanded,SewerDevice,28,Catch Basin,210,Drop Inlet
sewer,Sewer_Utility_Network_Expanded,SewerDevice,28,Catch Basin,204,Infiltration
sewer,Sewer_Utility_Network_Expanded,SewerDevice,28,Catch Basin,205,Sediment Trap
sewer,Sewer_Utility_Network_Expanded,SewerDevice,28,Catch Basin,0,Unknown
sewer,Sewer_Utility_Network_Expanded,SewerDevice,1,Check Valve,41,Air Gap
sewer,Sewer_Utility_Network_Expanded,SewerDevice,1,Check Valve,42,Altitude
sewer,Combined_Sewer_Utility_Network_Essentials,SewerDevice,1,Check Valve,43,Check Valve
sewer,Sewer_Utility_Network_Expanded,SewerDevice,1,Check Valve,0,Unknown
sewer,Combined_Sewer_Utility_Network_Essentials,SewerDevice,21,Cleanout,81,Cleanout
sewer,Sewer_Utility_Network_Expanded,SewerDevice,21,Cleanout,82,Lamp Hole
sewer,Sewer_Utility_Network_Expanded,SewerDevice,21,Cleanout,83,Terminal
sewer,Sewer_Utility_Network_Expanded,SewerDevice,21,Cleanout,0,Unknown
sewer,Sewer_Utility_Network_Expanded,SewerDevice,23,Connection,241,Pipe Connection
sewer,Sewer_Utility_Network_Expanded,SewerDevice,23,Connection,0,Unknown
sewer,Combined_Sewer_Utility_Network_Essentials,SewerDevice,27,Gate,101,Gate
sewer,Combined_Sewer_Utility_Network_Essentials,SewerDevice,27,Gate,102,Stop Log
sewer,Sewer_Utility_Network_Expanded,SewerDevice,27,Gate,0,Unknown
sewer,Sewer_Utility_Network_Expanded,SewerDevice,30,Grease Trap,302,Grease Interceptor
sewer,Sewer_Utility_Network_Expanded,SewerDevice,30,Grease Trap,303,Grease Recovery
sewer,Combined_Sewer_Utility_Network_Essentials,SewerDevice,30,Grease Trap,301,Grease Trap
sewer,Sewer_Utility_Network_Expanded,SewerDevice,30,Grease Trap,0,Unknown
sewer,Sewer_Utility_Network_Expanded,SewerDevice,53,Groundbed,911,Anode Bed
sewer,Sewer_Utility_Network_Expanded,SewerDevice,53,Groundbed,0,Unknown
sewer,Combined_Sewer_Utility_Network_Essentials,SewerDevice,54,Manhole,362,Directional Manhole
sewer,Combined_Sewer_Utility_Network_Essentials,SewerDevice,54,Manhole,361,Manhole
sewer,Sewer_Utility_Network_Expanded,SewerDevice,32,Manhole Channel,302,Directional Manhole Channel
sewer,Sewer_Utility_Network_Expanded,SewerDevice,32,Manhole Channel,301,Manhole Channel
sewer,Sewer_Utility_Network_Expanded,SewerDevice,32,Manhole Channel,0,Unknown
sewer,Sewer_Utility_Network_Expanded,SewerDevice,10,Meter,161,Bulk
sewer,Sewer_Utility_Network_Expanded,SewerDevice,10,Meter,162,Station
sewer,Sewer_Utility_Network_Expanded,SewerDevice,10,Meter,0,Unknown
sewer,Sewer_Utility_Network_Expanded,SewerDevice,25,Monitoring,181,Pressure Sensor
sewer,Sewer_Utility_Network_Expanded,SewerDevice,25,Monitoring,182,Temperature Sensor
sewer,Sewer_Utility_Network_Expanded,SewerDevice,25,Monitoring,0,Unknown
sewer,Combined_Sewer_Utility_Network_Essentials,SewerDevice,22,Outlet,223,CSO
sewer,Combined_Sewer_Utility_Network_Essentials,SewerDevice,22,Outlet,221,Effluent Discharge
sewer,Combined_Sewer_Utility_Network_Essentials,SewerDevice,22,Outlet,222,Overflow
sewer,Sewer_Utility_Network_Expanded,SewerDevice,22,Outlet,0,Unknown
sewer,Sewer_Utility_Network_Expanded,SewerDevice,5,Pump,61,Pump
sewer,Sewer_Utility_Network_Expanded,SewerDevice,5,Pump,62,Pump with Grinder
sewer,Sewer_Utility_Network_Expanded,SewerDevice,5,Pump,0,Unknown
sewer,Sewer_Utility_Network_Expanded,SewerDevice,51,Rectifier,941,Rectifier
sewer,Sewer_Utility_Network_Expanded,SewerDevice,51,Rectifier,0,Unknown
sewer,Sewer_Utility_Network_Expanded,SewerDevice,3,Relief Valve,121,Air & Vacuum
sewer,Sewer_Utility_Network_Expanded,SewerDevice,3,Relief Valve,122,Air Release
sewer,Sewer_Utility_Network_Expanded,SewerDevice,3,Relief Valve,123,Combination Air
sewer,Combined_Sewer_Utility_Network_Essentials,SewerDevice,3,Relief Valve,124,Relief Valve
sewer,Sewer_Utility_Network_Expanded,SewerDevice,3,Relief Valve,0,Unknown
sewer,Combined_Sewer_Utility_Network_Essentials,SewerDevice,7,Service Connection,1,Commercial Service Connection
sewer,Combined_Sewer_Utility_Network_Essentials,SewerDevice,7,Service Connection,2,Industrial Service Connection
sewer,Combined_Sewer_Utility_Network_Essentials,SewerDevice,7,Service Connection,3,Residential Service Connection
sewer,Sewer_Utility_Network_Expanded,SewerDevice,7,Service Connection,0,Unknown
sewer,Combined_Sewer_Utility_Network_Essentials,SewerDevice,55,Station,381,Lift Station
sewer,Sewer_Utility_Network_Expanded,SewerDevice,55,Station,0,Unknown
sewer,Combined_Sewer_Utility_Network_Essentials,SewerDevice,2,System Valve,141,System Valve
sewer,Sewer_Utility_Network_Expanded,SewerDevice,2,System Valve,0,Unknown
sewer,Combined_Sewer_Utility_Network_Essentials,SewerDevice,2,System Valve,142,Vault Valve
sewer,Sewer_Utility_Network_Expanded,SewerDevice,52,Test Point,981,Test Point
sewer,Sewer_Utility_Network_Expanded,SewerDevice,52,Test Point,0,Unknown
sewer,Combined_Sewer_Utility_Network_Essentials,SewerDevice,15,Treatment,201,Treatment Plant
sewer,Sewer_Utility_Network_Expanded,SewerDevice,15,Treatment,0,Unknown
sewer,Combined_Sewer_Utility_Network_Essentials,SewerDevice,0,Unknown,0,Unknown
sewer,Sewer_Utility_Network_Expanded,SewerDevice,26,Weir,281,Broad-Crested
sewer,Sewer_Utility_Network_Expanded,SewerDevice,26,Weir,282,Combination
sewer,Sewer_Utility_Network_Expanded,SewerDevice,26,Weir,283,Labyrinth
sewer,Sewer_Utility_Network_Expanded,SewerDevice,26,Weir,284,Minimum Energy Loss
sewer,Sewer_Utility_Network_Expanded,SewerDevice,26,Weir,285,Sharp-Crested
sewer,Sewer_Utility_Network_Expanded,SewerDevice,26,Weir,0,Unknown
sewer,Sewer_Utility_Network_Expanded,SewerDevice,26,Weir,286,V-Notch
sewer,Combined_Sewer_Utility_Network_Essentials,SewerDevice,26,Weir,287,Weir
sewer,Combined_Sewer_Utility_Network_Essentials,SewerEdgeObject,0,Unknown,0,Unknown
sewer,Combined_Sewer_Utility_Network_Essentials,SewerJunction,21,Dropshaft,81,Dropshaft
sewer,Sewer_Utility_Network_Expanded,SewerJunction,21,Dropshaft,0,Unknown
sewer,Combined_Sewer_Utility_Network_Essentials,SewerJunction,20,Fitting,41,Coupling
sewer,Combined_Sewer_Utility_Network_Essentials,SewerJunction,20,Fitting,42,Cross
sewer,Combined_Sewer_Utility_Network_Essentials,SewerJunction,20,Fitting,43,Elbow
sewer,Combined_Sewer_Utility_Network_Essentials,SewerJunction,20,Fitting,44,End Cap
sewer,Combined_Sewer_Utility_Network_Essentials,SewerJunction,20,Fitting,45,Expansion Joint
sewer,Combined_Sewer_Utility_Network_Essentials,SewerJunction,20,Fitting,46,Flange
sewer,Combined_Sewer_Utility_Network_Essentials,SewerJunction,20,Fitting,47,Plug
sewer,Combined_Sewer_Utility_Network_Essentials,SewerJunction,20,Fitting,48,Reducer
sewer,Combined_Sewer_Utility_Network_Essentials,SewerJunction,20,Fitting,49,Reducing Cross
sewer,Combined_Sewer_Utility_Network_Essentials,SewerJunction,20,Fitting,50,Reducing Tee
sewer,Combined_Sewer_Utility_Network_Essentials,SewerJunction,20,Fitting,51,Saddle
sewer,Combined_Sewer_Utility_Network_Essentials,SewerJunction,20,Fitting,52,Screw
sewer,Combined_Sewer_Utility_Network_Essentials,SewerJunction,20,Fitting,53,Sleeve
sewer,Combined_Sewer_Utility_Network_Essentials,SewerJunction,20,Fitting,54,Tap
sewer,Combined_Sewer_Utility_Network_Essentials,SewerJunction,20,Fitting,55,Tapping Saddle
sewer,Combined_Sewer_Utility_Network_Essentials,SewerJunction,20,Fitting,56,Tee
sewer,Combined_Sewer_Utility_Network_Essentials,SewerJunction,20,Fitting,57,Transition
sewer,Sewer_Utility_Network_Expanded,SewerJunction,20,Fitting,0,Unknown
sewer,Combined_Sewer_Utility_Network_Essentials,SewerJunction,20,Fitting,58,Weld
sewer,Combined_Sewer_Utility_Network_Essentials,SewerJunction,20,Fitting,59,Wye
sewer,Sewer_Utility_Network_Expanded,SewerJunction,51,Insulation Junction,941,Flange Insert
sewer,Sewer_Utility_Network_Expanded,SewerJunction,51,Insulation Junction,0,Unknown
sewer,Combined_Sewer_Utility_Network_Essentials,SewerJunction,0,Unknown,0,Unknown
sewer,Sewer_Utility_Network_Expanded,SewerJunction,50,Wire Junction,901,Bond Junction
sewer,Sewer_Utility_Network_Expanded,SewerJunction,50,Wire Junction,902,Test Lead
sewer,Sewer_Utility_Network_Expanded,SewerJunction,50,Wire Junction,0,Unknown
sewer,Combined_Sewer_Utility_Network_Essentials,SewerJunctionObject,1,Monitoring,1,Monitoring Device
sewer,Sewer_Utility_Network_Expanded,SewerJunctionObject,1,Monitoring,0,Unknown
sewer,Combined_Sewer_Utility_Network_Essentials,SewerJunctionObject,2,Pump,2,Grinder Pump
sewer,Combined_Sewer_Utility_Network_Essentials,SewerJunctionObject,2,Pump,1,Pump
sewer,Sewer_Utility_Network_Expanded,SewerJunctionObject,2,Pump,0,Unknown
sewer,Combined_Sewer_Utility_Network_Essentials,SewerJunctionObject,0,Unknown,0,Unknown
sewer,Sewer_Utility_Network_Expanded,SewerLine,50,Bonding Line,942,Strap
sewer,Sewer_Utility_Network_Expanded,SewerLine,50,Bonding Line,0,Unknown
sewer,Sewer_Utility_Network_Expanded,SewerLine,50,Bonding Line,941,Wire
sewer,Combined_Sewer_Utility_Network_Essentials,SewerLine,2,Force Main,42,Combined Force Main
sewer,Combined_Sewer_Utility_Network_Essentials,SewerLine,2,Force Main,41,Sanitary Force Main
sewer,Sewer_Utility_Network_Expanded,SewerLine,2,Force Main,0,Unknown
sewer,Combined_Sewer_Utility_Network_Essentials,SewerLine,1,Gravity Main,6,Combined Collector
sewer,Combined_Sewer_Utility_Network_Essentials,SewerLine,1,Gravity Main,7,Combined Interceptor
sewer,Combined_Sewer_Utility_Network_Essentials,SewerLine,1,Gravity Main,1,Sanitary Collector
sewer,Combined_Sewer_Utility_Network_Essentials,SewerLine,1,Gravity Main,2,Sanitary Interceptor
sewer,Sewer_Utility_Network_Expanded,SewerLine,1,Gravity Main,0,Unknown
sewer,Combined_Sewer_Utility_Network_Essentials,SewerLine,9,Inverted Siphon,182,Combined Inverted Siphon
sewer,Combined_Sewer_Utility_Network_Essentials,SewerLine,9,Inverted Siphon,181,Sanitary Inverted Siphon
sewer,Sewer_Utility_Network_Expanded,SewerLine,9,Inverted Siphon,0,Unknown
sewer,Sewer_Utility_Network_Expanded,SewerLine,3,Lateral,121,Commercial
sewer,Sewer_Utility_Network_Expanded,SewerLine,3,Lateral,122,Industrial
sewer,Sewer_Utility_Network_Expanded,SewerLine,3,Lateral,123,Residential
sewer,Combined_Sewer_Utility_Network_Essentials,SewerLine,3,Lateral,124,Sanitary Lateral
sewer,Combined_Sewer_Utility_Network_Essentials,SewerLine,3,Lateral,125,Stormwater Lateral
sewer,Sewer_Utility_Network_Expanded,SewerLine,3,Lateral,0,Unknown
sewer,Sewer_Utility_Network_Expanded,SewerLine,52,Rectifier Cable,961,Rectifier Cable
sewer,Sewer_Utility_Network_Expanded,SewerLine,52,Rectifier Cable,0,Unknown
sewer,Combined_Sewer_Utility_Network_Essentials,SewerLine,8,Storage,62,Storage Tank
sewer,Combined_Sewer_Utility_Network_Essentials,SewerLine,8,Storage,61,Storage Tunnel
sewer,Sewer_Utility_Network_Expanded,SewerLine,8,Storage,0,Unknown
sewer,Sewer_Utility_Network_Expanded,SewerLine,51,Test Lead Wire,901,Aqua
sewer,Sewer_Utility_Network_Expanded,SewerLine,51,Test Lead Wire,902,Blue
sewer,Sewer_Utility_Network_Expanded,SewerLine,51,Test Lead Wire,903,Forest
sewer,Sewer_Utility_Network_Expanded,SewerLine,51,Test Lead Wire,904,Green
sewer,Sewer_Utility_Network_Expanded,SewerLine,51,Test Lead Wire,905,Lavender
sewer,Sewer_Utility_Network_Expanded,SewerLine,51,Test Lead Wire,906,Orange
sewer,Sewer_Utility_Network_Expanded,SewerLine,51,Test Lead Wire,907,Pink
sewer,Sewer_Utility_Network_Expanded,SewerLine,51,Test Lead Wire,910,Purple
sewer,Sewer_Utility_Network_Expanded,SewerLine,51,Test Lead Wire,908,Red
sewer,Sewer_Utility_Network_Expanded,SewerLine,51,Test Lead Wire,0,Unknown
sewer,Sewer_Utility_Network_Expanded,SewerLine,51,Test Lead Wire,909,Yellow
sewer,Combined_Sewer_Utility_Network_Essentials,SewerLine,0,Unknown,0,Unknown
sewer,Sewer_Utility_Network_Expanded,StructureBoundary,301,Sewer Lift Station Boundary,41,Lift Station
sewer,Sewer_Utility_Network_Expanded,StructureBoundary,301,Sewer Lift Station Boundary,0,Unknown
sewer,Combined_Sewer_Utility_Network_Essentials,StructureBoundary,302,Sewer Storage Boundary,101,Storage
sewer,Sewer_Utility_Network_Expanded,StructureBoundary,302,Sewer Storage Boundary,0,Unknown
sewer,Sewer_Utility_Network_Expanded,StructureBoundary,208,Sewer Storm Vault Boundary,1,Baffle Chamber
sewer,Sewer_Utility_Network_Expanded,StructureBoundary,208,Sewer Storm Vault Boundary,4,Regulator Chamber
sewer,Sewer_Utility_Network_Expanded,StructureBoundary,208,Sewer Storm Vault Boundary,5,Tide Gate Chamber
sewer,Sewer_Utility_Network_Expanded,StructureBoundary,208,Sewer Storm Vault Boundary,0,Unknown
sewer,Sewer_Utility_Network_Expanded,StructureBoundary,208,Sewer Storm Vault Boundary,16,Wet Well
sewer,Sewer_Utility_Network_Expanded,StructureBoundary,307,Sewer Treatment Plant Boundary,81,Treatment Plant
sewer,Sewer_Utility_Network_Expanded,StructureBoundary,307,Sewer Treatment Plant Boundary,0,Unknown
sewer,Combined_Sewer_Utility_Network_Essentials,StructureBoundary,0,Unknown,0,Unknown
sewer,Combined_Sewer_Utility_Network_Essentials,StructureEdgeObject,0,Unknown,0,Unknown
sewer,Sewer_Utility_Network_Expanded,StructureJunction,301,Sewer Lift Station,81,Lift Station
sewer,Sewer_Utility_Network_Expanded,StructureJunction,301,Sewer Lift Station,0,Unknown
sewer,Sewer_Utility_Network_Expanded,StructureJunction,208,Sewer Storm Vault,1,Baffle Chamber
sewer,Sewer_Utility_Network_Expanded,StructureJunction,208,Sewer Storm Vault,9,Manhole
sewer,Sewer_Utility_Network_Expanded,StructureJunction,208,Sewer Storm Vault,4,Regulator Chamber
sewer,Sewer_Utility_Network_Expanded,StructureJunction,208,Sewer Storm Vault,5,Tide Gate Chamber
sewer,Sewer_Utility_Network_Expanded,StructureJunction,208,Sewer Storm Vault,0,Unknown
sewer,Sewer_Utility_Network_Expanded,StructureJunction,208,Sewer Storm Vault,16,Wet Well
sewer,Combined_Sewer_Utility_Network_Essentials,StructureJunction,0,Unknown,0,Unknown
sewer,Combined_Sewer_Utility_Network_Essentials,StructureJunctionObject,0,Unknown,0,Unknown
sewer,Combined_Sewer_Utility_Network_Essentials,StructureLine,201,Sewer Storm Casing,1,Casing
sewer,Sewer_Utility_Network_Expanded,StructureLine,201,Sewer Storm Casing,0,Unknown
sewer,Combined_Sewer_Utility_Network_Essentials,StructureLine,0,Unknown,0,Unknown
stormwater,Stormwater_Utility_Network_Essentials,StormwaterAssembly,0,Unknown,0,Unknown
stormwater,Stormwater_Utility_Network_Essentials,StormwaterDevice,29,BMP Point,1,BMP Point
stormwater,Stormwater_Utility_Network_Expanded,StormwaterDevice,29,BMP Point,0,Unknown
stormwater,Stormwater_Utility_Network_Essentials,StormwaterDevice,28,Catch Basin,215,Catch Basin
stormwater,Stormwater_Utility_Network_Expanded,StormwaterDevice,28,Catch Basin,210,Drop Inlet
stormwater,Stormwater_Utility_Network_Expanded,StormwaterDevice,28,Catch Basin,204,Infiltration
stormwater,Stormwater_Utility_Network_Expanded,StormwaterDevice,28,Catch Basin,205,Sediment Trap
stormwater,Stormwater_Utility_Network_Expanded,StormwaterDevice,28,Catch Basin,0,Unknown
stormwater,Stormwater_Utility_Network_Essentials,StormwaterDevice,21,Cleanout,1,Cleanout
stormwater,Stormwater_Utility_Network_Expanded,StormwaterDevice,21,Cleanout,0,Unknown
stormwater,Stormwater_Utility_Network_Expanded,StormwaterDevice,23,Connection,245,Linear Drain Connection
stormwater,Stormwater_Utility_Network_Expanded,StormwaterDevice,23,Connection,242,Open Channel Connection
stormwater,Stormwater_Utility_Network_Essentials,StormwaterDevice,23,Connection,241,Pipe Connection
stormwater,Stormwater_Utility_Network_Expanded,StormwaterDevice,23,Connection,0,Unknown
stormwater,Stormwater_Utility_Network_Essentials,StormwaterDevice,27,Gate,101,Gate
stormwater,Stormwater_Utility_Network_Essentials,StormwaterDevice,27,Gate,102,Stop Log
stormwater,Stormwater_Utility_Network_Essentials,StormwaterDevice,27,Gate,0,Unknown
stormwater,Stormwater_Utility_Network_Expanded,StormwaterDevice,30,Inlet,6,Apron Inlet
stormwater,Stormwater_Utility_Network_Expanded,StormwaterDevice,30,Inlet,8,Channel Inlet
stormwater,Stormwater_Utility_Network_Essentials,StormwaterDevice,30,Inlet,15,Inlet
stormwater,Stormwater_Utility_Network_Expanded,StormwaterDevice,30,Inlet,7,Pipe Inlet
stormwater,Stormwater_Utility_Network_Expanded,StormwaterDevice,30,Inlet,0,Unknown
stormwater,Stormwater_Utility_Network_Essentials,StormwaterDevice,56,Manhole,361,Manhole
stormwater,Stormwater_Utility_Network_Expanded,StormwaterDevice,32,Manhole Channel,302,Directional Manhole Channel
stormwater,Stormwater_Utility_Network_Expanded,StormwaterDevice,32,Manhole Channel,301,Manhole Channel
stormwater,Stormwater_Utility_Network_Expanded,StormwaterDevice,32,Manhole Channel,0,Unknown
stormwater,Stormwater_Utility_Network_Essentials,StormwaterDevice,33,Outfall,66,Non-Permit Outfall
stormwater,Stormwater_Utility_Network_Essentials,StormwaterDevice,33,Outfall,65,Permit Outfall
stormwater,Stormwater_Utility_Network_Expanded,StormwaterDevice,33,Outfall,0,Unknown
stormwater,Stormwater_Utility_Network_Expanded,StormwaterDevice,22,Outlet,10,Apron Outlet
stormwater,Stormwater_Utility_Network_Expanded,StormwaterDevice,22,Outlet,11,Flap Gate
stormwater,Stormwater_Utility_Network_Essentials,StormwaterDevice,22,Outlet,14,Outlet
stormwater,Stormwater_Utility_Network_Expanded,StormwaterDevice,22,Outlet,5,Pipe Outlet
stormwater,Stormwater_Utility_Network_Expanded,StormwaterDevice,22,Outlet,12,Riser
stormwater,Stormwater_Utility_Network_Expanded,StormwaterDevice,22,Outlet,9,Tide Gate Chamber
stormwater,Stormwater_Utility_Network_Expanded,StormwaterDevice,22,Outlet,0,Unknown
stormwater,Stormwater_Utility_Network_Essentials,StormwaterDevice,5,Pump,61,Pump
stormwater,Stormwater_Utility_Network_Expanded,StormwaterDevice,5,Pump,0,Unknown
stormwater,Stormwater_Utility_Network_Essentials,StormwaterDevice,7,Service Connection,4,Stormwater Service Connection
stormwater,Stormwater_Utility_Network_Expanded,StormwaterDevice,7,Service Connection,0,Unknown
stormwater,Stormwater_Utility_Network_Essentials,StormwaterDevice,34,System Outflow,70,Outflow
stormwater,Stormwater_Utility_Network_Expanded,StormwaterDevice,34,System Outflow,0,Unknown
stormwater,Stormwater_Utility_Network_Essentials,StormwaterDevice,0,Unknown,0,Unknown
stormwater,Stormwater_Utility_Network_Expanded,StormwaterDevice,26,Weir,281,Broad-Crested
stormwater,Stormwater_Utility_Network_Expanded,StormwaterDevice,26,Weir,282,Combination
stormwater,Stormwater_Utility_Network_Expanded,StormwaterDevice,26,Weir,283,Labyrinth
stormwater,Stormwater_Utility_Network_Expanded,StormwaterDevice,26,Weir,284,Minimum Energy Loss
stormwater,Stormwater_Utility_Network_Expanded,StormwaterDevice,26,Weir,285,Sharp-Crested
stormwater,Stormwater_Utility_Network_Expanded,StormwaterDevice,26,Weir,0,Unknown
stormwater,Stormwater_Utility_Network_Expanded,StormwaterDevice,26,Weir,286,V-Notch
stormwater,Stormwater_Utility_Network_Essentials,StormwaterDevice,26,Weir,290,Weir
stormwater,Stormwater_Utility_Network_Essentials,StormwaterEdgeObject,0,Unknown,0,Unknown
stormwater,Stormwater_Utility_Network_Essentials,StormwaterJunction,20,Fitting,41,Coupling
stormwater,Stormwater_Utility_Network_Expanded,StormwaterJunction,20,Fitting,42,Cross
stormwater,Stormwater_Utility_Network_Essentials,StormwaterJunction,20,Fitting,43,Elbow
stormwater,Stormwater_Utility_Network_Essentials,StormwaterJunction,20,Fitting,44,End Cap
stormwater,Stormwater_Utility_Network_Expanded,StormwaterJunction,20,Fitting,45,Expansion Joint
stormwater,Stormwater_Utility_Network_Expanded,StormwaterJunction,20,Fitting,46,Flange
stormwater,Stormwater_Utility_Network_Expanded,StormwaterJunction,20,Fitting,47,Plug
stormwater,Stormwater_Utility_Network_Essentials,StormwaterJunction,20,Fitting,48,Reducer
stormwater,Stormwater_Utility_Network_Expanded,StormwaterJunction,20,Fitting,49,Reducing Cross
stormwater,Stormwater_Utility_Network_Expanded,StormwaterJunction,20,Fitting,50,Reducing Tee
stormwater,Stormwater_Utility_Network_Expanded,StormwaterJunction,20,Fitting,51,Saddle
stormwater,Stormwater_Utility_Network_Expanded,StormwaterJunction,20,Fitting,52,Screw
stormwater,Stormwater_Utility_Network_Expanded,StormwaterJunction,20,Fitting,53,Sleeve
stormwater,Stormwater_Utility_Network_Essentials,StormwaterJunction,20,Fitting,54,Tap
stormwater,Stormwater_Utility_Network_Expanded,StormwaterJunction,20,Fitting,55,Tapping Saddle
stormwater,Stormwater_Utility_Network_Essentials,StormwaterJunction,20,Fitting,56,Tee
stormwater,Stormwater_Utility_Network_Essentials,StormwaterJunction,20,Fitting,57,Transition
stormwater,Stormwater_Utility_Network_Expanded,StormwaterJunction,20,Fitting,0,Unknown
stormwater,Stormwater_Utility_Network_Expanded,StormwaterJunction,20,Fitting,58,Weld
stormwater,Stormwater_Utility_Network_Essentials,StormwaterJunction,20,Fitting,59,Wye
stormwater,Stormwater_Utility_Network_Essentials,StormwaterJunction,0,Unknown,0,Unknown
stormwater,Stormwater_Utility_Network_Expanded,StormwaterJunction,24,Virtual Connection,0,Unknown
stormwater,Stormwater_Utility_Network_Essentials,StormwaterJunction,24,Virtual Connection,94,Virtual Connection Point
stormwater,Stormwater_Utility_Network_Expanded,StormwaterJunction,23,Wall,81,Endwall
stormwater,Stormwater_Utility_Network_Expanded,StormwaterJunction,23,Wall,84,Floodwall
stormwater,Stormwater_Utility_Network_Expanded,StormwaterJunction,23,Wall,82,Headwall
stormwater,Stormwater_Utility_Network_Expanded,StormwaterJunction,23,Wall,0,Unknown
stormwater,Stormwater_Utility_Network_Essentials,StormwaterJunction,23,Wall,88,Wall
stormwater,Stormwater_Utility_Network_Expanded,StormwaterJunction,23,Wall,83,Wingwall
stormwater,Stormwater_Utility_Network_Essentials,StormwaterJunctionObject,0,Unknown,0,Unknown
stormwater,Stormwater_Utility_Network_Expanded,StormwaterLine,6,Culvert,84,Arch Culvert
stormwater,Stormwater_Utility_Network_Expanded,StormwaterLine,6,Culvert,83,Box Culvert
stormwater,Stormwater_Utility_Network_Expanded,StormwaterLine,6,Culvert,85,Bridge Culvert
stormwater,Stormwater_Utility_Network_Essentials,StormwaterLine,6,Culvert,90,Culvert
stormwater,Stormwater_Utility_Network_Expanded,StormwaterLine,6,Culvert,82,Pipe Arch
stormwater,Stormwater_Utility_Network_Expanded,StormwaterLine,6,Culvert,81,Pipe Culvert
stormwater,Stormwater_Utility_Network_Expanded,StormwaterLine,6,Culvert,0,Unknown
stormwater,Stormwater_Utility_Network_Essentials,StormwaterLine,21,Force Pipe,4,Stormwater Force Pipe
stormwater,Stormwater_Utility_Network_Expanded,StormwaterLine,21,Force Pipe,0,Unknown
stormwater,Stormwater_Utility_Network_Essentials,StormwaterLine,20,Gravity Pipe,3,Stormwater Gravity Pipe
stormwater,Stormwater_Utility_Network_Expanded,StormwaterLine,20,Gravity Pipe,0,Unknown
stormwater,Stormwater_Utility_Network_Essentials,StormwaterLine,3,Lateral,125,Stormwater Lateral
stormwater,Stormwater_Utility_Network_Expanded,StormwaterLine,3,Lateral,0,Unknown
stormwater,Stormwater_Utility_Network_Expanded,StormwaterLine,7,Linear Drain,122,Slotted Drain
stormwater,Stormwater_Utility_Network_Expanded,StormwaterLine,7,Linear Drain,121,Trench Drain
stormwater,Stormwater_Utility_Network_Expanded,StormwaterLine,7,Linear Drain,0,Unknown
stormwater,Stormwater_Utility_Network_Expanded,StormwaterLine,5,Open Channel,43,Aquaduct Channel
stormwater,Stormwater_Utility_Network_Expanded,StormwaterLine,5,Open Channel,46,Ditch Channel
stormwater,Stormwater_Utility_Network_Essentials,StormwaterLine,5,Open Channel,45,Natural Channel
stormwater,Stormwater_Utility_Network_Essentials,StormwaterLine,5,Open Channel,50,Open Channel
stormwater,Stormwater_Utility_Network_Essentials,StormwaterLine,5,Open Channel,47,Roadside Gutter
stormwater,Stormwater_Utility_Network_Expanded,StormwaterLine,5,Open Channel,44,Spillway Channel
stormwater,Stormwater_Utility_Network_Expanded,StormwaterLine,5,Open Channel,0,Unknown
stormwater,Stormwater_Utility_Network_Essentials,StormwaterLine,22,Perforated Pipe,5,Stormwater Perforated Pipe
stormwater,Stormwater_Utility_Network_Expanded,StormwaterLine,22,Perforated Pipe,0,Unknown
stormwater,Stormwater_Utility_Network_Essentials,StormwaterLine,0,Unknown,0,Unknown
stormwater,Stormwater_Utility_Network_Expanded,StormwaterLine,8,Virtual Line,0,Unknown
stormwater,Stormwater_Utility_Network_Essentials,StormwaterLine,8,Virtual Line,95,Virtual Drain Line
stormwater,Stormwater_Utility_Network_Expanded,StructureBoundary,401,BMP Boundary,8,Bed Filter
stormwater,Stormwater_Utility_Network_Expanded,StructureBoundary,401,BMP Boundary,21,Bio-Filtration
stormwater,Stormwater_Utility_Network_Expanded,StructureBoundary,401,BMP Boundary,22,Bio-Retention
stormwater,Stormwater_Utility_Network_Expanded,StructureBoundary,401,BMP Boundary,23,Bioswale
stormwater,Stormwater_Utility_Network_Essentials,StructureBoundary,401,BMP Boundary,35,BMP Boundary
stormwater,Stormwater_Utility_Network_Expanded,StructureBoundary,401,BMP Boundary,2,Detention Basin
stormwater,Stormwater_Utility_Network_Expanded,StructureBoundary,401,BMP Boundary,3,Dry Basin
stormwater,Stormwater_Utility_Network_Expanded,StructureBoundary,401,BMP Boundary,24,Filtration Device
stormwater,Stormwater_Utility_Network_Expanded,StructureBoundary,401,BMP Boundary,29,Green Roof
stormwater,Stormwater_Utility_Network_Expanded,StructureBoundary,401,BMP Boundary,9,Infiltration Basin
stormwater,Stormwater_Utility_Network_Expanded,StructureBoundary,401,BMP Boundary,25,Infiltration Feature
stormwater,Stormwater_Utility_Network_Expanded,StructureBoundary,401,BMP Boundary,10,Media Filter
stormwater,Stormwater_Utility_Network_Expanded,StructureBoundary,401,BMP Boundary,26,Pervious Pavement
stormwater,Stormwater_Utility_Network_Expanded,StructureBoundary,401,BMP Boundary,30,Retention Basin
stormwater,Stormwater_Utility_Network_Expanded,StructureBoundary,401,BMP Boundary,27,Sediment Trap
stormwater,Stormwater_Utility_Network_Expanded,StructureBoundary,401,BMP Boundary,28,Settling Basin
stormwater,Stormwater_Utility_Network_Expanded,StructureBoundary,401,BMP Boundary,6,Treatment Vault
stormwater,Stormwater_Utility_Network_Expanded,StructureBoundary,401,BMP Boundary,0,Unknown
stormwater,Stormwater_Utility_Network_Expanded,StructureBoundary,401,BMP Boundary,7,Wet Basin
stormwater,Stormwater_Utility_Network_Expanded,StructureBoundary,404,Storm Lift Station Boundary,42,Lift Station
stormwater,Stormwater_Utility_Network_Expanded,StructureBoundary,404,Storm Lift Station Boundary,0,Unknown
stormwater,Stormwater_Utility_Network_Essentials,StructureBoundary,0,Unknown,0,Unknown
stormwater,Stormwater_Utility_Network_Essentials,StructureEdgeObject,0,Unknown,0,Unknown
stormwater,Stormwater_Utility_Network_Expanded,StructureJunction,208,Sewer Storm Vault,9,Manhole
stormwater,Stormwater_Utility_Network_Expanded,StructureJunction,208,Sewer Storm Vault,0,Unknown
stormwater,Stormwater_Utility_Network_Essentials,StructureJunction,0,Unknown,0,Unknown
stormwater,Stormwater_Utility_Network_Essentials,StructureJunctionObject,0,Unknown,0,Unknown
stormwater,Stormwater_Utility_Network_Essentials,StructureLine,0,Unknown,0,Unknown
water,Water_Utility_Network_Expanded,StructureBoundary,2,Pipe Vault,0,Unknown
water,Water_Utility_Network_Expanded,StructureBoundary,2,Pipe Vault,201,Vault
water,Water_Utility_Network_Essentials,StructureBoundary,0,Unknown,0,Unknown
water,Water_Utility_Network_Expanded,StructureBoundary,505,Water Pump Station Boundary,42,Booster Station
water,Water_Utility_Network_Expanded,StructureBoundary,505,Water Pump Station Boundary,41,Pump Station
water,Water_Utility_Network_Expanded,StructureBoundary,505,Water Pump Station Boundary,0,Unknown
water,Water_Utility_Network_Expanded,StructureBoundary,503,Water Storage Boundary,6,Hydropneumatic Tank
water,Water_Utility_Network_Expanded,StructureBoundary,503,Water Storage Boundary,1,Reservoir
water,Water_Utility_Network_Expanded,StructureBoundary,503,Water Storage Boundary,2,Retention Area
water,Water_Utility_Network_Expanded,StructureBoundary,503,Water Storage Boundary,3,Storage Tank
water,Water_Utility_Network_Expanded,StructureBoundary,503,Water Storage Boundary,5,Surge Tank
water,Water_Utility_Network_Expanded,StructureBoundary,503,Water Storage Boundary,4,Tower
water,Water_Utility_Network_Expanded,StructureBoundary,503,Water Storage Boundary,0,Unknown
water,Water_Utility_Network_Expanded,StructureBoundary,507,Water Supply Boundary,83,Interconnect
water,Water_Utility_Network_Expanded,StructureBoundary,507,Water Supply Boundary,81,Treatment Plant
water,Water_Utility_Network_Expanded,StructureBoundary,507,Water Supply Boundary,0,Unknown
water,Water_Utility_Network_Expanded,StructureBoundary,507,Water Supply Boundary,82,Well
water,Water_Utility_Network_Essentials,StructureEdgeObject,0,Unknown,0,Unknown
water,Water_Utility_Network_Expanded,StructureJunction,10,Pipe Access Point,232,Door
water,Water_Utility_Network_Expanded,StructureJunction,10,Pipe Access Point,233,Grate
water,Water_Utility_Network_Expanded,StructureJunction,10,Pipe Access Point,234,Hand Hole
water,Water_Utility_Network_Expanded,StructureJunction,10,Pipe Access Point,235,Lid
water,Water_Utility_Network_Expanded,StructureJunction,10,Pipe Access Point,231,Manhole Cover
water,Water_Utility_Network_Expanded,StructureJunction,10,Pipe Access Point,0,Unknown
water,Water_Utility_Network_Expanded,StructureJunction,2,Pipe Anchor,41,Anchor
water,Water_Utility_Network_Expanded,StructureJunction,2,Pipe Anchor,0,Unknown
water,Water_Utility_Network_Expanded,StructureJunction,7,Pipe Box,67,Blow Off
water,Water_Utility_Network_Expanded,StructureJunction,7,Pipe Box,61,Curb Box
water,Water_Utility_Network_Expanded,StructureJunction,7,Pipe Box,62,Curb Box with Stationary Rod
water,Water_Utility_Network_Expanded,StructureJunction,7,Pipe Box,65,Meter Box
water,Water_Utility_Network_Expanded,StructureJunction,7,Pipe Box,63,Roadway
water,Water_Utility_Network_Expanded,StructureJunction,7,Pipe Box,0,Unknown
water,Water_Utility_Network_Essentials,StructureJunction,7,Pipe Box,64,Valve Box
water,Water_Utility_Network_Expanded,StructureJunction,4,Pipe Hanger,121,Constant Spring
water,Water_Utility_Network_Expanded,StructureJunction,4,Pipe Hanger,122,Rigid
water,Water_Utility_Network_Expanded,StructureJunction,4,Pipe Hanger,0,Unknown
water,Water_Utility_Network_Expanded,StructureJunction,4,Pipe Hanger,123,Variable Spring
water,Water_Utility_Network_Expanded,StructureJunction,3,Pipe Support,81,Pipe Stand
water,Water_Utility_Network_Expanded,StructureJunction,3,Pipe Support,82,Roller
water,Water_Utility_Network_Expanded,StructureJunction,3,Pipe Support,0,Unknown
water,Water_Utility_Network_Expanded,StructureJunction,6,Pipe Vault,202,Air Release
water,Water_Utility_Network_Expanded,StructureJunction,6,Pipe Vault,203,Manhole
water,Water_Utility_Network_Expanded,StructureJunction,6,Pipe Vault,0,Unknown
water,Water_Utility_Network_Essentials,StructureJunction,6,Pipe Vault,201,Vault
water,Water_Utility_Network_Essentials,StructureJunction,0,Unknown,0,Unknown
water,Water_Utility_Network_Essentials,StructureJunctionObject,0,Unknown,0,Unknown
water,Water_Utility_Network_Essentials,StructureLine,1,Pipe Casing,1,Casing
water,Water_Utility_Network_Expanded,StructureLine,1,Pipe Casing,0,Unknown
water,Water_Utility_Network_Essentials,StructureLine,0,Unknown,0,Unknown
water,Water_Utility_Network_Expanded,WaterAssembly,9,Air Vacuum and Air Release,201,Air Vacuum and Air Release
water,Water_Utility_Network_Expanded,WaterAssembly,9,Air Vacuum and Air Release,0,Unknown
water,Water_Utility_Network_Expanded,WaterAssembly,3,Backflow,1,Double Check Detector
water,Water_Utility_Network_Expanded,WaterAssembly,3,Backflow,2,Double Check Valve
water,Water_Utility_Network_Expanded,WaterAssembly,3,Backflow,3,Reduced Pressure Detector
water,Water_Utility_Network_Expanded,WaterAssembly,3,Backflow,4,Reduced Pressure Zone
water,Water_Utility_Network_Expanded,WaterAssembly,3,Backflow,0,Unknown
water,Water_Utility_Network_Expanded,WaterAssembly,5,Blow Off,41,Automatic
water,Water_Utility_Network_Expanded,WaterAssembly,5,Blow Off,42,Manual
water,Water_Utility_Network_Expanded,WaterAssembly,5,Blow Off,0,Unknown
water,Water_Utility_Network_Expanded,WaterAssembly,7,Horizontal Valve,121,Operator Nut
water,Water_Utility_Network_Expanded,WaterAssembly,7,Horizontal Valve,122,Operator Nut and Bypass Valve
water,Water_Utility_Network_Expanded,WaterAssembly,7,Horizontal Valve,0,Unknown
water,Water_Utility_Network_Expanded,WaterAssembly,10,Hydrant,241,Fire Hydrant
water,Water_Utility_Network_Expanded,WaterAssembly,10,Hydrant,0,Unknown
water,Water_Utility_Network_Expanded,WaterAssembly,6,Meter Station,81,Meter Station
water,Water_Utility_Network_Expanded,WaterAssembly,6,Meter Station,0,Unknown
water,Water_Utility_Network_Expanded,WaterAssembly,8,Pressure Reducing Station,161,Pressure Reducing Station
water,Water_Utility_Network_Expanded,WaterAssembly,8,Pressure Reducing Station,0,Unknown
water,Water_Utility_Network_Essentials,WaterAssembly,0,Unknown,0,Unknown
water,Water_Utility_Network_Expanded,WaterDevice,50,Anode,902,Galvanic
water,Water_Utility_Network_Expanded,WaterDevice,50,Anode,901,ICCP
water,Water_Utility_Network_Expanded,WaterDevice,50,Anode,0,Unknown
water,Water_Utility_Network_Expanded,WaterDevice,18,Controller,121,Bypass Valve
water,Water_Utility_Network_Expanded,WaterDevice,18,Controller,122,Operator Nut
water,Water_Utility_Network_Expanded,WaterDevice,18,Controller,123,Post Indicator Valve
water,Water_Utility_Network_Expanded,WaterDevice,18,Controller,0,Unknown
water,Water_Utility_Network_Expanded,WaterDevice,17,Filter,81,Strainer
water,Water_Utility_Network_Expanded,WaterDevice,17,Filter,0,Unknown
water,Water_Utility_Network_Expanded,WaterDevice,7,Fire Hydrant,321,Fire Hydrant
water,Water_Utility_Network_Expanded,WaterDevice,7,Fire Hydrant,0,Unknown
water,Water_Utility_Network_Expanded,WaterDevice,1,Flow Valve,1,Air Gap
water,Water_Utility_Network_Essentials,WaterDevice,1,Flow Valve,2,Altitude
water,Water_Utility_Network_Essentials,WaterDevice,1,Flow Valve,3,Check
water,Water_Utility_Network_Expanded,WaterDevice,1,Flow Valve,0,Unknown
water,Water_Utility_Network_Essentials,WaterDevice,9,Flushing and Blow Off,361,Automatic Flushing
water,Water_Utility_Network_Essentials,WaterDevice,9,Flushing and Blow Off,365,Blow Off
water,Water_Utility_Network_Expanded,WaterDevice,9,Flushing and Blow Off,362,Fire Plug Valve
water,Water_Utility_Network_Expanded,WaterDevice,9,Flushing and Blow Off,363,Hydrant
water,Water_Utility_Network_Expanded,WaterDevice,9,Flushing and Blow Off,364,Post Hydrant
water,Water_Utility_Network_Expanded,WaterDevice,9,Flushing and Blow Off,0,Unknown
water,Water_Utility_Network_Expanded,WaterDevice,53,Groundbed,911,Anode Bed
water,Water_Utility_Network_Expanded,WaterDevice,53,Groundbed,0,Unknown
water,Water_Utility_Network_Essentials,WaterDevice,7,Hydrant,321,Hydrant
water,Water_Utility_Network_Expanded,WaterDevice,19,Injection Facility,401,Chlorination
water,Water_Utility_Network_Expanded,WaterDevice,19,Injection Facility,402,Fluoridation
water,Water_Utility_Network_Expanded,WaterDevice,19,Injection Facility,0,Unknown
water,Water_Utility_Network_Essentials,WaterDevice,25,Intake,605,Intake
water,Water_Utility_Network_Expanded,WaterDevice,25,Intake,0,Unknown
water,Water_Utility_Network_Essentials,WaterDevice,24,Interconnect,603,Interconnect
water,Water_Utility_Network_Expanded,WaterDevice,24,Interconnect,0,Unknown
water,Water_Utility_Network_Expanded,WaterDevice,11,Monitoring,24,Detection Meter
water,Water_Utility_Network_Expanded,WaterDevice,11,Monitoring,21,Observation Well
water,Water_Utility_Network_Expanded,WaterDevice,11,Monitoring,22,Pressure Sensor
water,Water_Utility_Network_Expanded,WaterDevice,11,Monitoring,23,Temperature Sensor
water,Water_Utility_Network_Expanded,WaterDevice,11,Monitoring,0,Unknown
water,Water_Utility_Network_Expanded,WaterDevice,8,Outlet,641,Outlet
water,Water_Utility_Network_Expanded,WaterDevice,8,Outlet,0,Unknown
water,Water_Utility_Network_Expanded,WaterDevice,8,Outlet,642,Yard Hydrant
water,Water_Utility_Network_Expanded,WaterDevice,3,Pressure Valve,201,Air and Vacuum
water,Water_Utility_Network_Expanded,WaterDevice,3,Pressure Valve,202,Air Release
water,Water_Utility_Network_Expanded,WaterDevice,3,Pressure Valve,203,Combination Air
water,Water_Utility_Network_Expanded,WaterDevice,3,Pressure Valve,204,Pressure Limiting
water,Water_Utility_Network_Essentials,WaterDevice,3,Pressure Valve,205,Pressure Reducing
water,Water_Utility_Network_Expanded,WaterDevice,3,Pressure Valve,206,Pressure Release
water,Water_Utility_Network_Expanded,WaterDevice,3,Pressure Valve,207,Pressure Sustaining
water,Water_Utility_Network_Expanded,WaterDevice,3,Pressure Valve,208,Surge
water,Water_Utility_Network_Expanded,WaterDevice,3,Pressure Valve,0,Unknown
water,Water_Utility_Network_Expanded,WaterDevice,5,Pump,281,Booster
water,Water_Utility_Network_Expanded,WaterDevice,5,Pump,282,Chemical
water,Water_Utility_Network_Expanded,WaterDevice,5,Pump,283,Primary
water,Water_Utility_Network_Expanded,WaterDevice,5,Pump,0,Unknown
water,Water_Utility_Network_Expanded,WaterDevice,51,Rectifier,941,Rectifier
water,Water_Utility_Network_Expanded,WaterDevice,51,Rectifier,0,Unknown
water,Water_Utility_Network_Essentials,WaterDevice,22,Sampling,1,Sampling Station
water,Water_Utility_Network_Essentials,WaterDevice,12,Service Connection,61,Commercial
water,Water_Utility_Network_Essentials,WaterDevice,12,Service Connection,62,Fire
water,Water_Utility_Network_Essentials,WaterDevice,12,Service Connection,63,Industrial
water,Water_Utility_Network_Essentials,WaterDevice,12,Service Connection,64,Irrigation
water,Water_Utility_Network_Essentials,WaterDevice,12,Service Connection,65,Residential
water,Water_Utility_Network_Expanded,WaterDevice,12,Service Connection,0,Unknown
water,Water_Utility_Network_Expanded,WaterDevice,10,Service Meter,42,Commercial
water,Water_Utility_Network_Expanded,WaterDevice,10,Service Meter,50,Fire
water,Water_Utility_Network_Expanded,WaterDevice,10,Service Meter,45,Industrial
water,Water_Utility_Network_Expanded,WaterDevice,10,Service Meter,49,Irrigation
water,Water_Utility_Network_Expanded,WaterDevice,10,Service Meter,48,Residential
water,Water_Utility_Network_Expanded,WaterDevice,10,Service Meter,0,Unknown
water,Water_Utility_Network_Essentials,WaterDevice,6,Service Valve,161,Backflow Valve
water,Water_Utility_Network_Expanded,WaterDevice,6,Service Valve,161,Blow Off
water,Water_Utility_Network_Expanded,WaterDevice,6,Service Valve,177,Flap
water,Water_Utility_Network_Expanded,WaterDevice,6,Service Valve,164,Hydrant
water,Water_Utility_Network_Expanded,WaterDevice,6,Service Valve,174,Purge
water,Water_Utility_Network_Expanded,WaterDevice,6,Service Valve,171,Sampling
water,Water_Utility_Network_Expanded,WaterDevice,6,Service Valve,176,Service
water,Water_Utility_Network_Essentials,WaterDevice,6,Service Valve,176,Service Valve
water,Water_Utility_Network_Expanded,WaterDevice,6,Service Valve,0,Unknown
water,Water_Utility_Network_Essentials,WaterDevice,4,Station,242,Pump Station
water,Water_Utility_Network_Expanded,WaterDevice,4,Station,241,Sample Station
water,Water_Utility_Network_Expanded,WaterDevice,4,Station,0,Unknown
water,Water_Utility_Network_Expanded,WaterDevice,20,Storage,566,Hydropneumatic Tank
water,Water_Utility_Network_Essentials,WaterDevice,20,Storage,561,Reservoir
water,Water_Utility_Network_Expanded,WaterDevice,20,Storage,562,Standpipe
water,Water_Utility_Network_Expanded,WaterDevice,20,Storage,563,Storage Tank
water,Water_Utility_Network_Expanded,WaterDevice,20,Storage,565,Surge Tank
water,Water_Utility_Network_Essentials,WaterDevice,20,Storage,563,Tank
water,Water_Utility_Network_Expanded,WaterDevice,20,Storage,564,Tower
water,Water_Utility_Network_Expanded,WaterDevice,20,Storage,0,Unknown
water,Water_Utility_Network_Essentials,WaterDevice,13,System Meter,41,Bulk
water,Water_Utility_Network_Expanded,WaterDevice,13,System Meter,43,DMA
water,Water_Utility_Network_Expanded,WaterDevice,13,System Meter,44,Emergency Connection
water,Water_Utility_Network_Expanded,WaterDevice,13,System Meter,47,Pump Station
water,Water_Utility_Network_Expanded,WaterDevice,13,System Meter,0,Unknown
water,Water_Utility_Network_Expanded,WaterDevice,2,System Valve,173,Bypass
water,Water_Utility_Network_Expanded,WaterDevice,2,System Valve,167,Isolation Zone
water,Water_Utility_Network_Expanded,WaterDevice,2,System Valve,172,Pressure Zone
water,Water_Utility_Network_Expanded,WaterDevice,2,System Valve,169,Supply
water,Water_Utility_Network_Expanded,WaterDevice,2,System Valve,170,System
water,Water_Utility_Network_Essentials,WaterDevice,2,System Valve,170,System Valve
water,Water_Utility_Network_Expanded,WaterDevice,2,System Valve,0,Unknown
water,Water_Utility_Network_Expanded,WaterDevice,52,Test Point,981,Test Point
water,Water_Utility_Network_Expanded,WaterDevice,52,Test Point,0,Unknown
water,Water_Utility_Network_Essentials,WaterDevice,23,Treatment Plant,601,Treatment Plant
water,Water_Utility_Network_Expanded,WaterDevice,23,Treatment Plant,0,Unknown
water,Water_Utility_Network_Essentials,WaterDevice,0,Unknown,0,Unknown
water,Water_Utility_Network_Expanded,WaterDevice,21,Well,0,Unknown
water,Water_Utility_Network_Essentials,WaterDevice,21,Well,604,Well
water,Water_Utility_Network_Essentials,WaterEdgeObject,0,Unknown,0,Unknown
water,Water_Utility_Network_Essentials,WaterJunction,20,Fitting,61,Clamp
water,Water_Utility_Network_Essentials,WaterJunction,20,Fitting,41,Corporation Stop
water,Water_Utility_Network_Essentials,WaterJunction,20,Fitting,42,Coupling
water,Water_Utility_Network_Essentials,WaterJunction,20,Fitting,43,Cross
water,Water_Utility_Network_Essentials,WaterJunction,20,Fitting,44,Elbow
water,Water_Utility_Network_Essentials,WaterJunction,20,Fitting,45,End Cap
water,Water_Utility_Network_Essentials,WaterJunction,20,Fitting,46,Expansion Joint
water,Water_Utility_Network_Essentials,WaterJunction,20,Fitting,47,Flange
water,Water_Utility_Network_Essentials,WaterJunction,20,Fitting,48,Plug
water,Water_Utility_Network_Essentials,WaterJunction,20,Fitting,49,Reducer
water,Water_Utility_Network_Essentials,WaterJunction,20,Fitting,50,Reducing Cross
water,Water_Utility_Network_Essentials,WaterJunction,20,Fitting,51,Reducing Tee
water,Water_Utility_Network_Essentials,WaterJunction,20,Fitting,52,Saddle
water,Water_Utility_Network_Essentials,WaterJunction,20,Fitting,53,Screw
water,Water_Utility_Network_Essentials,WaterJunction,20,Fitting,54,Sleeve
water,Water_Utility_Network_Essentials,WaterJunction,20,Fitting,55,Tap
water,Water_Utility_Network_Essentials,WaterJunction,20,Fitting,56,Tapping Saddle
water,Water_Utility_Network_Essentials,WaterJunction,20,Fitting,62,Tapping Sleeve
water,Water_Utility_Network_Essentials,WaterJunction,20,Fitting,57,Tee
water,Water_Utility_Network_Essentials,WaterJunction,20,Fitting,58,Transition
water,Water_Utility_Network_Expanded,WaterJunction,20,Fitting,0,Unknown
water,Water_Utility_Network_Essentials,WaterJunction,20,Fitting,59,Weld
water,Water_Utility_Network_Essentials,WaterJunction,20,Fitting,60,Wye
water,Water_Utility_Network_Expanded,WaterJunction,51,Insulation Junction,941,Flange Insert
water,Water_Utility_Network_Expanded,WaterJunction,51,Insulation Junction,0,Unknown
water,Water_Utility_Network_Essentials,WaterJunction,0,Unknown,0,Unknown
water,Water_Utility_Network_Expanded,WaterJunction,50,Wire Junction,901,Bond Junction
water,Water_Utility_Network_Expanded,WaterJunction,50,Wire Junction,902,Test Lead
water,Water_Utility_Network_Expanded,WaterJunction,50,Wire Junction,0,Unknown
water,Water_Utility_Network_Essentials,WaterJunctionObject,1,Pump,1,Pump
water,Water_Utility_Network_Expanded,WaterJunctionObject,1,Pump,0,Unknown
water,Water_Utility_Network_Essentials,WaterJunctionObject,2,Service Meter,1,Service Meter
water,Water_Utility_Network_Expanded,WaterJunctionObject,2,Service Meter,0,Unknown
water,Water_Utility_Network_Essentials,WaterJunctionObject,0,Unknown,0,Unknown
water,Water_Utility_Network_Expanded,WaterLine,50,Bonding Line,942,Strap
water,Water_Utility_Network_Expanded,WaterLine,50,Bonding Line,0,Unknown
water,Water_Utility_Network_Expanded,WaterLine,50,Bonding Line,941,Wire
water,Water_Utility_Network_Expanded,WaterLine,52,Rectifier Cable,961,Rectifier Cable
water,Water_Utility_Network_Expanded,WaterLine,52,Rectifier Cable,0,Unknown
water,Water_Utility_Network_Expanded,WaterLine,2,Service,19,Air and Vacuum Service
water,Water_Utility_Network_Expanded,WaterLine,2,Service,18,Blow Off Service
water,Water_Utility_Network_Expanded,WaterLine,2,Service,12,Commercial Service
water,Water_Utility_Network_Expanded,WaterLine,2,Service,14,Fire Service
water,Water_Utility_Network_Expanded,WaterLine,2,Service,15,Hydrant Service
water,Water_Utility_Network_Expanded,WaterLine,2,Service,13,Industrial Service
water,Water_Utility_Network_Expanded,WaterLine,2,Service,16,Irrigation Service
water,Water_Utility_Network_Expanded,WaterLine,2,Service,11,Residential Service
water,Water_Utility_Network_Expanded,WaterLine,2,Service,17,Sampling Service
water,Water_Utility_Network_Expanded,WaterLine,2,Service,0,Unknown
water,Water_Utility_Network_Essentials,WaterLine,2,Service Line,11,Service Line
water,Water_Utility_Network_Expanded,WaterLine,51,Test Lead Wire,901,Aqua
water,Water_Utility_Network_Expanded,WaterLine,51,Test Lead Wire,902,Blue
water,Water_Utility_Network_Expanded,WaterLine,51,Test Lead Wire,903,Forest
water,Water_Utility_Network_Expanded,WaterLine,51,Test Lead Wire,904,Green
water,Water_Utility_Network_Expanded,WaterLine,51,Test Lead Wire,905,Lavender
water,Water_Utility_Network_Expanded,WaterLine,51,Test Lead Wire,906,Orange
water,Water_Utility_Network_Expanded,WaterLine,51,Test Lead Wire,907,Pink
water,Water_Utility_Network_Expanded,WaterLine,51,Test Lead Wire,910,Purple
water,Water_Utility_Network_Expanded,WaterLine,51,Test Lead Wire,908,Red
water,Water_Utility_Network_Expanded,WaterLine,51,Test Lead Wire,0,Unknown
water,Water_Utility_Network_Expanded,WaterLine,51,Test Lead Wire,909,Yellow
water,Water_Utility_Network_Essentials,WaterLine,0,Unknown,0,Unknown
water,Water_Utility_Network_Essentials,WaterLine,1,Water Main,2,Distribution Main
water,Water_Utility_Network_Expanded,WaterLine,1,Water Main,4,Drain
water,Water_Utility_Network_Expanded,WaterLine,1,Water Main,5,Overflow
water,Water_Utility_Network_Expanded,WaterLine,1,Water Main,3,Production
water,Water_Utility_Network_Essentials,WaterLine,1,Water Main,1,Transmission Main
water,Water_Utility_Network_Expanded,WaterLine,1,Water Main,0,Unknown
